SRA_run_accession,count
ERR590734,37578
SRR7292744,169797
SRR10125999,35061
ERR1215531,40
SRR9198699,59289
SRR10126016,26402
ERR960777,410
ERR1252101,15522
SRR11303055,62
ERR1099530,143688
SRR959324,60457
SRR10151626,46260
SRR17547506,29030
SRR1062762,122406
ERR1395888,786
ERR569541,1088
ERR1216631,79260
ERR2154743,34190
ERR667391,28150
ERR1374583,7110
ERR1415039,566
ERR1475493,16424
ERR959044,5030
ERR853668,67566
SRR14213388,64761
ERR1204592,145260
SRR12338629,138424
ERR1395911,57370
ERR1374796,3686
SRR6250027,64860
SRR10887579,165624
ERR959541,2642
SRR6289646,196816
ERR1816511,20612
ERR697943,44744
SRR6956077,165452
ERR737758,92858
SRR8928852,5130
SRR7662138,15944
ERR1216064,135580
ERR582922,1410
SRR6469133,74802
SRR5810857,1116
ERR1216634,105184
SRR6654327,26877
SRR6268067,51410
ERR959249,26036
SRR1062716,20653
SRR5809464,99108
ERR853503,47436
ERR1204641,129968
SRR516124,107086
ERR1216125,111994
SRR11302360,184
DRR162515,32318
SRR9198974,4403
ERR1215680,62
ERR2723825,54026
SRR11303107,44
ERR1414871,37666
ERR1252265,18312
ERR659820,53326
SRR6654750,13211
SRR10974037,59134
SRR6468971,65982
ERR1415439,97832
ERR1216538,108510
ERR1414949,35070
SRR1872577,56
ERR2723432,39250
ERR998294,14890
SRR9875056,39586
ERR1442677,13590
SRR16195504,132616
SRR7661994,34585
SRR6469604,167114
ERR1757538,16558
SRR1062702,19699
SRR6654814,22166
SRR10948888,114816
ERR1216373,78158
ERR960754,74298
ERR960282,4066
SRR6451494,18003
ERR959814,2610
ERR1475713,31318
ERR657583,520
SRR5443698,52043
SRR6469391,38668
SRR12037481,17467
ERR1216664,19946
SRR6908631,16254
ERR949655,111028
SRR1872570,56
ERR2723937,38664
ERR657606,82432
ERR1888713,6786
ERR1205103,694
ERR1892036,10534
SRR16299415,19064
SRR5810754,874
ERR1431977,43192
ERR984496,1680
SRR9198939,47686
SRR1062713,19508
ERR1395896,37122
SRR6654274,50211
SRR16298931,15752
SRR6655013,9127
ERR959140,4336
ERR1374459,4110
SRR10126010,121156
SRR1872967,8566
ERR1205126,1542
SRR6661149,142308
ERR959872,2430
SRR10126110,19212
ERR959157,10212
SRR8106598,17718
SRR8883856,154446
SRR7268908,100972
SRR1872096,43254
ERR959881,7584
SRR12661754,115252
ERR1397055,42412
SRR14923961,116433
SRR5921074,138691
ERR1426849,144618
SRR11577276,73633
SRR11801326,118408
ERR659823,61570
SRR7699140,218051
ERR659814,67780
SRR8106298,233806
ERR1889023,139436
ERR854853,243764
SRR22558349,111194
SRR5120134,68067
ERR1216143,98510
ERR2723467,174162
SRR3228720,231652
ERR1069063,269606
ERR1122713,174676
ERR716863,223646
SRR10070573,194158
ERR1204327,176706
SRR11427238,123856
ERR1108772,225122
SRR11427417,292458
SRR3932194,200288
SRR16573984,272914
SRR5683305,282206
SRR8133152,160568
SRR8417669,277713
SRR18042678,190444
ERR1218343,229756
SRR14867550,175628
ERR1888758,193650
SRR13115076,383432
ERR1426794,197742
SRR11427282,340076
ERR7132854,358862
ERR871314,302502
SRR10040113,200028
SRR8106333,497422
SRR10040116,266850
SRR10887434,610142
SRR7236670,425130
ERR2723352,210112
SRR14428585,360628
ERR1759699,486301
SRR12774373,355433
SRR3581669,495297
ERR1124876,399614
SRR11427460,446692
SRR5605443,403782
SRR10204643,735716
SRR11302323,146
ERR1427404,498386
SRR5893134,27312
ERR1215911,546
SRR17499140,658351
ERR960131,2256
SRR17745567,6156
SRR18192315,373844
SRR8298687,402030
ERR960781,4802
SRR1872256,42198
SRR6469315,35832
ERR667591,23372
ERR1442575,13700
ERR1730528,23238
ERR1414947,35344
ERR853787,36836
ERR667624,46814
SRR6469056,85764
SRR1736700,77509
ERR1125079,423502
ERR5056251,80583
SRR6469766,153682
SRR14217644,105749
SRR13450061,104869
SRR13181526,416882
ERR5017657,211543
SRR18837606,350841
SRR11302745,93
SRR8888287,563862
SRR16298994,13037
ERR582900,180
ERR968092,370
ERR202619,506
SRR6908636,4652
ERR871557,146
SRR9198832,13282
SRR9198663,6191
ERR1757449,10966
ERR925772,234
SRR10990390,444616
ERR1442729,16832
ERR1251992,23666
SRR5125782,975072
SRR1872927,33896
SRR13646730,431336
ERR960989,6
ERR1108151,270272
ERR960825,910
SRR13234639,20621
ERR525423,40858
SRR12661564,73320
SRR5893113,148150
ERR1414861,52148
SRR10010386,150566
SRR10973997,60454
ERR1757473,22232
ERR1374688,14158
ERR960185,3544
ERR667368,41178
SRR1062621,17798
ERR670993,73064
ERR1889736,59790
SRR7410377,176246
SRR11427469,277848
ERR963208,304
SRR1062506,23683
ERR4973561,47502
ERR960894,12168
SRR1062725,19526
ERR657562,99168
SRR10887576,36576
SRR3923673,105572
ERR1442723,17216
ERR1757673,25398
ERR960707,101362
ERR998258,48508
ERR1889547,35308
ERR1730540,23378
SRR10126188,22812
SRR13938385,92906
ERR960140,1314
ERR871456,124688
ERR517963,63216
SRR12436793,99808
SRR5810795,94
ERR960855,4226
SRR6654773,18145
SRR3381874,140682
ERR1757544,23774
SRR12141839,79345
SRR942773,103782
SRR3536538,98446
SRR5810849,114
SRR6289701,83280
SRR11302708,57
SRR5382024,112393
ERR1408800,99328
ERR1415454,114170
ERR871356,278
SRR11302877,141
ERR1416031,28986
ERR1821851,23776
ERR1426806,149520
SRR14883464,140398
ERR1215742,42
SRR11302365,198
SRR7662099,15628
SRR6654668,20160
SRR10974137,59598
SRR1872841,4756
DRR075401,123703
ERR2723613,79424
ERR1442597,14970
SRR5879408,62234
SRR8135921,86698
ERR780033,244222
SRR6655337,5267
ERR3446753,66438
SRR3987430,581108
ERR1730659,12198
SRR8106354,206042
ERR1215586,174226
ERR1414869,39020
SRR18192310,122246
SRR9312996,97518
ERR1099535,131170
SRR12287400,9481
ERR1215719,126
SRR7268945,152896
ERR1215732,188726
SRR13074809,25841
SRR6250049,123362
ERR1108821,150840
SRR3381832,157656
SRR10040079,692172
SRR13437208,137910
ERR1889804,105656
SRR10070538,765078
SRR14376448,263632
SRR11303250,1129
SRR8383262,7236
ERR1889101,191366
SRR1871978,46
SRR7892031,20430
ERR2723624,69920
ERR1215518,224426
ERR960852,3756
ERR1204391,197280
SRR12287375,198835
SRR8106400,43550
ERR1205238,66
ERR1889037,70740
ERR525405,141008
SRR11107234,167828
ERR1888746,147686
ERR1218311,199000
SRR15831137,404526
SRR13938379,169062
SRR8526617,167468
ERR1124695,187970
SRR6908656,416932
ERR1216146,100728
ERR999456,222
SRR1872947,20776
SRR3381808,237030
SRR6469625,103036
SRR6468901,65476
SRR6469363,62564
ERR853614,39784
SRR10511893,159232
ERR1889227,277828
SRR5921107,180013
ERR1216074,92800
ERR4648695,90706
SRR11303236,1047
SRR6261601,181543
ERR1621426,66370
ERR853537,44354
SRR13339166,152072
SRR10974093,64380
SRR14272170,105199
ERR1692526,55260
ERR273892,82572
ERR959919,1008
SRR13181571,608202
ERR853598,37616
ERR871548,366086
ERR411511,41268
SRR14217613,110340
SRR11874807,78860
ERR1892083,100330
ERR659767,102008
ERR854808,223238
SRR20363962,606254
SRR20869093,62387
SRR10070686,179230
SRR3932181,254262
SRR7410353,197180
ERR2723835,96002
ERR1889714,291380
SRR11214436,620296
ERR1108022,182452
ERR1426793,100674
ERR1757691,15672
ERR999390,37886
ERR958809,12316
SRR8106431,43272
SRR12191838,221582
ERR830332,258190
ERR1415027,130
SRR9198827,5427
SRR6908717,23942
ERR659926,84236
ERR958941,21056
ERR1204644,126210
SRR5593161,51647
ERR1252158,15952
SRR5418454,6782
ERR657609,112502
SRR6469138,105172
SRR6469241,103986
SRR7410361,125106
SRR16195473,48840
ERR999236,66686
SRR1062419,26244
ERR1821747,22706
SRR7268965,199482
ERR1415022,50936
SRR15600934,208208
SRR2138295,108272
SRR10887539,507700
ERR1397063,1198
ERR1124442,104368
SRR5810816,2064
SRR17400047,183010
ERR960902,222
ERR1889681,82214
ERR1442813,17124
SRR1062390,112774
SRR16768268,288622
SRR19641869,918228
ERR1203503,305876
ERR1124963,271988
ERR871374,172
ERR590799,23690
ERR1889381,233716
SRR17968063,422660
SRR10887549,67570
SRR8928894,33072
SRR8587726,711718
SRR14703449,38736
ERR1124619,441614
SRR12436833,120948
ERR998395,34000
ERR5236194,217676
SRR13559188,201266
SRR10511885,153721
SRR14999370,205598
ERR1124435,235536
ERR1396858,6554
SRR2177447,73004
ERR1475604,20962
SRR1062534,34669
SRR11302314,141
ERR1889506,1922
SRR8106697,22770
SRR4342171,50481
ERR960979,254
ERR960242,21472
SRR10126286,23989
ERR1889328,346504
ERR659965,65698
SRR1872743,13362
ERR1124429,298834
ERR1205097,482
SRR7801964,233175
ERR1397052,27470
SRR18296197,178606
SRR5810907,662
ERR1889243,143842
SRR8811919,60341
SRR1062275,19353
SRR2750989,325986
SRR8552557,59865
SRR11519036,118329
ERR1620527,14
ERR1396933,180756
ERR1122660,311320
ERR3489850,406194
SRR6469600,131782
ERR1475563,36786
ERR1475736,30302
SRR10070748,274270
ERR1124810,572382
ERR1730657,18032
ERR657589,103268
ERR716867,230478
ERR1889646,110912
ERR853543,43688
ERR1108787,216294
ERR1410213,106956
SRR6268098,59140
ERR1125030,299262
SRR13234677,60342
ERR960936,116
ERR2723158,51086
SRR10974128,64016
ERR999211,45100
ERR1858056,27202
ERR1218321,179220
SRR22805214,1224380
SRR5378566,299876
ERR960787,850
SRR3985378,704480
SRR6655057,9135
SRR14930244,374680
SRR16647482,437036
SRR6655005,12037
SRR11302869,825
ERR737690,92364
ERR659908,102848
ERR1125063,591046
SRR2751043,318662
SRR11523563,264614
SRR13234633,192324
SRR10828014,892574
ERR667598,41800
SRR12964279,231340
SRR6654532,21460
SRR6654253,17915
SRR5809466,103986
ERR1099482,124830
ERR2723445,125408
SRR10126281,16863
ERR716926,112600
SRR5382061,74358
SRR17247904,266256
ERR1125087,490712
ERR1821616,21382
ERR1757605,31476
SRR18508139,455420
SRR10887513,23984
SRR1872440,28
ERR517850,75236
ERR1475566,57350
SRR11303198,225
SRR2087767,161686
ERR998118,128
SRR10126153,7527
SRR14679404,215426
SRR6654378,67979
ERR1414894,55472
ERR1124808,591186
ERR1289925,146732
SRR21228024,44508
ERR1122757,173684
SRR17530165,190242
SRR18296202,185812
SRR8787745,101351
SRR13269764,203240
ERR959692,2
SRR22129111,524032
SRR22525916,502106
SRR6327871,374458
SRR5443702,58195
SRR11590407,127342
ERR959929,4556
ERR1251910,13606
ERR1215539,211104
SRR12180096,294746
ERR958861,5968
SRR11427291,367416
ERR1397058,2624
SRR22747841,226602
SRR16299552,20431
SRR17219891,7920
SRR9849266,114708
SRR1062251,413170
SRR13181563,341268
ERR1621365,46064
SRR7535436,29125
ERR871472,230130
SRR6655330,4359
SRR6039672,391307
SRR7662058,49552
ERR1892039,86530
SRR10753254,7332
SRR10151977,66498
SRR7235514,704184
SRR6654282,46191
SRR15564531,229774
SRR6654850,4992
ERR2154782,31304
ERR1416124,58602
ERR853779,47100
ERR1442714,18816
ERR1757480,42396
SRR3381757,376134
ERR1857642,25854
ERR1415008,378
ERR755700,222086
SRR11302402,115
ERR582889,228
SRR3290612,314793
SRR11427366,482784
ERR1426774,179960
SRR22270155,162038
SRR12661762,35757
SRR20958394,294686
SRR12446292,708258
SRR11801327,139599
SRR22420219,281528
ERR3446731,57188
SRR6132687,134186
SRR5342777,724478
ERR659931,99696
SRR6176610,1913292
ERR1215765,108798
SRR17720623,173490
SRR5817915,2110873
SRR8137054,188536
ERR1431975,44450
SRR8706242,1364814
ERR718593,66456
SRR9198845,9526
SRR10974007,236068
ERR2723809,90568
SRR5921048,321660
SRR393004,54381
SRR17007612,381404
ERR1124813,357598
ERR716778,157384
SRR9198902,9640
SRR5127963,780021
ERR2146903,470544
ERR959408,1406
SRR1062356,116012
SRR3420388,1495674
ERR1122728,198460
ERR1888491,314770
ERR1621520,57208
SRR7410385,183974
SRR5485633,150314
ERR1416083,33140
SRR7240616,3624122
ERR1124878,482278
SRR11427255,441240
SRR10126317,9335
ERR958882,59552
ERR1857608,30854
SRR2020638,371773
ERR590772,51722
ERR1415130,63234
ERR1888154,133824
SRR2834978,75094
SRR14923969,179152
ERR4973559,46290
SRR8787801,65540
SRR6469851,2
ERR968096,910
ERR1889606,164202
ERR1397012,2438
ERR1857741,33166
SRR6250068,13012
SRR18516715,433028
ERR1374500,13340
ERR1730711,18920
SRR5125768,930462
SRR11427234,401128
SRR9875039,64552
ERR2146884,851188
SRR5084079,183299
SRR10887574,205400
SRR8244111,137980
SRR1872145,33986
SRR12464103,346988
SRR12786066,464294
SRR8788648,614314
ERR582930,634
SRR10126222,23781
SRR1821812,254380
SRR13724985,1693084
SRR7268954,160122
ERR960831,740
ERR1374453,3292
SRR6039688,344159
SRR15910177,221738
SRR10126261,10515
SRR5893061,690593
SRR10990421,746732
SRR11801337,137259
SRR11303306,202
SRR13716598,152210
SRR10862988,437876
SRR11585444,1186746
SRR6468988,64802
SRR8106544,37748
ERR1099465,107682
ERR960590,2988
SRR6469335,108202
SRR6654519,30536
SRR10272861,691906
SRR16298930,6190
SRR3083679,295780
SRR1872159,78378
ERR871492,312
ERR1621437,29454
SRR9850647,11869
SRR15236529,350162
SRR13181533,478956
ERR1124728,442408
ERR1889575,52766
SRR6250282,92142
SRR11302941,130
SRR578914,1324
SRR5341521,112067
ERR1108191,113704
ERR657593,101506
SRR4242439,179038
SRR5441897,864810
ERR780096,94244
SRR7882017,314688
SRR6176664,89782
ERR1124696,250346
SRR14217684,96722
ERR1888059,28754
SRR12661590,107732
SRR6469116,110384
ERR1124625,350370
SRR15831101,238198
SRR10863023,378528
SRR8526605,109880
SRR11293494,1115276
ERR968067,272
SRR13450062,93980
ERR1858080,26892
SRR11040643,207708
SRR6654893,11979
ERR960402,1674
ERR1252041,15248
SRR12661612,117517
SRR9198672,10994
ERR5005140,617954
ERR1620494,292978
SRR17282599,343609
SRR11869102,45178
ERR871368,204
SRR12193586,299778
ERR999297,94
ERR689822,68512
SRR13979044,99745
SRR1821843,319695
DRR162471,59378
SRR14428560,104190
ERR1099529,125400
ERR2723934,22670
ERR738270,97612
SRR10366887,376280
SRR10753231,13736
SRR16298998,24234
SRR6908614,27428
SRR11302395,100
ERR1374412,4210
SRR18837597,298786
SRR6469154,1061052
SRR6654874,13128
SRR1872185,36
ERR7131130,278484
ERR1414873,35570
ERR1889822,114730
ERR959238,2892
ERR1373670,61434
ERR3446754,66924
SRR9906820,250094
ERR1475556,36528
ERR998179,53938
SRR7905401,100612
SRR13979075,1850628
ERR1475511,39700
SRR17219937,9784
SRR11302549,90
SRR6469078,87330
ERR1889581,25756
ERR517866,83608
SRR12661820,93718
SRR10010395,76024
SRR9674234,115058
ERR830341,217834
ERR1415149,39226
SRR1872062,28732
SRR5810696,1262
SRR11214402,312049
SRR19638157,1208194
ERR10034111,522244
SRR15600953,100788
SRR9198714,20787
SRR1555596,4928
ERR998409,112
SRR6468740,29452
SRR13646772,358040
SRR1062309,20771
ERR1621459,54170
SRR9198854,10963
SRR6469557,149362
SRR12356856,318246
SRR12654002,314583
ERR517917,81446
SRR12197605,277650
ERR718607,92
SRR10126009,21976
SRR22747858,242104
SRR13360750,234104
SRR14233941,277070
SRR2180296,355091
ERR1216715,105082
ERR1414930,45786
SRR7089631,514722
SRR15813428,243405
ERR2304207,364628
DRR032739,231012
ERR2723297,181004
SRR9849268,543044
ERR999486,38546
ERR871453,278
ERR1889221,38222
ERR1888085,43386
ERR998428,39942
ERR697895,49750
ERR1757577,24710
SRR7662149,11298
ERR960357,1512
DRR162555,53900
ERR659945,147756
SRR18352693,15148
SRR11302598,267
ERR1889749,196920
SRR9077088,225278
SRR13979095,1420689
SRR3139107,763804
SRR5947670,69992
ERR667558,40420
SRR18192296,144842
SRR15691868,34982
ERR958939,28128
ERR926032,1948
ERR1216312,158584
ERR871379,130
SRR3231262,1999542
SRR13374846,226776
ERR1396912,152910
SRR1872590,62528
ERR2146905,1053696
ERR962965,188
ERR960654,10256
ERR517982,129604
SRR6908365,265692
SRR6411468,731946
SRR10344680,115661
ERR1122823,90386
SRR3381829,434868
ERR999295,140
ERR853727,47880
SRR7419832,8030
ERR1099542,173582
SRR7749223,13964
SRR7749232,14380
SRR6890868,30120
ERR2146925,303624
ERR1414875,16908
SRR5809465,95216
SRR6374789,636778
ERR1122722,108556
ERR667636,55906
SRR1062742,121703
SRR12774417,420033
SRR13970398,454756
ERR1621669,67876
ERR962959,35386
SRR14213384,70664
ERR1857612,31496
SRR12493013,112296
SRR6469533,110134
SRR6654319,12351
SRR7268886,101876
ERR1889496,190900
ERR517983,116696
SRR10753213,35476
ERR1416067,27898
SRR12194870,220552
ERR2723449,110866
SRR15663236,210946
ERR3842002,446506
ERR1414898,74128
SRR7883085,29740
SRR7886623,812256
SRR11486780,237982
SRR10070552,6390
SRR6250367,116838
ERR1857816,31524
SRR13297047,585802
SRR20869102,65285
SRR7891997,32806
SRR12614074,684936
ERR2154641,191352
ERR1821567,21178
ERR1373570,16152
SRR17604931,161997
SRR10151888,57260
SRR7886632,1233017
SRR5810720,140
ERR8058374,276444
SRR15626557,478944
SRR2239176,172882
SRR8106488,21586
ERR1757604,29752
ERR1427342,999466
SRR8928784,312230
ERR999300,90
ERR1205413,214436
ERR689867,100340
ERR1889819,110782
SRR6469595,143926
SRR5893089,6692
SRR10070605,108450
SRR1872726,14696
ERR1408774,192
ERR1124819,525992
ERR1124787,394220
ERR1888563,555992
ERR1251982,22622
SRR15813420,130047
SRR11302863,1099
SRR6654468,13024
SRR13238442,764392
SRR21675905,214256
ERR853460,59430
SRR6469530,237426
SRR8441462,291482
SRR11080796,313764
SRR14993681,309527
ERR2723836,310176
SRR12874634,137600
ERR2154764,13262
ERR2723863,27870
SRR8106444,41638
SRR13789076,834610
SRR7444113,570818
ERR1888072,340672
ERR1107873,208392
SRR9622312,109753
ERR959571,5706
SRR8883710,207366
ERR1203534,195108
ERR1407617,420
SRR11303375,126
SRR15927820,100634
ERR1821793,24452
ERR1821557,23068
SRR6908693,338444
SRR12045000,732920
SRR14993678,341844
ERR1415050,43580
SRR15600957,220756
ERR1620463,387722
SRR6654299,24695
SRR3228709,188139
ERR1821642,21624
ERR1252145,17878
SRR8928833,23080
ERR1252067,16064
ERR667474,30222
ERR1124797,224942
SRR10151783,72452
SRR6250363,135798
ERR1888243,35038
SRR12708450,507550
SRR11302487,194
SRR4242435,146630
SRR17267992,256550
ERR959874,970
SRR10127661,227098
ERR1888371,535524
SRR8457162,543556
SRR17691940,142253
ERR871593,105728
SRR17709724,129176
SRR19364711,1026398
ERR1821685,23812
ERR1857849,38972
SRR6655159,18753
ERR1857865,1970
SRR10070836,549904
ERR1124562,536018
SRR6908712,453044
SRR12125386,36722
SRR15831111,279390
ERR1216035,131644
SRR12661530,27832
ERR1475693,33456
ERR340671,78202
SRR11302855,88
SRR13015645,322672
SRR6250035,41410
ERR853463,39968
SRR1872282,57864
SRR20083922,288424
SRR22747839,232734
SRR6652888,1157638
ERR1374231,6802
SRR7419879,28520
SRR5099113,468973
SRR20083912,255136
SRR19667657,161546
SRR8883827,68788
ERR7131153,717477
SRR6477201,582356
SRR6890853,84693
ERR1122828,95088
SRR7662011,39428
ERR1108544,258870
SRR18267558,250640
SRR6468899,169122
ERR1730722,17480
ERR1410137,336566
ERR1857787,27998
SRR2177445,540200
ERR1124571,516932
SRR10887452,400240
ERR1889492,416004
ERR689836,56356
SRR17499143,125365
ERR1069147,183972
SRR11777171,211351
ERR525388,8890
ERR1216542,73126
ERR1888654,33384
SRR4199306,252738
ERR1215575,128
SRR18220755,41946
ERR670991,76706
SRR12037434,18215
SRR6654396,8668
SRR7549094,338564
SRR16299426,4390
SRR16973869,205892
SRR1167754,211710
ERR4091977,250822
ERR780105,145052
SRR10902869,288478
SRR21228031,206934
SRR886446,376928
SRR14213394,65331
ERR959587,868
ERR959059,2384
SRR8632325,133883
SRR9207159,431918
ERR960885,2784
SRR1872642,18368
ERR596680,22600
SRR12554279,1423530
SRR3083698,215732
ERR1475489,26580
ERR1888767,114860
SRR5810902,574
ERR1442564,15234
ERR1216006,156890
SRR1049955,199508
SRR11858753,277724
SRR6654566,30843
SRR9211498,159276
SRR12037378,84758
SRR19638111,356086
ERR1475811,59576
SRR9674286,141842
ERR1414828,68088
ERR1124661,344776
SRR21228021,98914
ERR1889809,230512
ERR667632,54876
ERR411471,795692
ERR2723865,170198
ERR2146955,87282
SRR14713042,246605
ERR1621536,71532
SRR5235637,278256
SRR5975627,1823177
SRR7119802,3143084
SRR9198687,12966
ERR3266390,25968
SRR6654343,8641
ERR1252077,17080
SRR14923955,103357
SRR7789580,2076
ERR1857646,29720
SRR5398201,204894
ERR1251949,16174
SRR16964675,287084
ERR1099561,110638
SRR22207163,177530
SRR6289645,242177
SRR11303026,82
SRR5494312,720144
SRR7268817,122904
SRR6654565,29213
ERR657527,62800
SRR19671823,154178
ERR960211,18160
SRR8787575,95519
ERR697911,61364
SRR8788642,561386
SRR1872774,19062
SRR6268049,39692
SRR3932200,137762
SRR870841,169152
SRR6654901,10037
SRR5418457,5808
ERR2722982,175624
SRR1872636,20886
SRR7268946,153896
ERR202546,394
SRR17630949,157267
ERR853499,36174
SRR10095967,237182
SRR13594954,7154
SRR2087779,163936
SRR10070633,9582
SRR1872411,54
SRR19641872,534200
SRR20283711,62468
ERR1374666,14304
SRR8377213,65490
ERR1407655,23818
SRR12890230,381630
SRR15048184,216830
ERR2723320,65792
SRR3666778,587134
ERR1373770,32516
SRR13088290,1348871
SRR8883739,16154
SRR1872323,54
ERR853648,42022
SRR8106462,42750
SRR5342782,609296
SRR15831093,269582
SRR6250234,111176
SRR10040063,1052282
ERR10368636,405078
ERR2723189,23832
SRR11033799,39014
ERR596654,28542
ERR1888316,99488
ERR1415163,184
SRR6654358,43304
SRR6654602,32372
SRR3342393,243126
SRR15813437,320342
SRR1062548,32469
SRR3228697,31474
ERR925749,68508
SRR11303296,1166
ERR569542,1442
ERR2723564,89754
SRR16298952,20889
SRR13565167,210842
SRR6469814,118182
SRR8106496,22558
SRR15048129,725884
ERR999320,37446
ERR1407560,282
SRR1062347,119706
SRR6469627,87558
ERR959653,11564
SRR9044115,82552
ERR2723287,1424756
SRR1872084,33796
SRR7410425,112424
ERR1888742,64916
SRR7223671,360662
SRR8106338,285716
SRR11302754,119
SRR11303216,131
SRR9198735,15506
ERR7131132,691465
SRR5398234,21675
SRR1872663,9524
ERR582903,1734
ERR1757490,20448
SRR8106384,10574
SRR11590423,148027
SRR8552548,85666
SRR19086722,54408
SRR10010344,116396
SRR12443344,1341982
SRR10887481,271420
ERR1888810,66792
SRR7662052,13899
SRR5931556,150533
ERR1374718,88046
SRR15204102,168451
SRR6469237,77846
SRR6072798,245901
ERR1621553,51570
ERR2723927,109374
ERR1889095,454566
SRR16299056,25684
ERR1889419,49028
ERR1415011,52164
ERR1374491,7674
ERR1888248,59136
SRR7613109,316598
ERR716790,181170
ERR959164,59230
SRR11302781,82
SRR12356840,263856
SRR13938396,94002
SRR6890859,132514
SRR7410421,222036
ERR1889844,147114
SRR12464113,245414
SRR6655046,10550
SRR11303337,97
ERR1216946,715640
ERR1888692,192666
SRR6468889,121826
SRR1872121,19064
SRR10151822,149060
SRR11303300,154
SRR15831107,257266
SRR13297049,556280
ERR1821536,23014
SRR8106698,18886
ERR1730583,22580
SRR11302418,166
SRR10070604,68082
ERR1204602,112264
ERR1426841,224452
SRR11302663,54
SRR5398207,107108
ERR1816517,21276
SRR11267501,222074
ERR1891661,64364
ERR1427129,538074
SRR7891995,27054
ERR1203523,117192
ERR1816527,24144
ERR1475586,13254
ERR1857654,30040
SRR12125380,32283
ERR1251951,16718
SRR1714471,1928444
SRR15831104,278500
SRR6661157,143317
ERR1416127,61288
SRR5961765,132450
SRR21177740,192412
SRR4199305,319681
SRR5342798,509472
SRR7223662,357462
SRR14217617,132929
ERR1416071,25746
SRR12661620,49111
SRR5893155,12814
SRR5921152,355960
SRR6250323,111138
SRR10321294,2652208
SRR13076843,70288
SRR10728576,306544
ERR959780,16
ERR1374632,32020
SRR5822003,171029
SRR1265752,215476
ERR1889691,3414
SRR11267500,322356
SRR11302878,64
SRR9622310,157703
SRR11303137,218
SRR7268873,104612
SRR6417974,289164
SRR1872953,24046
SRR3207412,102856
ERR1889592,67614
SRR15427694,730396
SRR10151927,46580
ERR477374,47372
SRR6654581,23526
ERR780118,114802
ERR2723184,28770
SRR7813741,431338
ERR1821514,21546
SRR8883846,183922
SRR2136296,357028
ERR960726,4226
ERR1621609,57208
ERR1204579,118244
SRR5810832,1250
ERR1204487,81116
ERR853811,41196
SRR9198848,8526
SRR870846,140251
ERR959795,486
SRR23064375,161428
SRR10070561,113466
ERR1216436,75196
SRR1062392,108806
ERR1289946,464400
SRR8197482,235418
SRR3923222,235382
ERR1427197,653132
SRR21092439,13758
SRR1821784,309742
ERR1757576,40332
SRR8787799,76312
SRR9728727,558048
SRR5810693,1774
SRR11303378,256
ERR1889083,261134
SRR16195449,32306
ERR1889518,60090
ERR7384915,685896
ERR1427339,742226
SRR12125403,45510
DRR315796,279594
SRR7905414,706574
SRR16299071,48808
SRR13011474,494302
ERR963136,168
ERR1124422,369114
ERR1621610,43358
ERR2723404,17760
ERR1415032,79410
SRR18063813,572324
ERR1373482,25472
SRR13149764,576852
SRR15498151,336724
SRR11909514,644298
SRR592707,351522
ERR1216398,105828
ERR1373567,42006
ERR1099498,81818
SRR9728711,570272
SRR3679548,409568
ERR1415057,60326
SRR8982956,201192
ERR1821742,24512
ERR590775,38734
SRR13393449,76466
ERR716789,202574
SRR8787618,183671
SRR10199502,252222
SRR9189631,534583
ERR962941,1666
SRR6468944,30
ERR1821906,23524
SRR11926679,183656
SRR11303293,1100
SRR8787582,112495
SRR11909493,227834
ERR959575,1798
ERR1888067,153614
SRR7875954,498666
SRR12193587,322674
SRR10887496,127044
ERR959524,6586
SRR11303212,33
SRR6289786,86764
ERR755664,260588
SRR17282622,220765
SRR870880,961
ERR1373558,37704
SRR6469204,172480
ERR1373753,35706
SRR12876845,515746
SRR16298960,11159
ERR716909,209048
ERR1857573,26754
SRR10753230,43064
ERR1692627,99078
SRR10974076,60604
ERR1108512,295694
SRR11214372,836744
ERR963143,104
SRR15600951,101582
SRR12614065,456326
ERR1475609,25944
SRR6268069,65029
SRR17630944,67885
ERR1692560,86880
SRR959327,73535
SRR19364713,773148
SRR6289711,70714
ERR1888216,79418
ERR960202,1182
ERR2146909,432884
ERR1407616,25766
SRR12194933,339396
ERR1414878,22408
ERR958783,212
SRR8735317,381120
SRR2057604,145298
SRR13594956,9924
SRR15626530,238672
ERR960390,1346
ERR1427152,835908
DRR162549,22728
ERR1857754,28110
SRR8632331,811122
SRR6176691,83188
ERR525416,89292
ERR999371,110070
ERR525411,40436
ERR1426766,97728
ERR1125039,680018
SRR12554277,1278122
ERR1124812,568280
ERR853818,40282
SRR17210890,155822
ERR2154655,366712
SRR10127672,217768
ERR1475514,25910
ERR871325,243162
ERR375746,1061746
SRR11302696,1175
SRR19117217,1514880
SRR1167760,630030
ERR1373397,28670
SRR6494607,925082
SRR17745554,8302
ERR202577,1736
SRR1872815,26
SRR3231303,1759698
DRR224554,236876
SRR12661695,253791
SRR13437195,196452
ERR1215707,138
SRR8788657,1361660
SRR22129129,1705596
SRR10151812,72872
ERR960756,13490
SRR11699731,190593
SRR7268951,163458
ERR1216463,17666
ERR1427269,849450
SRR6176720,129206
ERR999527,53946
ERR1373369,19312
ERR1415372,78188
SRR1872692,13258
ERR667533,31824
ERR1218488,192564
ERR1204606,67630
SRR22404870,287138
ERR1374201,48620
ERR1373364,19334
SRR11302435,936
SRR12436749,38936
ERR303223,214918
SRR11206280,63939
ERR853495,48350
SRR12774397,183899
SRR7268904,99174
SRR22207166,158340
ERR960290,8776
ERR960222,1598
ERR1124515,152498
ERR2723438,336986
SRR11303021,32
SRR18124382,132002
SRR6469723,73608
ERR1888336,309330
ERR1427145,303014
SRR6654497,6526
ERR780137,78378
ERR3301006,335890
ERR3909545,137571
SRR14703464,17078
SRR10735829,160732
ERR1216349,89578
ERR1415116,1580
SRR17077498,459504
ERR4691986,120746
ERR340685,124426
ERR1414995,35208
SRR9320540,279650
SRR11213697,69716
ERR1426782,130398
SRR14804254,113186
SRR18192312,10436
SRR12964282,261074
ERR1889777,88914
ERR573442,39590
SRR13958295,302598
SRR10586536,147181
SRR11427327,335170
SRR14075696,234064
SRR11302574,245
SRR6469773,124700
SRR16299541,7410
ERR716917,168208
SRR6020327,2346720
SRR12436764,31367
SRR8377244,159474
ERR2723734,69566
SRR7268956,163340
ERR1730582,21836
SRR15338442,289810
ERR977582,2837078
SRR10366895,9188
ERR1857619,28448
ERR999254,138
SRR11862830,88850
SRR10125988,21033
SRR6250135,1552
SRR6298096,326280
SRR6250251,0
SRR13693857,667471
SRR5810928,1190
SRR7662097,8910
SRR13242477,25118
SRR1062550,34460
SRR4994225,968682
SRR9906819,199744
SRR18745509,2246762
ERR1889823,248988
ERR1888900,349258
ERR1889548,45722
SRR8928888,50822
SRR1872048,23772
ERR1889604,64692
ERR4321721,526610
ERR960178,5628
ERR1888620,69320
SRR12672464,134950
SRR11302873,45
ERR999514,58
SRR6654384,42934
SRR6020430,2511780
ERR998453,26626
SRR1871903,10388
SRR8298681,956660
ERR958988,10220
ERR273882,147288
ERR1427358,1040968
SRR9608474,834024
ERR718631,102128
ERR716912,119016
ERR999370,78
ERR968097,770
SRR22207164,146660
SRR8928727,142450
SRR14055354,930960
ERR1204334,67960
SRR11427212,330380
SRR1872463,2
SRR12134635,688048
SRR8592249,187523
ERR1442719,13200
SRR18645014,688226
ERR1620454,514670
ERR1046075,64604
ERR1216675,29068
ERR968095,300
SRR11862878,844715
ERR517914,71160
ERR1889484,407424
ERR492352,66960
ERR1888773,93010
SRR9961220,410020
ERR273896,88670
SRR1062348,117344
ERR1205227,56
SRR6250070,128922
ERR525362,44956
SRR1291419,148186
ERR959399,412
SRR19571652,183256
ERR1396885,5238
SRR14233936,221624
ERR1216077,120584
SRR1872718,19106
ERR1124606,300110
ERR999385,58
SRR11214418,587882
SRR13724944,2811164
ERR1408778,278
SRR8928844,31388
SRR10126260,13319
ERR830351,191522
ERR925756,340
SRR11684014,15700
SRR5507576,394796
ERR1374148,4742
ERR1888623,84466
SRR7947907,7769704
SRR11302903,110
SRR11303265,141
DRR162475,108858
SRR519724,3667468
ERR959744,632
ERR1216113,104446
SRR7444122,509652
ERR780044,84168
SRR12661691,47590
SRR6655365,15928
ERR1108763,45160
ERR1888160,125802
SRR5810800,6626
SRR5893108,138674
SRR13046868,54966
SRR3166941,44560
SRR12661848,78307
ERR780124,191078
ERR1395873,118
ERR1692608,88946
ERR1888434,488276
ERR959854,28
SRR3381804,103648
SRR10070632,53816
ERR1396947,15596
SRR12661613,116410
SRR870842,170293
SRR5626504,196554
SRR1609746,160828
DRR189364,390406
SRR1062494,31913
ERR960468,3520
SRR12037472,24223
ERR232351,51430
SRR6469583,116218
SRR8787694,57137
ERR998308,106
ERR1067182,251136
ERR10180596,154482
SRR1871994,20480
ERR1108045,181690
ERR1204500,138660
SRR14217713,83755
ERR2722974,45370
ERR999251,76542
SRR11303371,212
SRR11302324,85
SRR9674248,114198
SRR5593162,66389
ERR1374846,3660
ERR1373619,60460
SRR17349044,222298
SRR10863012,308388
ERR1888335,195176
ERR5005143,528994
SRR15999456,64447
ERR871373,240236
SRR10974061,55402
SRR6654605,15305
ERR1408784,1032
ERR3841993,1486761
ERR1889776,178528
SRR12037322,8640
SRR22805224,1179196
SRR6654669,18968
ERR1204269,175134
ERR959356,6322
SRR13074872,8670
SRR7886624,760793
SRR8244095,134576
SRR10974105,64502
SRR7882021,211476
SRR6654835,12959
ERR1107878,315776
SRR8928949,65954
ERR1889408,204886
ERR406900,72478
SRR6469225,92522
SRR20746132,673695
SRR5893165,1038046
SRR3544820,40844
ERR830299,195062
SRR8928912,67302
ERR1621668,49658
SRR11303147,16
SRR6468938,67138
SRR13234672,58110
ERR871424,147558
ERR1621467,70276
ERR1252068,15600
ERR1218469,140782
SRR9198727,28534
SRR11785634,81942
ERR1414981,78096
SRR11213713,34033
SRR9674287,141864
SRR700534,454648
ERR1397029,22374
SRR14373549,19217
SRR9850650,13756
SRR6469797,384500
SRR13074847,11481
ERR1215704,292
ERR657611,91644
ERR718596,115216
ERR525399,52964
SRR11427220,276100
SRR3228718,224565
SRR8883825,61204
SRR2067882,389076
SRR6661154,115935
ERR596618,57210
ERR1888364,434808
SRR14163083,100858
ERR1373402,31748
SRR11909487,573288
SRR8106440,55486
SRR10151869,136972
ERR1889551,158948
SRR10151724,41106
ERR1888636,127252
ERR1204413,143304
SRR1872592,52662
ERR1124507,288952
SRR6327873,426354
SRR3231323,487730
ERR1888640,49626
ERR960353,2412
SRR10151913,64172
SRR1205155,184505
ERR1821781,23828
SRR10550522,92525
ERR958991,16260
SRR12160593,188874
ERR998354,35470
ERR1414990,42112
SRR13780561,281704
SRR19897797,319188
SRR10323908,27464
SRR12194821,433254
SRR13339158,279192
ERR968090,38448
ERR1204518,109706
ERR960235,9246
ERR4091980,255504
SRR13528193,1082448
SRR11302688,74
SRR1188149,84300
SRR8788663,562700
SRR14217595,100867
SRR12173588,204012
SRR13724935,2118990
ERR1888332,520400
SRR7661988,34812
SRR886457,49088
SRR6908608,28352
SRR6176659,60909
SRR19661768,814302
ERR022480,206688
SRR6469187,103348
SRR7947920,1072174
SRR9198665,8602
ERR697999,44034
SRR6268122,44266
ERR2723441,112312
ERR1415423,64456
SRR6468950,53406
ERR1204281,82248
ERR1888489,137166
SRR9198719,14218
SRR14573850,482544
ERR1251954,14616
SRR1146562,317847
SRR9849194,258342
ERR1730736,6846
SRR3502888,2958562
SRR6654626,7677
SRR1872304,20
SRR10070768,162046
SRR8182163,119704
ERR1373410,22988
SRR5398212,153874
SRR18352683,8943
SRR17400080,176554
ERR340711,200574
SRR5810910,856
ERR830324,140288
ERR830322,175524
ERR1122737,210064
ERR998313,178
SRR5952025,4281490
ERR1442818,12336
ERR1124697,262944
ERR1889366,154374
SRR19430248,194499
ERR517853,67140
SRR3381798,120098
SRR1021215,393066
ERR1888968,9526
SRR11427239,664146
ERR1204274,126890
SRR10151806,102926
SRR20869105,70777
ERR1892055,77094
ERR1410209,92502
ERR1415277,45558
SRR11427318,196510
ERR1427229,627620
SRR6268082,266
ERR960123,19754
ERR525391,63114
SRR3571772,384260
SRR6469022,29336
SRR18508138,303800
SRR10753252,41488
SRR19762946,121689
DRR224550,528874
SRR9119511,1226205
SRR4375197,3677916
ERR830301,230578
ERR2723129,36236
SRR13115060,1122464
SRR8788653,10094
ERR1416165,55108
SRR18192265,175856
ERR3838735,240414
SRR10434085,525394
SRR5921081,176413
SRR8106528,38794
ERR657570,74456
ERR830359,240912
ERR1124849,574934
SRR6289667,69188
SRR16574813,279704
SRR19661769,759138
SRR6654266,40966
ERR1215780,203760
ERR830342,222544
SRR11302631,101
SRR19661793,159528
ERR1857996,30156
ERR1216120,72792
SRR9198989,6548
SRR13693855,674225
SRR11302719,54
ERR999194,39506
SRR10753199,21102
ERR9077205,49365
SRR10863061,660054
ERR1888325,505902
SRR5251440,92266
SRR8286601,223126
SRR9198691,7707
ERR4321716,680322
SRR6345660,218726
SRR17282598,343480
SRR9697470,342892
SRR10070737,33146
SRR16784087,2018850
ERR1540902,371522
SRR10151900,35658
SRR6654897,9493
SRR10827997,508802
ERR667594,37634
SRR18254622,1216
ERR659781,83976
SRR11302449,70
SRR13149759,403244
SRR11006212,378934
SRR7662105,16241
ERR2723444,249440
SRR18927191,54593
SRR11140717,171711
SRR8244096,137323
SRR8106563,21398
ERR2102836,102410
ERR1427317,838720
SRR6267986,666010
ERR737702,100886
SRR3465554,212067
SRR11206293,62588
SRR6469629,104442
ERR1621442,44640
ERR2723674,34676
ERR1889143,47186
ERR1373506,101818
SRR8312796,123334
SRR10126122,24609
ERR7131160,471835
SRR1062284,2975
ERR1124763,329984
SRR10204646,568360
SRR16292399,471806
ERR2723916,6080
ERR1475706,37410
SRR8106648,37654
SRR5131062,323764
ERR492336,27292
ERR1858127,29232
SRR11302318,66
SRR8244101,142375
SRR11303130,196
SRR11302288,100
SRR6814887,264940
SRR15710927,162926
ERR1889395,226668
ERR1204531,169072
ERR1889292,50012
ERR1426894,1282794
ERR1889692,3836
ERR1620553,16
SRR11303172,175
ERR1821496,24342
SRR19859444,434750
SRR17218092,101841
SRR1062551,32404
SRR11206256,55101
SRR870957,157635
SRR3231277,3542586
SRR11302298,94
ERR999544,250
SRR14703427,74664
ERR1443963,615426
ERR582932,1626
ERR1888540,574892
ERR959540,954
ERR4321723,884722
SRR7268900,112920
SRR9622309,128185
ERR1124785,254306
ERR1442800,16088
ERR1888699,411720
SRR22252686,4037070
ERR1203484,84516
SRR12974172,423890
SRR14813039,227856
SRR392975,416889
SRR7410464,182862
ERR1889085,91938
SRR6246039,832406
ERR1821957,23450
SRR10887589,197212
SRR11785640,115726
ERR960224,3862
SRR5045901,333009
ERR737768,100682
SRR13646733,401824
SRR1062804,20639
ERR1426959,677196
SRR1062393,113042
ERR2154769,13412
ERR1215687,254
SRR8106656,47928
ERR1857958,24648
SRR20869089,68176
SRR15413354,2813382
SRR16299067,16331
ERR1216923,602086
ERR959613,1090
ERR582928,1938
ERR999430,74772
SRR11684032,324308
SRR14924010,32739
ERR1888946,486738
ERR667380,28532
SRR19627924,192462
SRR5127986,255436
SRR1647679,215279
ERR959878,86324
ERR1858096,28804
ERR1857622,30694
SRR1872228,11078
ERR1204294,159068
SRR1872665,7352
ERR1888520,665426
SRR1062756,122821
ERR667588,40160
ERR1857683,28702
ERR1374430,5156
ERR1475573,12316
ERR853476,67420
SRR1872779,24
SRR13115038,2306166
SRR6469465,62406
SRR12180097,281248
SRR11302279,181
ERR1475508,38070
SRR8106693,20692
ERR670997,58714
SRR10836769,129830
SRR14168553,207102
ERR1821828,36500
ERR1415086,47122
SRR10010387,97244
SRR10070834,59684
ERR667438,20672
SRR6469634,39842
SRR16973872,196678
ERR1730755,35676
SRR1872320,25880
SRR6250264,110970
ERR1122673,144296
SRR14883461,1909146
ERR1730715,13246
SRR10510889,676604
SRR13729821,44340
SRR6655120,12296
ERR3454279,1897093
ERR716769,205738
SRR16195507,160582
ERR1426825,131990
SRR9899212,298970
SRR7662068,28239
ERR960295,10
SRR21966823,283952
SRR7535440,30583
SRR8106471,30010
SRR21831648,358536
ERR718576,100362
ERR1373544,17102
SRR8293702,390394
SRR13646769,423992
DRR029938,30237
ERR1620540,2
SRR3932175,213980
ERR1374575,13050
SRR8928929,32258
ERR1374197,9248
SRR11926644,238482
ERR1620517,234174
SRR13998262,2398157
SRR10151967,44514
SRR11186462,9786
SRR19667660,142628
SRR10126014,19391
SRR13181549,369696
SRR10126328,10925
SRR4243172,168010
ERR1218351,150098
SRR5507581,229478
ERR1821942,25590
SRR6655326,10912
SRR11926681,189416
SRR10070671,19294
SRR10150440,21002
ERR1427058,815912
ERR1426969,815198
SRR13979082,698615
ERR960842,506
SRR7633488,382787
ERR1475486,20844
ERR1374722,5328
SRR11303292,195
ERR1427125,875074
SRR2013985,425188
SRR6468863,96140
SRR5320505,295780
ERR1414932,39448
SRR1872818,13474
ERR871423,134126
ERR1410129,24412
SRR18063814,526376
SRR13381336,405652
SRR10974074,71784
ERR1889431,431310
SRR8305633,716605
ERR871461,766
SRR6129539,531688
SRR6654247,42766
SRR7789574,12107
SRR6469145,62736
ERR467079,52846
SRR11206279,64720
ERR1415394,96440
SRR8106550,31972
SRR17210893,128050
ERR2723535,113044
SRR18731942,168548
SRR4240530,139665
SRR7119819,9224
ERR1215794,48
SRR3139117,911828
SRR8106464,23224
SRR1872618,1274
ERR1889802,99934
ERR1204587,68
SRR2089836,92796
ERR961001,60
SRR10151750,72282
SRR12774383,190971
ERR1373673,87164
ERR1427254,947230
SRR6661144,112042
ERR1427235,797664
ERR1475554,47882
ERR1816538,23172
SRR4242437,272342
ERR590765,31272
ERR1108036,174462
SRR959305,110080
ERR1414855,54260
SRR11303140,52
SRR8784479,21392
SRR11196600,348930
ERR698005,91738
SRR11302370,283
SRR8928754,205940
SRR9198674,10755
SRR17247009,1492214
SRR6250122,104026
SRR13360753,228034
ERR1373547,19194
SRR10078101,703936
SRR16299351,24454
ERR959821,1108
ERR2723338,57754
SRR13074815,18403
ERR1427155,1009164
ERR1216474,23012
SRR6468937,87134
SRR6469118,226684
ERR1442682,13926
SRR1555502,955
SRR21092435,24604
ERR1442752,13020
ERR1889427,144922
ERR949641,107752
SRR7746641,48512
ERR1125066,431122
SRR10151708,102574
ERR659830,64900
ERR1216361,142066
SRR12464101,259392
SRR10753195,55154
ERR573446,36290
SRR10887461,443226
SRR16647476,580646
ERR959375,3536
ERR1373390,20418
ERR999253,105370
SRR1872704,18274
ERR1621417,53966
SRR5127969,142784
ERR1374370,5226
SRR11926639,111311
ERR232335,7994
SRR8802102,171154
ERR780097,88982
SRR9058964,2189352
SRR13074861,44620
ERR4648699,94436
ERR1216308,163424
SRR19571673,110707
ERR1889847,30766
ERR1757621,25434
ERR718618,149732
ERR1415215,28576
ERR1857779,29210
SRR10070842,72240
ERR1757685,28602
SRR13234640,24191
ERR1374373,5502
ERR1888251,26220
ERR1892064,7142
ERR1099440,127428
SRR13297040,601184
ERR10047708,352902
SRR9906803,631924
SRR3420426,128335
ERR1215697,204342
SRR7119844,7702
SRR6654695,13898
ERR1374657,2308
ERR968056,210
ERR1888610,172624
ERR1889836,73056
SRR10126070,16391
ERR1889748,107484
SRR15910151,163124
ERR411507,69458
SRR12060521,332694
ERR1397003,12802
ERR1251941,15624
ERR145636,203210
SRR11303053,95
SRR8591749,875522
SRR12125384,25526
ERR959579,726
SRR12194919,701343
SRR18181456,1102260
SRR8883771,10300
ERR1374177,3510
SRR8383278,6311
ERR1442710,18228
SRR5599700,301030
SRR9728700,434686
SRR10854654,306848
ERR1122741,228934
ERR202566,472
ERR1730626,22190
ERR1416052,24262
ERR999353,107276
ERR1216442,109780
SRR14567467,306172
ERR2723726,93850
SRR9198642,9617
SRR21966428,82718
SRR6469716,1153348
DRR189387,74045
ERR1205106,123070
SRR5504149,208903
SRR15663232,206964
SRR8530750,105904
SRR8928952,17646
ERR871330,293200
ERR1215729,110
ERR1415021,90
SRR5120131,252969
ERR1821698,20530
SRR12992438,428244
SRR527834,60262
SRR7909901,1154920
ERR1099540,171382
ERR1218346,166282
ERR1216384,135956
ERR1218451,260640
ERR2723902,18156
ERR853500,43052
SRR8106345,146026
SRR15626527,529710
SRR1205152,198228
SRR3381862,216356
ERR1416090,41546
ERR1374260,7248
SRR19364723,2795662
SRR10151650,39462
SRR1872134,35320
SRR5504153,257860
SRR6289639,258138
ERR1108720,124902
ERR1757599,25348
SRR3207406,833003
SRR17183789,39690
SRR17547541,56190
SRR13652355,197892
SRR6654827,7616
SRR7268864,105656
ERR984480,1078
SRR10070566,120074
ERR1888217,76092
ERR1373621,59010
ERR1205226,52
ERR5005145,384704
ERR968074,346
ERR1124758,436874
ERR853488,54414
DRR189361,206790
SRR12037446,7759
SRR2921972,346
ERR1415055,108
ERR2154687,168600
SRR392970,50825
SRR1872135,51792
SRR17720624,133290
SRR17191193,191424
ERR1427351,893650
SRR8106583,12774
SRR17219897,9456
ERR1426880,695994
ERR1252034,14392
SRR17218098,425870
SRR10887454,387156
ERR1889130,6902
SRR16298961,63
ERR1204272,66188
SRR11302506,819
SRR1872945,29146
ERR1888558,592920
ERR1067161,529688
ERR1821827,25144
ERR1204502,123670
ERR1124700,404676
SRR3381717,257254
SRR6132703,84530
SRR8106577,27134
ERR716850,175122
SRR8383284,37933
SRR4116051,2232274
SRR7868772,401670
SRR11092482,188343
ERR1891680,70034
ERR2154781,26450
ERR449280,69300
ERR1857905,482
SRR7801973,405053
ERR959174,8104
SRR15376934,975922
SRR6268156,153105
SRR9674285,139924
ERR871433,157286
ERR1216552,20252
ERR1821693,24532
SRR18053125,701068
SRR9189632,649198
ERR1889295,254036
SRR6654402,143057
ERR1215702,206742
SRR14233940,227318
SRR8811929,63534
ERR962903,692
ERR1888395,381376
SRR11263278,238514
ERR569528,2206
SRR8377226,138862
ERR959336,10088
SRR10040111,614726
SRR18181442,144526
ERR1374420,5530
SRR6176634,2869834
ERR1124482,434174
ERR2723659,71896
SRR14213368,61915
SRR14428577,248186
ERR1099403,34040
SRR18516709,426986
ERR1475656,52106
ERR1426940,624870
ERR3446747,64902
SRR12661887,72572
SRR6384889,224436
SRR10408937,151212
SRR14217727,133598
SRR8991396,1237012
SRR630468,242018
SRR870851,139312
SRR9861059,561175
ERR962920,338
SRR8883793,195519
SRR7235499,496698
SRR11728557,90470
SRR18927014,541726
SRR1555525,1434
ERR1427126,767128
SRR8787592,18748
SRR7883089,7656
SRR6908369,394976
SRR10070819,105226
SRR5235641,281142
SRR6890894,176462
ERR1888390,176146
ERR959321,474
SRR8632324,82652
ERR1475619,34676
SRR5961759,909952
SRR392109,7788
SRR3932177,305434
SRR6324387,339396
SRR870785,169184
SRR7662025,51361
ERR1475719,30258
ERR1692561,29530
ERR1415386,80420
SRR6469017,74934
SRR6654747,17946
SRR13646724,366634
SRR11090033,42865
ERR1215922,388348
ERR1124471,231476
ERR1442725,14606
ERR959228,80
ERR1540913,387532
ERR1252162,16638
ERR960677,2
ERR1426972,672636
SRR12661738,36942
SRR1871858,44
ERR1252146,16844
SRR5086601,3612724
SRR5485624,191903
SRR11577250,49471
SRR1167757,229162
SRR11033804,50826
SRR9189633,452062
SRR870791,157657
ERR573451,63674
SRR6654737,27307
SRR16604670,395848
SRR18745511,2081424
SRR11302373,126
SRR1797734,68488
ERR1475539,42622
ERR1099430,145380
SRR10753244,17008
ERR1442814,15156
SRR580556,597
SRR12313635,190700
ERR1821687,21128
SRR11427293,419128
ERR1757665,21016
SRR8787630,109682
SRR5818016,58042
ERR1888162,142614
ERR830283,217780
SRR10550566,86567
SRR18192280,357362
SRR10511895,155740
SRR5443701,57859
SRR9207198,188818
ERR1108541,253986
ERR959624,2234
SRR18220771,51933
SRR11926675,372490
ERR2723328,289100
ERR716842,142942
ERR1692493,59186
SRR11214424,383948
SRR14428599,238042
SRR11427399,610692
ERR594444,210788
SRR886460,41069
ERR871307,245810
SRR12974170,461077
ERR1205091,596
SRR10323914,1274608
SRR13796923,1732044
SRR10151577,72812
ERR960680,51772
ERR1204532,122788
ERR1888250,34992
SRR7801952,368060
ERR1216399,171892
ERR718602,112736
SRR8244108,133688
SRR11305410,332755
SRR8135951,359606
SRR7633481,609655
ERR1215936,202186
ERR1122721,143556
ERR1218329,214334
ERR1889350,410400
SRR8928752,222010
ERR959307,9788
SRR6652891,638042
ERR2146923,511554
ERR1891652,53456
SRR18297397,1202592
SRR13080693,503614
ERR1107960,238736
SRR6507302,34974
SRR22129126,872052
ERR273842,715488
ERR492380,59782
ERR1407555,214
SRR17714707,287714
SRR12899704,960584
ERR958932,12812
ERR1374680,5616
SRR10151696,118492
SRR6257760,3522
SRR7299179,168442
SRR17282623,220708
SRR12201941,271564
SRR8788705,2291346
ERR853509,40400
ERR853611,42318
SRR8787576,44327
ERR1124614,240574
SRR17077496,313771
ERR1204479,107344
SRR10152011,107684
ERR1730537,25452
ERR659793,86728
SRR8928787,375436
SRR16299377,23132
SRR1872170,42720
SRR12493025,96941
ERR958794,12
SRR10151728,97426
SRR2013389,30731
SRR21518678,1823620
ERR960990,242
ERR1124762,432954
ERR1821860,20860
ERR1889589,70822
SRR11427465,452348
ERR697842,79516
SRR11700444,61127
ERR1124532,415026
ERR959617,1940
SRR9159939,132906
SRR12436781,56037
ERR1442751,12922
ERR853762,40248
SRR2567877,41814
SRR19387527,483386
SRR1872932,74166
ERR959334,3076
ERR4648704,94550
ERR594454,197298
SRR5921110,151272
SRR6020413,170118
SRR7419881,9704
SRR1872109,46584
SRR5127964,812679
SRR13360759,162162
ERR1889643,135938
SRR6144819,22472
ERR999380,186
SRR6250322,288406
ERR1621525,60274
ERR4968948,228959
SRR1871907,15848
SRR6334484,2761326
ERR659883,75686
SRR5382006,139341
SRR7662053,22224
SRR13646779,395326
ERR1216416,119920
SRR14066772,111324
SRR18192282,441510
SRR1216350,180183
ERR1204273,91104
SRR13866623,158717
SRR1821791,353369
SRR8991408,916898
ERR1373368,25186
DRR032759,156923
ERR998422,282
ERR659844,106524
ERR1442878,13358
ERR667569,332446
ERR1475651,36730
SRR9198767,6443
SRR18192317,206414
ERR1888888,366008
SRR8936997,2726814
ERR2723453,97158
ERR1252093,17516
ERR1408846,3404
SRR11302648,97
ERR657595,76222
SRR7749236,11023
ERR2723616,66584
ERR1218405,186028
SRR8787743,10366
SRR11303222,154
SRR11178131,738060
SRR11302607,151
SRR6249999,63242
SRR1039875,752604
SRR1736715,66217
ERR1122720,125398
SRR9159942,1620472
ERR960935,24
SRR6654720,14752
ERR871527,182818
ERR963150,120
SRR11303047,121
SRR11302471,76
SRR7883098,24499
SRR13565165,180938
ERR1204328,137452
SRR8558589,684680
ERR998103,66
SRR9331665,297816
ERR959470,38
ERR1108180,167710
SRR22254566,260032
SRR15048141,67892
SRR6268180,48107
SRR1593715,4625757
SRR7947919,1125530
SRR17720610,235448
ERR4568383,217160
ERR590746,46872
SRR13039586,100568
ERR1475668,11296
SRR16299526,10699
ERR1216939,1103560
SRR5893146,11206
ERR1252171,22272
ERR411500,29712
ERR1442571,13280
SRR12610271,117529
SRR13938395,100480
SRR13115078,2669050
ERR1125019,559650
SRR11427242,481228
SRR8788646,823418
SRR6654389,73451
ERR1215751,172
SRR5113029,128938
ERR1757683,19442
ERR1757643,8466
SRR6654523,9580
ERR959581,4564
ERR1821746,25118
SRR9906841,215856
SRR1265766,1391364
ERR3446741,60916
SRR10126131,15277
ERR1407582,23066
SRR12786067,260044
SRR3231288,6696168
SRR1872296,22370
SRR7749222,12097
SRR1871968,17844
ERR960596,15356
SRR4017368,1089128
SRR10511878,131932
ERR1475780,35540
ERR1757717,26376
ERR716751,123522
ERR1889195,58206
SRR11420475,312864
ERR689878,63984
ERR1218371,220742
ERR2723028,87068
SRR9674277,139240
SRR8782107,4745
ERR716859,190722
SRR10040102,807102
SRR17689309,196344
ERR853763,44318
ERR960117,0
ERR2723018,69240
ERR2146939,261384
ERR959562,16
SRR7662152,11165
SRR17299065,183092
ERR960379,2430
ERR1395855,1526
ERR525359,44936
ERR999545,1284
ERR959354,4228
ERR1414904,59868
SRR1872081,32074
ERR3266386,26393
ERR960642,2382
ERR949681,750
SRR13759083,56392
ERR2723636,229364
ERR1374464,5070
ERR1757453,26668
SRR8106561,27222
ERR1122707,248620
ERR525397,40794
SRR7223666,1091502
ERR718585,95280
SRR5251438,58388
SRR6811827,290309
ERR1204452,378612
ERR1215983,169554
SRR8106373,18054
SRR11080811,360546
ERR10034110,911504
SRR3179600,221428
SRR6655219,12716
SRR11302620,99
ERR1204353,198996
SRR14217564,89751
ERR1374380,2310
ERR1889803,164868
ERR1888716,149066
SRR6176617,2975294
SRR1062810,20544
SRR6289678,76364
ERR1407553,1080
SRR6469411,50490
SRR1062717,19499
ERR737705,79086
ERR830357,215704
SRR20746128,626617
SRR3169301,719614
SRR6176684,90940
ERR1415041,36278
ERR1215581,240080
ERR1857803,3834
ERR1475632,43740
SRR519749,4042342
ERR517854,74624
SRR22270139,179728
ERR1889120,277318
SRR10126191,24262
ERR1373520,32460
SRR7240609,7613620
ERR780287,99098
SRR7662163,17190
ERR657536,57890
ERR10034049,305698
SRR14567464,986116
SRR19572326,246826
SRR6654487,3462
ERR2723374,113018
SRR19761451,218470
ERR1857871,27552
SRR6250137,134872
ERR2723203,39428
SRR12992437,536702
ERR1252066,14672
SRR6469581,84050
SRR19430252,169905
ERR718595,101084
SRR13074862,12048
ERR697935,54838
ERR2723590,378406
ERR2154671,97664
SRR10126057,16730
SRR16148354,498438
ERR998236,278
ERR960724,36000
SRR12436748,45520
SRR8129705,207484
SRR11862831,75617
ERR1416094,38366
ERR1442780,14802
ERR590721,31230
ERR1540909,260276
SRR1062448,27629
SRR8883732,23116
SRR1872507,219194
ERR525390,52242
ERR1215576,203586
SRR10914216,218934
ERR657551,77794
SRR10070818,118754
SRR12194938,290874
SRR13115050,809016
SRR12492975,119897
SRR14703453,16408
SRR7751613,394914
SRR9674308,134734
SRR15712675,12734
SRR998918,31870
SRR5681433,292116
ERR1757640,22508
SRR8922970,354572
ERR853810,40170
ERR962929,4188
SRR2239194,371370
SRR6469028,37716
ERR1108024,216550
SRR7419862,33336
SRR1062266,534234
SRR7410455,180252
SRR13447011,293320
SRR3231287,2221106
ERR1107990,75626
ERR1427188,1160336
SRR18053120,878756
SRR11590418,158074
ERR716858,186942
SRR10974109,16864
SRR8526607,787254
SRR5893093,11095
SRR1531470,501968
SRR11699728,249060
SRR6655179,23985
SRR12876835,705830
SRR4369382,247254
SRR10125985,7483
SRR11917469,261922
ERR1889372,146214
SRR11427471,364290
SRR1708347,23530
ERR2723305,283130
SRR10125966,19346
SRR18220757,53638
ERR9787503,293862
ERR960527,4224
SRR10136112,64616
ERR718652,110670
SRR14567475,1294200
ERR596619,39780
SRR7891993,43328
SRR6469743,120928
ERR405180,97340
ERR1373664,39744
SRR7989637,1776997
SRR17968078,606354
ERR1730596,21518
ERR2723272,92606
ERR1205311,220650
SRR11302882,113
SRR11926647,425192
SRR13076844,84138
ERR9787513,305718
SRR11519053,135372
SRR6267985,703312
SRR6825144,204324
SRR13970397,450238
ERR2716245,3286300
ERR998204,606
SRR10126049,32711
ERR1069144,272686
SRR21617354,260526
SRR7299199,225815
SRR15048140,133546
SRR6654944,15038
SRR13565179,370868
SRR8106450,45778
ERR960728,2872
ERR1427295,1064878
ERR925746,318
ERR1415052,93954
SRR15338441,278070
ERR999200,39514
SRR11302577,88
ERR1888228,45234
ERR1108161,130694
SRR6655324,6341
ERR999559,880
SRR870864,113177
SRR6654763,12918
ERR4910705,610739
SRR10040091,1233992
SRR6129537,774804
SRR6469462,65706
SRR12661587,83646
ERR1251952,13078
ERR1415067,45580
SRR3923226,217401
SRR11856753,281246
SRR11186458,67552
ERR716812,150090
ERR1205387,164392
ERR1415230,65506
ERR1889839,105542
ERR1475577,16632
ERR871488,1600
ERR1888956,103276
SRR11302954,120
SRR10887456,422992
SRR6039232,7916826
ERR759382,136656
SRR6411472,215870
ERR1374516,13132
SRR5127992,223385
ERR3301002,399182
SRR6654880,15764
ERR998267,58596
SRR7886616,223225
ERR697902,41900
SRR11303373,1018
SRR1872499,18
ERR1889364,207670
ERR960806,13750
SRR15236532,241542
ERR1594696,146194
ERR998368,27114
SRR5810692,3204
ERR1857638,26150
SRR12876841,754598
ERR1204284,126922
ERR1889609,209148
ERR1888785,50136
ERR1397076,7138
SRR11303049,70
ERR4568387,233804
SRR10070767,85374
SRR13565151,332556
SRR1555571,3807
SRR7119860,20947
ERR853452,40154
SRR7252514,1475322
ERR1407700,1606
SRR10974098,66014
ERR925761,52586
ERR871600,178
ERR2723770,120404
ERR659855,536334
SRR8928777,253794
SRR11214397,123936
ERR1289934,461196
SRR15427702,682907
SRR11302467,472
SRR11777180,207161
ERR2402424,638966
SRR6468828,114108
SRR6345659,490024
SRR15931297,181450
SRR942771,370930
SRR6469046,56366
SRR8883858,10458
SRR6469059,50966
SRR13075142,432542
ERR968094,662
ERR569557,1294
SRR7891984,197930
ERR1414931,55012
ERR1888761,62248
SRR1062408,26541
ERR959590,3414
ERR1443966,301812
ERR1108172,117548
ERR657566,86500
ERR4968936,213337
SRR6655084,63366
ERR689811,75386
ERR960342,4054
SRR3083747,343956
SRR21177746,186584
SRR10321297,3841544
ERR1374398,4912
ERR1889648,124116
ERR1124485,329892
ERR1216116,118798
SRR8928875,41142
SRR6655317,5854
SRR13724920,828588
ERR667482,22412
SRR6250004,38546
ERR1889066,480684
ERR1108134,203446
SRR6655133,52580
SRR6176675,65776
SRR18935957,119451
ERR1397047,18932
SRR11699726,420231
SRR17386280,587672
ERR2146981,568860
SRR10125982,21158
ERR202604,460
SRR12436832,47502
SRR7662005,39045
SRR11267526,236362
SRR5125780,985122
ERR1416108,44716
SRR15691865,57654
ERR1099412,97544
SRR10550552,116582
ERR738272,105568
ERR853807,49052
SRR1872315,20264
ERR1621414,51534
SRR17247903,308038
SRR18745513,2309430
ERR1857694,31398
ERR1124857,167134
ERR1621611,41974
SRR6654579,25790
ERR279667,269916
SRR6468814,70038
ERR1892034,100850
SRR12340464,934586
ERR963160,140
SRR11917473,260994
SRR7236663,310561
SRR1062442,18744
ERR1889457,265884
SRR11427389,827062
SRR10753215,36516
ERR2723759,216280
SRR15458885,179796
SRR7868771,303430
ERR998348,300
SRR15097768,120350
ERR1124786,478350
SRR9692047,835396
SRR870925,5897
SRR7268924,114236
SRR6025604,251160
SRR1565818,188774
SRR7410440,188770
ERR1251965,14988
SRR15900245,805514
ERR7179903,256636
SRR5921111,254497
SRR17530173,240190
SRR6469246,41428
ERR1621392,60480
SRR1872505,36
ERR1757468,26396
ERR1124692,650318
ERR925766,222
SRR8305614,640837
SRR5382010,150981
SRR870826,167825
SRR11542113,155734
SRR2039719,262781
ERR1124924,664026
SRR6025598,403696
SRR6176642,2812502
SRR7154533,30157
ERR590740,39830
SRR8787735,8587
ERR1374278,6394
ERR1124555,432156
ERR960845,1574
SRR8106327,307152
ERR7131157,305491
ERR1408855,99212
ERR1395904,31758
SRR7419894,10823
SRR516127,206826
SRR11874802,74968
SRR8928853,9148
SRR9198858,29080
SRR16298935,9767
SRR11926652,595102
ERR1373554,45968
ERR492369,68600
SRR870844,140597
SRR7905350,1739354
ERR596662,25038
ERR1816578,24426
ERR999507,82
ERR1415418,104992
ERR960115,904
ERR1215798,74
ERR1216430,102834
SRR8106505,18660
ERR1122837,119270
ERR657553,42
SRR372798,167150
SRR10151937,51550
SRR18745510,1686012
SRR12194869,216406
ERR1216492,302
SRR6469825,82218
ERR1821759,23092
ERR689839,64424
ERR4648705,91444
ERR1373679,50338
SRR5342799,443372
SRR6211492,103734
SRR10222490,465094
SRR11886672,172299
SRR6908647,878
SRR13181541,355812
ERR958824,26618
ERR1858049,23000
ERR1620583,198522
ERR1415141,28730
SRR2751037,348371
ERR1416105,55906
ERR1215873,236
ERR5056246,87174
ERR958868,26184
SRR10887443,566478
SRR10899960,308800
SRR959367,29622
SRR19571683,118444
ERR998314,164
SRR16299525,18883
ERR1892063,6082
ERR1216524,107318
SRR5921037,273655
SRR10070669,30106
SRR7764535,698812
ERR1888846,151920
ERR1427153,809116
SRR4116052,573964
SRR15927833,343472
SRR2751022,294409
SRR10040106,838470
ERR1124807,521262
SRR9198681,2806
SRR5482146,1088970
SRR7886612,1607154
SRR8383298,12070
ERR2723393,69912
ERR1205243,44
ERR2723930,33624
ERR999244,56200
SRR15606829,743666
ERR223601,386486
SRR1872040,14
SRR1872972,4708
SRR6469252,81274
ERR959409,56
SRR12037339,13888
SRR13724972,1978064
SRR16299192,59799
ERR1621484,20696
ERR1204228,132552
SRR4199304,282512
ERR1107958,239364
ERR960370,69186
ERR1218326,195464
SRR16298926,12628
SRR8914609,379936
SRR17299049,343918
SRR6257759,628828
SRR17077506,491167
SRR5251431,81496
SRR12661645,56384
ERR1889504,5052
ERR2723754,296962
ERR1888104,120184
SRR6654520,24741
SRR12493022,107616
ERR1889184,95058
ERR1730739,12906
SRR9077093,210090
ERR1122844,74660
ERR2722984,137344
ERR1426937,1126992
SRR6908704,2591274
ERR1858042,27118
SRR7662125,14385
SRR13565169,377538
SRR9824998,55486
SRR17547551,39405
SRR6671794,102777
SRR16299585,41535
SRR6654385,23969
SRR1872497,104282
SRR5469314,481914
SRR6469536,204470
SRR3932185,176500
SRR1062569,19349
SRR7119818,11503
ERR1426977,925240
ERR1373439,25254
SRR15204097,515506
SRR10408944,146939
ERR1891686,71404
SRR13912631,318070
ERR1205093,548
ERR1888101,231328
ERR667415,57546
SRR21120210,30166
SRR6250259,2
ERR1204445,408460
ERR1099564,168148
SRR6784674,495620
ERR830323,241534
ERR1216478,26788
SRR9198933,13218
ERR2723632,219492
SRR6655231,11844
SRR8383276,6487
SRR8106417,54514
ERR1475849,37410
SRR16298957,11309
DRR162524,73960
SRR18516716,964421
SRR6469698,565224
ERR1122708,307316
SRR22044638,450526
ERR959445,50
ERR1108017,92566
SRR6655607,388708
ERR1415210,558
SRR16292401,258040
ERR202524,4794
SRR21218371,245193
SRR5810780,1076
ERR1124713,290644
ERR1215930,230600
SRR12464099,273296
SRR1872706,26550
SRR6469325,60058
ERR998410,40362
ERR2723686,325412
SRR10070758,272568
SRR3923671,104033
ERR590787,31980
SRR16299374,17732
ERR2723503,303136
ERR9787512,346044
SRR5125206,786314
ERR1427268,836596
DRR189360,373068
ERR1395865,40
ERR1821710,25612
SRR8928760,167762
SRR7947910,5551990
SRR15871419,168008
SRR6469612,167634
ERR960632,31006
SRR7905409,647114
SRR835158,13226
ERR697855,30766
ERR1216433,66974
ERR1374668,11834
ERR1108141,198398
SRR6250286,11972
ERR1124967,716970
ERR1124495,470474
ERR697880,93354
SRR6020383,3335268
SRR11601825,1268290
ERR958943,344
ERR1888337,666978
ERR1475568,25090
SRR5483537,297712
SRR10586525,339583
ERR1621368,51056
SRR17624605,172834
ERR1374532,7228
SRR6469607,182110
ERR853461,51126
ERR959942,288
SRR12436742,62209
SRR10974014,58390
SRR11523572,290548
ERR1475635,48648
ERR2723619,3004
ERR1204451,282992
SRR8135948,219932
SRR7535427,90582
ERR1857914,28972
ERR1046066,111574
SRR6250058,88256
SRR7905385,329444
SRR13602451,259308
ERR968047,152
ERR517919,71606
SRR8811926,55313
SRR4124041,95715
SRR6327874,435056
SRR6468771,86556
SRR5482149,1161809
SRR18837600,272100
SRR6250060,95514
SRR1062272,62160
ERR716827,170730
ERR2102839,99258
SRR6469087,105226
SRR15498143,130913
ERR738300,92578
ERR1757675,30440
SRR6654346,24473
SRR12661519,28773
DRR162499,121154
SRR1821814,261168
ERR998205,598
ERR2154729,337894
ERR2154793,10902
SRR18645021,175278
SRR9854020,651358
ERR1757413,33908
ERR1396871,5666
SRR1299128,457026
ERR1621624,25714
SRR10550571,75613
ERR1252111,16220
ERR1107979,113092
SRR11302364,118
SRR22163684,214874
ERR1216674,21050
ERR1218332,187814
SRR519744,3707354
ERR340703,359750
ERR1889017,405442
SRR17745553,4926
ERR959235,3432
ERR5961094,341850
ERR1620524,194768
ERR1396863,30250
SRR8106467,49552
ERR1374816,5216
SRR22404863,259372
ERR959029,17438
ERR959159,1782
SRR20869075,50388
ERR1891666,60854
SRR7268955,159424
ERR1620486,302302
ERR959584,6566
SRR6250031,61848
SRR9735185,432236
ERR340724,286366
SRR11427378,1098960
ERR1046081,130502
SRR10958332,233705
SRR8928835,21116
ERR022488,274046
SRR5382018,152621
SRR21758108,147587
SRR11812065,4521538
SRR12661777,61743
ERR1395910,38384
SRR9622333,13393
SRR12194900,493074
SRR8787617,26268
SRR17731349,127492
ERR1889093,369662
SRR10887482,265200
SRR8377247,1868
SRR5822007,141990
ERR667512,25910
ERR1414884,23038
SRR14340360,8930
ERR780151,136556
SRR6996532,18366
SRR1872131,8510
ERR1821524,20136
ERR1252229,18104
ERR569553,1258
ERR1730613,22852
SRR17210891,202939
SRR3113940,2472674
SRR16676615,226560
ERR1374527,11022
SRR1265744,453536
ERR1124489,458674
ERR1757587,19518
ERR1108181,160160
ERR1692474,85304
SRR1732705,75782
SRR13724914,1024084
SRR14217687,95871
SRR2834942,130970
ERR1889788,59442
ERR1621481,58264
ERR1757723,10828
ERR999564,588
SRR9906826,257986
SRR21120213,18896
SRR18042695,160204
SRR835167,51450
SRR8526655,130352
SRR7410469,202100
SRR7662055,22838
ERR1218362,147708
SRR3923228,237416
SRR9198978,8152
SRR14428557,106710
ERR1374775,2074
SRR6250208,79682
SRR1872149,62738
ERR959392,14
SRR1872246,21704
ERR737747,107816
ERR1374658,4014
SRR10126305,15366
SRR9058958,442816
ERR960120,129092
ERR1218470,122006
SRR3083738,312966
SRR1062582,18426
SRR10126171,7524
ERR1374642,8930
SRR14055361,795224
ERR959700,2078
ERR1475691,24216
SRR17745564,64240
ERR659949,126948
ERR960326,9000
ERR1889779,113374
SRR16299074,13129
SRR10550519,94860
SRR6468738,77714
SRR8182164,98470
SRR7292745,149835
SRR5809484,14920
SRR11305413,254461
SRR9198806,13464
ERR667540,45234
SRR11302441,1045
ERR1889097,51590
SRR21518675,2286846
SRR1872328,17752
SRR11427331,235800
ERR1427312,980638
SRR11302517,145
ERR977581,2732238
SRR8244098,141704
ERR1415379,99468
ERR1122843,78504
SRR12654016,772994
SRR10117558,197576
ERR1888233,11652
ERR411515,148114
ERR1396997,1322
SRR6654511,30818
ERR697852,56882
SRR11590422,138786
ERR1215859,1072
SRR2751032,248832
SRR3465547,177359
SRR8503421,119821
ERR1757595,15442
SRR16681983,119162
SRR8106393,11262
SRR2968438,1048778
SRR18885362,514906
SRR6268187,52445
ERR1374715,12082
ERR1415040,39726
ERR737711,114352
SRR5599695,282756
DRR162480,70164
SRR13360752,172089
SRR10070581,300106
ERR1215887,20
ERR998324,20416
SRR6334481,2766508
ERR1373698,51066
SRR5520647,273372
ERR2146890,489718
SRR16299527,25151
ERR1374772,1902
SRR6654696,17908
SRR10070868,226022
SRR1872524,12
SRR11302596,83
SRR3666777,619286
ERR2723204,23656
SRR12037430,18716
SRR12876847,815792
ERR596637,15680
SRR16299280,11595
SRR10151786,23442
ERR1204610,172360
ERR1888075,215510
SRR10974022,68288
SRR6020418,4440268
SRR1872268,25814
SRR12831466,562202
SRR12037385,15584
SRR6654264,21999
SRR19086711,201688
ERR1730651,18870
SRR1872607,77080
ERR271387,928
ERR596431,23768
SRR10151831,143150
ERR959846,12456
SRR11214380,472014
ERR1621658,1262
SRR1062286,27255
SRR6654805,22514
SRR12658670,251448
ERR1108824,129154
ERR960486,4698
ERR1475571,19978
SRR1062270,544714
ERR830326,192154
ERR963204,36240
SRR6289685,64102
ERR2154791,7554
SRR9674247,110472
SRR6829418,2272678
SRR12194809,707286
SRR11196608,247064
ERR961004,400
ERR7720650,6837648
SRR870886,129826
SRR7008288,35450
SRR6654254,29175
ERR780037,82366
ERR1730723,22672
SRR8928955,77146
ERR1621460,25428
ERR1414923,64816
SRR7905357,2893212
ERR4968945,191108
ERR1108739,215128
SRR3083715,299464
SRR13429041,201102
SRR6908641,1586
SRR12436836,148020
SRR14217588,49486
SRR8928839,14680
ERR960778,14602
SRR1871954,26986
SRR16098001,606629
SRR13311744,4071854
SRR9692044,767920
DRR162522,83914
ERR1252159,15760
ERR737759,115134
ERR1427068,1011180
SRR9735170,495708
SRR10989898,248846
ERR1730565,18526
SRR3579895,258612
ERR1888793,14060
SRR7662039,26341
SRR8735316,518464
SRR9966398,541932
SRR11090041,36125
SRR6250104,135978
DRR189401,150179
SRR13074839,16430
SRR7892025,27014
SRR6469709,83796
ERR1816525,25718
SRR17600932,195946
DRR162509,51200
SRR7119797,745490
SRR835182,46137
SRR8305611,78467
ERR1857759,798
ERR999467,550
SRR5810716,1406
ERR1889306,77582
ERR959888,1054
SRR10974114,56396
SRR17210885,164729
SRR8833701,134448
SRR3923231,172994
SRR10974005,63844
SRR13593805,60939
ERR667626,49158
SRR6469484,36410
ERR1099459,77376
ERR202505,3620
ERR659894,89206
ERR1215795,50
SRR4375095,6242738
ERR3301001,376630
ERR998441,104
ERR1620565,14
SRR5443708,49340
ERR960037,9556
SRR6250029,55434
SRR6468924,126138
ERR958753,19210
SRR11974580,103057
ERR492348,59678
SRR3143899,384303
SRR15413353,2941826
ERR1218484,198370
SRR6469819,94946
SRR8945527,96017
SRR12654000,354762
SRR12045001,746502
ERR1204230,197120
SRR12436788,55524
ERR1099552,128512
ERR998445,33522
SRR9906831,374322
ERR958962,9014
ERR2723906,29530
ERR871467,239800
SRR14217650,102975
SRR10887507,147858
SRR1872337,48
ERR1415151,38158
SRR7119800,901052
SRR18687232,119684
ERR2723757,48170
ERR853767,37994
SRR9886611,641060
SRR11302894,958
SRR8106685,26144
SRR11302637,240
ERR968124,58514
ERR1396795,21
SRR22805230,193120
ERR1427294,1080204
ERR1416119,50938
ERR1124431,200920
SRR17219901,12222
ERR1692530,51820
SRR22805227,439964
SRR6468931,55066
SRR8928726,141208
SRR6250115,69102
SRR12194916,310311
ERR1888204,86058
SRR12037364,62463
SRR20001192,754760
SRR1872330,12
SRR15458884,179932
ERR2154823,48400
ERR1730829,13276
SRR11302645,187
SRR8106367,49066
SRR8833702,103816
ERR1396920,166844
ERR1204257,123106
ERR2723552,28736
SRR6661137,149628
ERR1204270,165950
SRR1062315,18101
SRR3987432,776307
ERR853782,44884
SRR3228730,236661
SRR3679542,405194
ERR1251921,12404
ERR1124740,342114
ERR871305,338930
SRR5131065,353566
ERR1891707,62268
ERR3266361,40386
ERR999419,48494
SRR2968441,593158
ERR1858070,29428
ERR517848,238870
ERR958821,24390
ERR477371,27212
SRR11214428,349616
SRR2089840,141702
ERR1374419,13060
ERR1888116,55040
SRR10151793,70274
SRR10415529,553494
SRR9608472,1084632
SRR8883750,193464
SRR10753226,34964
ERR596715,26696
SRR8787803,3964510
ERR2723766,133976
SRR13565155,191908
SRR3498288,1012821
SRR6268119,20792
ERR1955207,2088762
ERR1889636,217146
SRR15101308,4151250
SRR1872865,10536
SRR8928937,235162
SRR1872207,586
SRR5810712,2074
SRR17413286,70300
SRR11302736,75
ERR1396983,254048
SRR10863043,1054512
ERR853679,43748
SRR3083700,964402
SRR6469089,41428
SRR8787589,67806
ERR960898,6284
SRR6232246,326070
ERR1821626,36596
SRR6654525,16861
SRR6494605,920814
SRR5810743,1022
ERR1124534,268582
ERR738263,87188
ERR1475809,32880
ERR1621495,51346
ERR1216144,111228
ERR1107949,185662
SRR7891996,37984
SRR18267570,274866
ERR960244,31876
SRR14233937,236426
SRR1062351,115123
ERR1067172,413910
SRR13091265,328856
SRR10126243,15282
SRR11777172,214083
ERR737777,125700
ERR1692443,61432
SRR5163106,186400
ERR1821735,24300
ERR1108211,141954
ERR960280,4202
SRR11303085,144
SRR16299382,11255
SRR3420327,1478256
SRR12659578,251288
SRR13972074,74093
SRR8928909,39542
SRR7633487,55001
SRR10887445,497574
SRR17282604,380199
SRR10126218,12394
SRR8106382,70614
ERR1475817,40848
SRR11214443,188184
SRR22018581,1263572
SRR14217676,107640
ERR1431978,32474
ERR1888856,34070
ERR1374238,12908
ERR659773,105492
SRR870786,162502
ERR1889062,219738
ERR959074,53834
ERR1205230,434
SRR11411805,97492
ERR5236193,160432
SRR11519049,94912
ERR569559,1194
SRR15931293,192860
SRR8787643,6787671
ERR830346,218660
SRR7410424,152778
SRR6652908,548988
ERR1821803,20446
SRR12474626,1169645
SRR1531448,341048
SRR8883817,124396
ERR1821880,21720
SRR7535435,38930
SRR14559688,695171
ERR853719,42944
SRR23085083,270756
DRR162553,55320
ERR1204303,147562
SRR1872525,20
SRR1043688,31828
SRR11427351,379298
SRR6469614,154448
ERR968100,268
SRR15626592,1884916
SRR8592250,168756
ERR2723270,208
DRR162512,63706
ERR2102840,98131
SRR1872754,26002
ERR959713,16962
ERR871535,225856
ERR689866,64820
SRR9198678,18816
ERR1757661,19652
SRR17655021,95028
SRR10070625,47410
SRR12623499,965337
SRR7662034,35455
SRR1265756,1205901
ERR1408865,76154
ERR525393,55902
DRR315797,292764
SRR998911,33225
ERR525389,20188
SRR8106511,14642
ERR1821537,36846
SRR6268152,162033
SRR10010377,73208
ERR1374594,11856
ERR1216505,86824
SRR9336406,451602
ERR1730795,20256
SRR16299472,23176
ERR1857658,27284
SRR11302835,43
ERR1108542,236028
SRR14066781,592988
ERR1892046,97636
SRR17530172,211194
ERR1215800,598
ERR3266368,27949
SRR6655221,12711
ERR959257,3668
ERR1757633,6958
SRR11302836,92
ERR1374820,3948
ERR1888470,549094
SRR16299195,8855
SRR15600940,122548
ERR1407554,17422
ERR1757570,23674
SRR10126161,1217
SRR5683302,503034
SRR11214423,538628
SRR8706241,1317186
ERR1414991,18198
SRR11302886,60
ERR1821595,24902
SRR14060978,247103
SRR870757,136599
SRR15376929,3093102
SRR13646734,320606
SRR6268172,45369
SRR6655228,10411
SRR17085058,538214
ERR999414,208
SRR11302847,66
SRR3159083,111841
SRR14066778,513372
SRR17349047,263038
ERR1218496,167346
ERR1396831,2
SRR7419880,28994
ERR999569,47408
ERR958905,12618
SRR10485758,137218
ERR4968934,212040
ERR1205406,196328
ERR968040,33844
SRR14340359,9242
ERR1251905,12316
ERR854862,208816
ERR1888591,9008
SRR2239185,202498
ERR1858095,32114
SRR6250203,56704
ERR659794,105054
SRR7662100,14211
ERR1730683,31408
SRR9962816,241085
SRR5163825,144584
ERR2723281,42056
ERR1218375,164146
ERR958948,101896
SRR6211488,121366
ERR1374530,8610
SRR9674334,1077766
SRR7699166,337798
SRR11427277,322494
ERR569544,1850
ERR2724014,152782
SRR20083916,256874
ERR1205280,54
SRR12661681,295951
SRR6025586,9865328
SRR11303144,43
ERR1730507,26082
SRR2776877,119281
SRR12037437,15151
SRR1872839,22138
SRR11214373,413236
SRR21228018,123688
SRR3166926,72236
ERR1475753,155620
ERR1443971,320176
ERR1108214,133750
ERR1889706,170660
ERR1889173,57602
SRR6908671,22672
SRR10040120,1679180
SRR8106476,50782
SRR6469390,32556
SRR6468934,64562
ERR2723389,79250
SRR10058766,234942
ERR960102,3162
SRR6469284,59318
SRR17349049,229280
ERR517887,53338
ERR2722976,57466
SRR6020346,2216242
ERR1204476,95500
ERR525406,44578
SRR3231280,2058144
SRR10070699,89752
ERR780077,172380
ERR1395907,29394
SRR17731341,186488
SRR7947898,3989834
SRR12037471,17405
ERR1374542,130854
SRR13450063,105425
ERR871480,956
SRR5810875,176
SRR6655329,5485
SRR9674273,148472
SRR12037362,21364
ERR202597,126406
SRR6469200,66188
SRR1872293,39066
SRR14480030,7252098
SRR13938373,95762
ERR959536,3058
SRR13972069,83515
SRR12658672,837308
ERR1374168,1552
SRR14272173,97731
SRR10126008,7001
SRR11302603,498
SRR9875038,106282
SRR12070744,21502020
SRR7902419,51356
ERR1888583,341376
SRR1872204,219502
SRR15964633,210470
SRR1062231,59002
SRR5931547,4801
SRR10550543,90233
ERR1203498,164810
ERR1620533,285822
ERR1124920,442960
ERR1442913,13138
SRR11563220,52837
ERR1395940,37880
SRR8106537,14912
SRR5320543,148714
ERR1888717,412400
ERR1621402,68210
ERR963119,664
ERR273880,107534
SRR12037365,17501
SRR1555538,3646
SRR3465555,155297
ERR1124835,616846
SRR10916843,106214
SRR14428546,195670
ERR959182,6446
ERR1374786,5900
ERR1373486,28094
SRR6469502,150552
ERR1889533,77920
SRR10753251,18014
SRR6268041,33382
ERR1442713,16444
SRR7662141,12106
SRR22270157,173804
SRR16298992,12676
ERR1692500,51684
SRR7789536,12515
ERR1426888,596266
SRR6020362,15397450
SRR1872688,22470
SRR11302967,265
SRR5855385,2016272
ERR962989,78272
SRR16195476,42832
ERR959565,2094
SRR16299413,6866
SRR7612988,817826
ERR1204243,134204
SRR7535414,56748
SRR6469466,66012
SRR6652893,549454
SRR9198906,25610
SRR8788658,1383494
SRR1062690,9486
SRR10151844,32266
SRR12964280,240830
ERR1620428,361090
ERR1205242,274334
ERR232317,502920
ERR2983449,159850
SRR10070609,206682
ERR1730539,24720
SRR17299042,506638
ERR1888326,294964
SRR13646804,321358
SRR1062426,26502
ERR1891749,62768
SRR17654918,243890
SRR1872290,24756
SRR19978691,359122
SRR3381809,140042
SRR6469057,28674
ERR1857705,27346
ERR1888955,163428
ERR962909,792
ERR759374,221532
SRR6654809,19193
SRR1872469,16
SRR6469785,168314
SRR1872746,28290
SRR7268843,96822
ERR279664,117752
SRR9198842,48723
SRR519729,4564202
ERR960476,2778
SRR13938361,84752
SRR7410412,242546
ERR998370,22252
ERR1888097,224164
SRR15498142,126120
SRR10126254,10381
ERR1621617,59388
SRR12340465,1455024
SRR9872826,2419
SRR7613118,604425
SRR7942609,535626
ERR492353,56250
SRR11575110,62465
ERR1216417,81644
ERR1252225,18038
SRR1062457,28020
ERR689840,72984
ERR1407713,27268
SRR7419865,44863
SRR9669988,70207
ERR1374247,16846
ERR1821500,21436
SRR5810852,254
SRR12103779,326722
SRR7268870,107390
SRR10151758,88866
ERR1757556,21624
ERR1821978,22136
SRR5961763,111004
ERR716737,80196
SRR16195470,70244
SRR6654892,7840
ERR1888875,585998
ERR1407669,21088
SRR10728575,306702
ERR960366,3196
ERR1414887,33804
ERR657591,85670
SRR6176613,2465732
SRR8883875,69116
SRR8868545,127898
SRR13015600,310838
SRR12492976,115915
SRR11214390,134106
ERR1108546,242780
ERR716771,156582
ERR962973,308
ERR1415080,87970
SRR15691877,229944
ERR1373760,38850
ERR1374288,2374
SRR16299368,20738
ERR1857916,29602
SRR10887468,269444
SRR14217573,82799
ERR1621597,23306
SRR17900894,195228
ERR1216181,74548
SRR8784159,1932633
SRR11577245,38705
SRR12194827,442458
SRR17247011,176936
SRR8749828,307415
SRR2434699,139142
SRR9849204,424316
SRR13269773,195338
SRR15600945,220544
SRR18745499,1640524
SRR800038,421270
SRR7119865,28536
SRR10721215,254656
SRR6654631,23343
SRR12125400,40525
SRR942770,87338
ERR9787511,280158
SRR10070796,82688
ERR1443976,434768
SRR6654976,6355
SRR16299398,13025
SRR1062298,33775
ERR1889727,46460
ERR853737,38506
ERR525373,43160
SRR1872080,14650
SRR16299309,35147
SRR1872137,26
ERR1107871,269142
ERR2723554,215918
SRR10126327,6752
SRR12103775,281738
ERR1205362,66
SRR1821808,189842
SRR5006036,1174878
ERR1374219,12286
SRR15498141,75944
SRR14693497,98722
SRR5934164,112419
ERR1069083,562136
ERR1216624,98432
SRR12193584,393008
ERR1442850,15866
SRR21526555,422834
SRR16299059,76212
SRR14428602,1569756
SRR1872190,46860
SRR10126288,18675
ERR755662,263440
ERR1124765,458880
SRR5382057,105413
SRR2025004,219733
ERR958965,142318
ERR1889642,430984
SRR5893096,1215043
SRR11926629,133584
SRR16195484,58939
ERR1442583,12582
SRR3581671,369368
SRR9198961,12134
ERR1475707,45604
SRR10151714,65472
SRR5810939,5948
SRR6250045,122826
SRR12492969,107034
ERR960354,3548
SRR17714679,185086
SRR1872804,18446
SRR4369381,125746
SRR11185425,337560
ERR2723583,194438
SRR17630945,141793
ERR998254,290
ERR1415069,82
ERR2146973,168632
ERR1374492,104762
SRR1872063,26666
ERR1408863,68492
ERR1889018,516988
SRR7905375,1858930
SRR21120218,24978
ERR1124773,424778
ERR1216935,741486
SRR8106560,50756
SRR8787703,11834983
SRR8305640,78603
SRR6652899,397386
SRR10836797,348972
SRR6654518,15904
SRR870963,158568
ERR959632,68996
ERR2154720,213140
ERR1426870,681726
ERR667420,30606
ERR1415074,692
SRR11926663,451188
DRR224545,603398
SRR11302834,100
ERR1216336,157678
ERR963154,13758
ERR1889072,533104
SRR1609748,157324
SRR6469166,87898
ERR1427272,1226572
SRR1797733,87684
ERR1821561,23074
ERR1108032,192250
SRR8883852,403776
SRR6655198,13305
SRR10070656,21622
ERR1125040,570780
ERR1395848,33504
SRR12070745,23470666
SRR18042704,127012
ERR1107968,117762
SRR6654810,17767
SRR10510897,1725028
ERR689863,75538
ERR968142,424
SRR10125981,20558
SRR1062776,22574
SRR3083707,148358
SRR15376933,6575062
SRR3381870,52304
SRR12194982,495224
ERR2722993,1020
SRR998915,35011
SRR9608479,773558
SRR5382038,102070
SRR1205153,226713
ERR1108020,157498
ERR959532,46
ERR2154696,21246
ERR1888514,627570
SRR16299003,11397
DRR032750,156091
SRR12125388,22581
SRR8312800,6107
SRR12774358,103748
ERR1889880,92376
ERR1414891,29294
ERR2723232,147856
SRR6257755,474874
ERR959212,526
ERR1205284,590
ERR1621628,62796
ERR1426853,913882
SRR11869105,44246
ERR926024,202
SRR6144815,20102
SRR6655124,49849
SRR11302768,52
SRR1872292,52
ERR659809,79174
SRR18927203,49163
SRR5382042,148269
SRR12037354,10460
SRR6250295,79208
ERR854801,117060
SRR6654818,15979
SRR6250145,53250
ERR1888403,277108
SRR5810922,346
ERR1204262,150532
ERR959926,408
ERR1414902,47412
SRR2834961,125762
SRR13616486,1635404
ERR1373738,31732
SRR8106334,387280
SRR6416895,285516
SRR5805916,84115
ERR1692503,65096
ERR1124766,270560
ERR1821824,21742
SRR6654767,12800
SRR21034906,236680
SRR6468810,62844
SRR9199028,6212
SRR8135947,439590
ERR1888577,274836
SRR870763,137507
SRR1920170,1040517
SRR6468848,44116
SRR6468949,61550
ERR1888188,158680
SRR038625,106521
ERR871550,164
SRR6268162,181097
ERR2723626,303600
ERR2723312,16398
ERR1426957,532774
SRR13970401,544584
SRR15049561,315850
ERR1124607,413238
SRR13332314,291488
SRR13970402,489578
ERR1216502,103052
ERR1215512,185304
SRR7905359,3806166
ERR959475,146
ERR2154643,522318
ERR960090,53908
ERR960533,22820
SRR8883774,12232
ERR1396952,86202
ERR998122,502
SRR3420379,2253698
SRR6025587,10923356
ERR657592,75280
ERR960957,240
SRR10126043,13124
SRR7813756,806020
ERR1595115,294278
SRR1062698,19494
SRR1555500,614
SRR6469486,50588
SRR1062333,98500
SRR6250098,112070
SRR19667656,154044
ERR1125088,382236
SRR1062597,18575
ERR1821806,25600
SRR16195475,91404
ERR1415256,55248
SRR12661764,51904
ERR1427075,938264
ERR1124628,320304
SRR1062414,27375
ERR1857703,28468
ERR3266395,34776
ERR1218323,232710
ERR960492,2732
ERR1889610,133616
SRR8928806,3788
SRR5810837,2140
ERR582910,1662
ERR960254,2188
SRR7909904,541452
SRR16299193,13075
SRR19178790,27668
ERR10034109,695152
ERR659875,59990
SRR12340123,332504
SRR6469141,65746
ERR9077170,56638
ERR1730521,17536
ERR449278,53934
ERR1374374,5622
SRR5113037,142708
ERR2723524,225188
ERR871316,102302
ERR1415209,40306
SRR7813744,921638
ERR1730503,27250
SRR11302918,187
SRR10070660,23492
SRR2051102,301093
ERR2723588,216832
SRR11302272,471
SRR6655181,20890
ERR738268,99812
SRR11263443,1277327
SRR13839971,62620
SRR11577268,33967
SRR4469348,82510
SRR6654367,30339
ERR1889840,44014
ERR1373427,33418
SRR10070658,61166
SRR6655115,59714
ERR1889188,62522
ERR697890,42092
SRR6655258,11885
SRR6469079,34570
SRR1524249,580328
SRR8928731,151082
ERR1620492,242174
ERR1108832,224980
ERR1218361,145994
ERR279670,15738
SRR15711652,450534
ERR1415095,1052
ERR1692509,65432
SRR7751618,520560
ERR2723426,65572
ERR657578,83062
ERR968081,61650
SRR19571661,110293
SRR7410409,117994
ERR958949,148486
ERR1416120,48612
ERR569545,1596
ERR659982,124972
ERR1397033,6492
SRR6654528,12565
ERR273866,191088
SRR10117583,286020
ERR659797,112290
SRR10070762,51294
SRR12774420,160933
SRR7292751,151613
ERR659934,140628
ERR780131,96804
SRR12661603,95185
ERR1442573,11168
ERR1888999,269968
SRR3679530,361196
SRR12142001,162333
SRR13011476,467494
ERR853681,38778
SRR9207191,145982
ERR1414961,52896
ERR1396888,5326
SRR1555559,710
SRR5251446,70741
SRR2146364,37912
ERR959286,7476
SRR3231290,5148578
ERR1395836,28570
ERR1215604,209220
ERR202599,211242
SRR1872785,17394
ERR4132486,216154
ERR689846,55470
ERR202539,107432
ERR279662,1964284
ERR871581,128
SRR11427466,339278
ERR1373784,33288
ERR1427421,546066
SRR1872802,21910
ERR596610,44666
SRR13115082,6704
ERR959299,4060
SRR4026152,968658
SRR5934156,71650
ERR999311,96
ERR959502,528
ERR3838752,156598
ERR1427114,494340
SRR10070806,127598
SRR10126054,10251
SRR5984238,486720
ERR596712,29676
SRR15964629,72759
ERR1427166,1179018
ERR960742,890
ERR1475603,38024
ERR738247,84298
SRR1871883,8464
SRR6655224,369
SRR8383286,38494
SRR16299199,15778
ERR962902,29232
ERR659933,158930
ERR1216480,18336
SRR9189634,363423
SRR870760,37519
ERR1620499,169840
ERR959185,23340
SRR2392493,1022752
ERR2723121,20194
SRR16299284,20543
SRR870788,200892
ERR1857733,31332
SRR12469170,193174
ERR1442897,12478
ERR1594690,195284
SRR17604956,72901
SRR1872955,10580
ERR2723522,172220
ERR780145,106046
SRR6652889,240812
SRR8106435,21758
SRR3083701,216372
SRR9198930,13177
SRR18192297,266274
ERR2723354,127064
SRR15204103,206903
ERR1757547,8914
SRR5893076,20240
ERR959832,4486
SRR12661896,135584
SRR959319,120699
SRR10151583,67354
ERR780312,62136
SRR11610433,231674
ERR1203532,170890
ERR853708,43208
SRR7410396,194890
SRR13528191,1040680
ERR716864,96766
SRR6798778,5293822
ERR340723,265814
SRR2089837,135944
SRR5342787,839686
SRR12070723,22766808
SRR21617359,255796
SRR7119826,18640
SRR10887557,439546
ERR6501831,225474
SRR8914607,400868
ERR1204365,197826
SRR6289659,413146
ERR1757555,8526
ERR1216364,161170
SRR13674935,198038
SRR10126116,32497
SRR13565177,300496
ERR1205389,126
ERR1620559,104226
ERR1415158,64234
SRR14428591,199396
SRR9312985,132152
SRR5837509,232244
SRR8928732,149278
SRR6049695,748398
SRR11427280,410882
SRR18181452,1942326
SRR10070847,93514
ERR1397006,1670
SRR3381877,166450
SRR17723103,377866
ERR689806,65518
SRR13076841,64720
SRR22018588,248164
ERR925720,236
ERR657526,64136
SRR8706255,158510
SRR5893115,222099
SRR7419822,371978
ERR1124824,650072
SRR6654936,8748
SRR15646744,341608
ERR1857682,28994
SRR8883708,130550
SRR8305629,916235
SRR16299476,15345
ERR4910728,221902
ERR1374253,7416
SRR16905266,300168
SRR3231346,3738992
SRR6654383,22665
ERR1408861,3026
SRR15049564,295831
ERR657544,101360
ERR1374184,690
SRR20002714,137134
SRR17386278,459946
ERR1888122,11342
ERR963133,1114
SRR7041788,162066
SRR1736699,69430
SRR11519041,119525
ERR1395958,2698
ERR1374302,2840
ERR963197,32
SRR6250078,78504
SRR6655061,7253
ERR1374592,11308
SRR6654252,30751
SRR2051095,9897
SRR17247013,2113262
SRR12194956,615960
SRR6257762,829108
ERR1410224,66300
SRR6818811,298436
SRR6654410,62404
ERR1204491,108060
SRR11926655,310880
SRR1062232,60724
SRR7268892,100666
SRR11114785,69578
SRR7264582,13015739
ERR1427218,957976
SRR8982954,267416
ERR999562,80532
SRR18053112,705162
DRR162513,36098
SRR6655261,5722
SRR11577277,42122
ERR960695,5952
ERR1407627,112
ERR1124642,466070
ERR573428,34774
SRR16298924,17221
SRR11302372,137
ERR958895,37086
ERR1407615,704
SRR12194802,551998
ERR1442668,12592
SRR12493003,109984
SRR16299420,9186
ERR1205290,100
SRR10863026,801026
ERR1122746,295132
SRR8883834,145960
SRR11302526,136
SRR5810699,1878
SRR12356832,259586
ERR1621464,49420
ERR871504,2590
ERR1889135,31034
SRR18352681,16411
SRR8109598,171182
SRR11801329,115696
SRR7661985,13398
ERR2146933,370238
SRR14233934,345462
SRR10956575,808146
SRR6888832,188278
SRR10151748,56718
ERR1215843,240652
SRR10868197,1238772
ERR015568,49796
ERR7384921,2681588
SRR13011470,437268
ERR998111,29660
ERR1595120,205152
SRR7789565,7697
ERR999503,40750
SRR13181515,367886
ERR1108074,200730
SRR9312978,120720
SRR11302726,164
SRR5817924,1009509
SRR6841474,693078
SRR14713045,309940
ERR1396900,98014
SRR11303174,156
SRR5810691,2366
SRR13998194,439172
SRR2982510,101421
ERR1373755,37194
ERR959990,2622
ERR959403,2642
ERR1620411,12
SRR6654751,12639
SRR19594540,72175
SRR17219977,12325
SRR8928788,764
SRR9854034,702030
SRR6468831,61124
ERR1373711,55768
SRR952244,1594526
SRR10070665,62238
SRR17499148,142196
ERR1216706,98230
ERR2723641,146524
SRR13076828,78011
ERR968079,63606
ERR1215706,270872
SRR7268869,107378
SRR10126244,27095
ERR697912,279734
SRR1121289,323606
SRR9198920,11572
SRR10974110,56122
SRR12831465,847688
SRR2750990,404760
SRR2243358,150132
ERR1426768,185396
SRR1872477,46
SRR10151810,26730
SRR7801949,191246
ERR959923,1158
ERR1821966,23276
SRR9198772,4713
SRR6468761,76238
SRR13602446,294208
SRR10040093,1003680
SRR8106432,24140
ERR1888118,141070
SRR7268824,109956
ERR1216123,109416
SRR19661779,1118040
SRR17968065,405116
SRR592699,523694
ERR959494,107304
ERR1216527,103126
SRR6250186,295816
SRR1871962,27590
SRR8106654,20570
SRR13594961,6056
ERR1122706,194116
SRR11523567,234474
SRR12037396,22197
ERR960078,5064
ERR1124935,533528
ERR755707,211522
SRR953569,1500205
SRR14710789,156536
SRR5519770,291776
ERR1373512,20108
ERR1215809,227116
ERR1215551,220680
ERR949664,157054
SRR11486778,270895
SRR14713048,364169
ERR1821834,20776
ERR1892045,98526
SRR6176628,2680344
ERR1124861,599916
DRR162538,16316
SRR7535402,105775
ERR1216455,25148
SRR5378562,168078
SRR6654365,37248
ERR1858039,37920
ERR999453,38
ERR968089,310
SRR797909,225635
SRR15204064,191789
SRR13785096,14722998
SRR11302380,71
ERR1215858,185342
SRR10958343,276762
ERR959736,159388
SRR1871890,10594
SRR14217670,133364
SRR13075143,65056
SRR9199015,20524
SRR8883830,235700
SRR6654981,7597
SRR16604665,446330
ERR697996,40956
SRR11578953,919112
SRR4375307,3837318
SRR10070554,94598
ERR853735,43234
SRR1291415,109538
ERR582926,1086
SRR10393501,14714
ERR1621636,55816
SRR12436747,198161
SRR17604945,266185
ERR1821760,22834
ERR1099519,106516
SRR19892910,198356
ERR1415000,46014
SRR7749226,15697
ERR689869,73338
SRR7789589,15413
ERR1122784,132984
SRR9608475,851036
SRR14999369,194408
ERR2723938,106932
ERR697969,102724
ERR1204319,142396
ERR1374568,3688
SRR5599694,287036
SRR6654314,21435
ERR1888532,932130
SRR15900240,6402472
SRR6655085,36191
SRR6469132,75518
SRR17224783,252316
SRR6176701,103670
ERR871569,72
SRR7410351,261042
SRR13297044,650414
ERR1374573,3044
ERR1888945,517254
SRR17221757,1209004
SRR17630950,157358
ERR2146944,294132
ERR1427034,678418
SRR8883773,13560
SRR6888830,917680
ERR959371,46528
SRR6908705,365154
SRR11303251,164
SRR8106670,15848
SRR1872031,25484
ERR1414926,49012
SRR10095965,525411
SRR16518315,165576
ERR1107882,278316
ERR1215770,430
SRR7789625,14325
SRR3381758,663026
SRR12708437,561292
ERR1442787,13478
SRR10038909,532928
ERR2723611,177644
ERR657556,212390
SRR6249994,51488
ERR755699,163472
SRR6250347,109540
ERR960355,136
SRR10151684,121550
SRR15662005,253650
ERR2723507,115144
ERR2723344,141272
SRR8787804,3844604
SRR527846,522924
SRR8787776,2168
SRR16299112,7326
ERR1122841,167850
ERR1427036,748820
ERR697952,28488
SRR19661766,176922
ERR958864,23260
SRR7789535,10090
ERR1373463,17230
SRR10126031,22111
ERR1415190,56440
SRR11874809,79176
ERR1373758,33732
SRR7662116,10148
ERR1125023,1288458
SRR7662033,53312
SRR13777262,2042200
SRR15871421,134140
ERR1373522,25832
SRR12661592,102256
SRR6250369,5428
ERR999332,70
SRR21034913,195106
SRR519723,4093004
ERR960938,240
ERR667528,39980
SRR835154,33924
SRR6250039,36322
SRR1872385,61918
ERR1888535,366690
SRR11563226,59063
ERR659917,130500
SRR12194941,328594
SRR11302567,80
ERR1204628,48
SRR10974118,61034
ERR1252080,15398
SRR11206252,55677
ERR1124461,465976
ERR1374321,14436
SRR2145847,195137
SRR7612978,414415
ERR1373706,59348
SRR15498138,86240
SRR5810751,406
SRR3098580,866696
SRR6250140,52848
SRR8106381,38560
ERR1415273,65040
ERR958778,30566
ERR1475657,37022
SRR15813434,178790
ERR1889000,280122
SRR6908728,69120
SRR5893053,1382
ERR959162,2434
ERR959516,1590
SRR6176719,118576
SRR14139669,438130
SRR7662158,11570
SRR1035240,309983
SRR6890845,78484
ERR697991,39954
ERR853587,46578
ERR1889345,183736
SRR11302455,117
ERR1889290,76966
ERR2154721,1017434
SRR18305962,446640
ERR657626,87264
ERR1888356,188698
ERR1205357,646
SRR519742,1831442
SRR10958342,245883
ERR959622,664
ERR959762,654
SRR13234625,184965
ERR1374354,5914
SRR6956078,216669
ERR830337,235650
ERR247040,106
ERR7720654,653264
ERR2723540,5482
ERR273838,39952
ERR853627,52100
ERR1889347,475930
ERR1124633,317376
ERR1099495,102894
SRR17235498,14
ERR1888948,459260
ERR202621,614
SRR20002706,193824
SRR15036059,434454
ERR1427063,859122
SRR1872396,28974
ERR738282,70744
SRR11303083,231
SRR1871850,11784
ERR2723124,26876
ERR517902,83050
SRR10117579,201100
SRR5045893,233113
ERR590783,33840
ERR1821815,17504
SRR8587722,677276
SRR8784163,107836
ERR2723547,458184
ERR1857875,29930
SRR1872072,19680
SRR8552546,161116
SRR9899210,313224
SRR6654394,167
SRR8928828,9932
SRR16299135,15501
SRR16784090,321474
SRR7419856,23121
ERR871578,142
SRR6654902,13954
ERR1373710,45204
SRR9825000,47026
SRR9022957,925408
ERR1692482,52966
ERR573421,36236
SRR9849863,3197844
SRR10368282,19611
SRR6841458,404222
SRR6469826,60700
ERR1757752,27788
SRR6655358,7436
ERR960573,5312
SRR6176750,2128356
SRR1797743,147182
ERR716757,123688
SRR15600967,107878
ERR1757719,23548
SRR7410349,348298
SRR1062484,34441
SRR5810860,358
SRR1524245,627968
SRR14168552,186076
SRR5805917,112349
ERR871437,220
SRR17191189,167596
SRR12037506,192117
SRR9735175,443600
SRR10735827,123733
SRR11302909,111
SRR21966821,216254
ERR1122838,141270
ERR2723484,219528
SRR18192306,256032
SRR7008284,39094
SRR11427218,339828
ERR1216401,151086
SRR15871411,176610
SRR14710788,256440
SRR1872903,23896
SRR6890912,298561
ERR1889500,373270
SRR10040114,1160324
SRR11427334,166146
SRR10916837,43641
ERR4910731,262348
SRR9622331,841472
SRR7896793,428230
SRR17529061,229916
SRR1555523,5522
SRR14217629,114436
ERR998455,31140
ERR1204528,137776
ERR1374397,5100
SRR1872613,181264
ERR2154765,10822
SRR7789538,8989
ERR1620544,261940
ERR1099399,104058
ERR716705,63848
ERR1069065,278094
ERR659832,63546
SRR13998088,610478
ERR2723387,65108
SRR12661780,86514
SRR8787616,81859
ERR1204619,36620
SRR1872152,42474
SRR10151647,19866
SRR11427260,332516
ERR1892087,14400
ERR853721,41216
SRR1872050,23904
SRR9198895,18652
ERR1621461,32104
ERR2862349,1374284
ERR2723299,45642
SRR21528734,325974
SRR2013986,364816
SRR13039587,92879
SRR6170099,1343102
ERR958901,210948
SRR12446289,449788
SRR2834967,100410
SRR7613124,303115
ERR1124844,758538
ERR1888565,366706
SRR8293712,236744
ERR5056255,61143
SRR6654904,16340
ERR949634,172278
SRR1062220,21646
SRR6495322,402536
SRR12578021,1085220
SRR11302955,157
SRR14428590,186690
SRR19762962,109055
SRR5805907,77685
ERR1124821,347034
SRR8106349,422814
ERR2723049,48412
ERR1889742,116298
ERR1216562,21838
SRR18927013,505942
SRR7154548,39860
SRR10151581,56524
SRR6469381,60172
SRR11302540,116
ERR1426780,184816
SRR14924013,40912
SRR17282611,301275
ERR1204424,463988
SRR1871970,27460
SRR7268961,178214
ERR525409,48394
SRR6655222,7833
ERR1730737,12442
ERR10180598,160662
ERR1374425,7908
ERR1216134,92878
ERR1857684,30056
ERR1692477,55286
ERR1821725,20998
SRR392981,307767
SRR10916839,84967
SRR10151692,75856
ERR1816560,21652
SRR15204099,220095
SRR11140709,179145
ERR1216428,108814
ERR1124681,418636
ERR780058,80572
ERR1426763,163418
ERR1414986,56958
ERR959916,44
ERR1888744,81670
SRR1872989,144438
SRR8298691,374810
SRR13652353,142739
ERR1857726,30058
ERR1889260,92494
SRR11302382,34
SRR11033312,180194
SRR19571666,111756
ERR1414814,24962
SRR6468866,71624
ERR1124737,991464
SRR11427241,416294
ERR1216002,110432
SRR21092437,27118
ERR1215711,132
ERR959348,5870
ERR737708,99932
ERR1204306,205462
SRR8883722,106420
SRR1062591,16504
ERR1216184,113740
ERR960135,6924
ERR2723677,1534
ERR1374562,2418
SRR13149767,435130
SRR7662009,28507
ERR1252052,15100
SRR10490659,19812
ERR960403,828
ERR1475824,40442
SRR11540947,184242
SRR10753229,11530
ERR959629,5082
ERR1620435,407582
SRR1616929,478932
SRR10126194,27191
ERR202558,346
ERR1204314,123490
ERR1442581,11768
SRR8788667,474420
SRR10151590,39380
SRR11303336,154
ERR999234,39628
ERR1442743,15314
ERR968117,288
ERR968051,174
ERR999465,91420
SRR8244107,130593
ERR1124706,395782
SRR12469142,224182
SRR12356854,268612
ERR1692559,60482
ERR1107985,119150
SRR3342392,222535
ERR1215959,105670
SRR6469828,5192
ERR1888477,309296
SRR10126156,8072
SRR19594539,78767
SRR16299658,10666
SRR11302766,52
ERR1757616,22618
ERR1215929,185654
SRR5382037,111640
ERR1621649,50356
ERR960738,3604
ERR1252219,16220
SRR10222486,327336
ERR960817,12434
ERR7131168,511093
ERR1415421,83734
SRR12037367,282022
ERR1124778,314300
ERR1252204,24388
SRR2751002,250849
SRR15049568,173888
ERR1205092,548
ERR959559,696
SRR8798893,309184
SRR10151585,66478
SRR17547507,28251
SRR5004951,1591546
ERR517911,72830
ERR1888481,618940
SRR13234666,66141
SRR12971279,1621378
SRR10126172,14209
SRR17400071,172214
ERR1889443,206192
ERR1730580,33112
SRR10151905,42510
SRR12443347,257420
SRR8587699,7750
SRR8106483,35014
SRR6469804,1001002
ERR1216670,25760
SRR6469696,131428
ERR517971,107004
SRR9198912,18392
SRR4342168,62361
SRR5186142,154836
SRR8106571,44166
SRR18181439,583020
ERR977588,780852
ERR1216626,68180
SRR11909510,827520
ERR9077190,50581
SRR5017065,4571761
ERR2723174,134250
ERR1204323,169256
SRR11577265,61907
SRR5259815,1293560
SRR7119794,467384
SRR1062521,34828
SRR5163827,137653
ERR1374520,6592
SRR11302484,142
SRR13074855,27366
ERR1821775,21650
SRR15927808,153290
SRR10321298,4007200
SRR8106284,219792
SRR10735822,244463
ERR1415127,242
ERR1407597,26002
ERR963126,102
ERR925786,148810
ERR1888261,36650
ERR590757,29858
ERR1416190,63274
ERR960868,48330
ERR1730608,25098
ERR960505,4536
ERR1373526,16842
SRR11302477,249
ERR1857680,32678
SRR8106565,24130
ERR959618,10
SRR6469061,63942
SRR6289661,413116
SRR5921096,284251
ERR1415034,57214
SRR3086896,181806
SRR17299045,665716
ERR716773,210648
ERR1107988,150318
ERR959747,6264
ERR853739,46448
SRR10735843,140058
SRR2982513,188973
SRR6268165,216749
ERR999206,47570
SRR17085061,508200
SRR870780,89010
SRR11519042,187620
ERR1475795,28418
SRR1821787,338584
SRR10721216,271754
SRR7119862,30661
SRR13979103,1802067
SRR7268916,117312
SRR17530170,259419
ERR999392,34838
SRR8928753,208184
ERR718573,108838
ERR1218420,178984
ERR854858,128672
ERR737696,87034
ERR1888891,622078
ERR1730623,20828
ERR667633,60790
SRR3420315,1106428
SRR18254624,1394
ERR853647,45194
SRR6921816,266298
ERR518001,98044
ERR1251963,14442
SRR11302611,63
ERR1757486,28104
SRR18192311,65126
SRR10737694,652518
SRR10151965,103478
SRR10368283,35591
SRR398322,59262
SRR6466458,138876
SRR6469874,62070
SRR9849218,316164
SRR22207162,150026
SRR13376244,313418
SRR13724966,3792738
ERR1427164,637536
SRR6654421,7571
SRR21518684,7551030
ERR411646,82982
SRR1872210,28646
SRR11886674,178983
ERR959707,10236
ERR1757502,6402
ERR1373729,20642
ERR573424,36846
ERR716780,153444
SRR7280655,868800
ERR925737,254
ERR1374317,3530
ERR1442675,14184
SRR10827998,499114
ERR1857770,30304
SRR6469492,118622
ERR2723741,32192
SRR1872971,12850
SRR12194836,668536
ERR1216063,130354
SRR11302473,86
SRR11267525,372820
ERR1415254,62248
SRR10151723,24894
SRR9850664,14482
ERR999560,82560
SRR13759093,91512
SRR5810719,1738
SRR7789563,11293
SRR7662076,119352
ERR716817,202386
ERR1108013,108620
ERR1205233,207290
SRR6032092,284065
SRR6507304,27020
ERR1888789,18994
ERR1415154,19524
SRR10106418,122310
SRR10988546,90318
ERR4968950,202295
ERR1397037,7608
ERR1888737,146626
SRR6507306,29022
SRR5893086,31223
SRR6469219,75622
ERR960310,224
SRR13724956,1650564
ERR1374246,2718
SRR10277617,178948
SRR6877468,398772
SRR13249633,124612
SRR6654432,9818
SRR10956566,914066
SRR11303188,19
SRR8293705,156426
ERR949630,125582
SRR8784183,43852
SRR9207165,139878
ERR1108016,100844
ERR1889695,295844
SRR12194838,578458
ERR1108756,162396
ERR1216548,16624
ERR1475642,49394
ERR1821904,22926
ERR716722,69490
ERR2723841,37396
ERR1374124,4
SRR5810777,1628
SRR3018759,265647
SRR1146568,276250
SRR14993691,135463
SRR8883745,83300
SRR7886605,503059
SRR11186477,1329266
SRR18820776,459028
SRR10151732,13478
SRR11303243,166
SRR6655094,44502
ERR1889429,159938
ERR999550,96
ERR716900,159600
SRR8106470,28722
ERR1888816,22854
SRR6654445,6900
SRR16299004,8157
ERR963161,152
SRR6268079,31200
SRR10863060,1122030
SRR6250094,16002
SRR6469327,45050
ERR1204349,111936
ERR998196,160
SRR9861060,727426
SRR1821845,365244
SRR2735243,557704
ERR960790,7744
SRR17547536,27803
SRR10753237,20040
SRR10151731,32340
ERR1858081,27938
SRR10126178,16657
ERR659932,120698
ERR780054,59478
SRR835176,32670
ERR737695,67346
SRR10753222,37164
ERR1108140,242862
SRR9159929,333820
SRR15600960,72942
SRR8377231,239864
SRR12287390,139702
SRR12424278,26082
SRR12661842,77573
ERR1427386,910358
ERR1205377,348
ERR1108026,214038
ERR998382,538
ERR960584,854
SRR6798775,1241730
ERR1730504,22450
SRR8526623,132770
ERR1099433,121840
ERR1216177,123098
SRR17745596,17354
ERR1373452,24022
SRR11302889,138
ERR1889371,241432
ERR1888394,429134
SRR12436777,47132
SRR1062779,21549
SRR10753196,18432
ERR738279,82706
SRR10070697,90980
SRR5683301,85210
ERR1889242,26756
ERR1475771,19868
SRR546820,92288
ERR1415378,102918
SRR6176616,2821486
SRR1555564,18785
ERR1124884,662072
SRR4026153,590974
ERR963201,17734
ERR1891722,976
SRR1062422,26491
ERR1858112,26792
SRR1797766,296750
SRR6468819,86874
SRR1871935,9222
ERR2723355,256998
SRR6469545,204200
SRR9312984,107008
SRR18192303,426134
ERR1408858,96538
ERR1396945,94118
ERR525340,8832
ERR958775,33832
ERR853464,37244
SRR10070598,90018
ERR1407584,24080
ERR1373407,32346
SRR6784680,416594
ERR1374183,1598
SRR1062639,19369
SRR14217689,186486
ERR1397001,1022
ERR871592,88
SRR8591319,236138
SRR10753256,44800
SRR14428548,174178
SRR19859442,342750
SRR535943,51476
ERR1891691,64246
SRR6261595,242934
SRR6020414,266452
ERR1821525,26802
ERR1858083,28436
SRR11427383,439442
SRR10323884,1897922
SRR12194886,292872
ERR667372,35784
SRR12890227,447444
SRR11186465,1498136
SRR10974134,54382
SRR5320544,286332
ERR659895,202
SRR10887609,257874
ERR1215987,127734
SRR5378568,258686
SRR5494311,397748
SRR8377220,314962
ERR1107894,76960
SRR10735825,107533
SRR3655800,252858
SRR2751021,326650
ERR689821,100696
SRR8106663,41648
SRR527843,1269574
SRR19762957,128109
SRR8293708,160898
SRR5810917,1014
ERR1857614,28464
SRR7292730,156741
ERR1218386,188682
ERR960877,4250
SRR12658665,224363
SRR3498291,1057629
ERR854803,158494
SRR6250067,15450
SRR12554282,1124932
SRR1872454,23322
ERR1692518,91358
ERR1888235,61834
ERR1888171,264240
SRR2087771,251784
ERR7384914,719914
ERR659994,94914
SRR870782,129914
SRR17655019,188262
SRR12492998,110350
ERR1888275,32054
SRR8928898,61844
SRR6654257,29192
ERR1107903,103678
SRR9735179,502148
ERR959809,852
ERR960239,17974
ERR1757550,13566
ERR1427398,1066214
SRR2834953,129820
ERR1108112,335276
SRR10078098,629776
SRR7942612,972426
SRR14308857,322418
ERR1620444,374872
ERR232288,1255414
SRR11427443,288398
ERR9077192,49025
ERR1426995,933142
SRR13979076,1608646
SRR19571665,102203
ERR925792,90960
SRR6261579,83812
ERR340676,5784
ERR1124664,448252
ERR999286,104
SRR13979110,961656
SRR15663234,243348
ERR1218446,167846
SRR1062666,22916
SRR6469822,41294
ERR1416036,47366
SRR1872438,22
SRR5163824,193669
ERR1373366,19086
SRR12661786,65756
SRR13777246,362528
SRR22744751,238214
ERR854815,158848
SRR1871887,18458
ERR2723358,266668
SRR10126256,8677
SRR21966803,242516
ERR1124511,561804
SRR12974169,407982
SRR7008300,28594
SRR2834982,86242
ERR1621458,52736
SRR12888600,2830352
ERR1857742,3132
ERR7384923,5356452
SRR6507314,26292
ERR949688,200
ERR4172792,270830
ERR232353,821008
ERR1124499,412774
SRR6250324,175450
SRR6654998,9458
SRR998906,32488
SRR11080815,327588
SRR6054091,4416074
SRR16299189,13677
ERR1475618,33400
SRR6469684,213548
SRR10058764,708154
SRR14915984,85599
SRR1531483,3823974
ERR1475569,25886
ERR960501,2706
ERR963196,720
SRR10974000,64552
ERR4648669,105816
ERR3446762,75076
ERR1888411,15618
SRR6908635,3772
ERR738246,80262
SRR13559191,245561
SRR5593166,71258
ERR871346,152
ERR1374444,9414
SRR1531469,847314
SRR17224786,185794
ERR1122668,219056
SRR7119863,11928
ERR1125025,462252
ERR1407570,126
SRR6469426,82660
SRR6246049,879214
ERR7720664,731594
ERR1407644,30450
ERR1889833,186710
ERR998351,388
SRR3179608,230842
ERR959339,2060
SRR5820056,272690
SRR1554490,2831073
ERR1216075,110076
ERR1374342,18676
SRR13979049,120795
SRR14703455,22528
ERR1891737,4234
SRR10126257,9951
ERR716910,90822
SRR12037479,27428
ERR2723866,125018
SRR10070773,66766
SRR3083723,350100
ERR1108829,201466
SRR8706252,2334438
ERR3489867,628903
ERR1204232,202854
SRR1872274,18074
SRR12661857,51219
ERR1216089,118486
SRR8106317,566204
SRR18645018,203430
SRR6469417,53352
ERR1857773,448
SRR13646773,526464
SRR6261586,451287
SRR11302925,86
ERR216329,3134
ERR1289933,184494
SRR11107233,609657
ERR1374403,4344
ERR716730,58924
ERR1857889,550
ERR2723630,381624
ERR1416068,41824
SRR21140659,159102
SRR5022640,25148
ERR517992,88368
SRR7942635,5570562
ERR1888130,40438
SRR11303112,158
SRR14217603,99913
ERR1122732,213316
SRR5683297,245006
ERR697954,44206
ERR1442737,11588
SRR17723102,351554
SRR5443684,143841
SRR22018568,3655700
SRR6469561,103090
SRR891504,157396
ERR1475476,20018
SRR1062543,32293
ERR1821925,22814
SRR8526649,170656
ERR1099489,86740
ERR959649,11568
ERR755703,179646
ERR2146900,486226
SRR18267572,307472
ERR959448,5388
ERR2723110,25700
SRR6654664,12637
ERR1205313,20
SRR17630963,1977152
SRR12194963,659780
SRR6469331,95522
SRR11427450,321650
SRR6152626,144363
ERR1692489,66824
ERR518002,94960
SRR8914605,341408
SRR1062206,25442
SRR8106402,35540
SRR7119857,9873
ERR963207,290
SRR16298953,13046
SRR8106722,85276
ERR1757518,20838
SRR19571662,139135
SRR12661901,80204
SRR997331,533504
SRR6020433,97148
SRR14326886,405874
SRR8456909,798612
SRR6469422,69040
ERR697971,80494
SRR8357664,270363
ERR1395883,36736
SRR6468818,71916
SRR1872094,36030
SRR3622443,73321
SRR5879407,91984
ERR1821952,22708
SRR11033800,107490
SRR10126185,14049
SRR6176732,149980
SRR4468777,74094
SRR11302911,200
SRR6811831,300154
ERR1888751,166758
ERR1415096,50878
ERR1692445,2728
SRR10151773,38194
SRR11563224,82232
ERR959940,1836
ERR667485,20474
ERR1432009,182512
SRR1872146,40236
SRR6132702,133482
ERR2723551,603962
SRR9198981,7079
SRR1062214,37511
ERR1414882,24826
SRR17547528,30129
ERR1888151,90552
SRR12113706,421640
SRR9850667,1918
SRR1872183,64394
SRR6020401,2588224
ERR1407538,1206
SRR6268182,46301
ERR1540906,236224
SRR11303078,14
SRR6655349,6
ERR1692522,83904
SRR17630959,61591
SRR8526624,146086
ERR411483,215896
ERR830327,154516
ERR853738,53836
SRR20001193,703074
SRR12992435,3994286
SRR2735228,571940
SRR6908658,273016
ERR1218485,178294
ERR1757746,8068
SRR9596460,302370
SRR6468958,56052
SRR5006039,2399954
ERR1821652,23778
ERR2723807,60646
SRR10126100,21076
ERR2723827,946
SRR5443668,142173
SRR10899959,303093
SRR9198702,104407
SRR10151663,26406
ERR596427,13626
SRR10126193,22810
SRR14285954,183863
SRR13238433,14919070
SRR12708446,605036
SRR14213379,116976
SRR953575,188254
SRR10070682,316710
SRR6468776,82002
SRR19764264,1224966
ERR716735,60114
ERR1215899,213414
SRR6025622,479648
ERR960604,43802
ERR1374860,672
SRR10151978,81978
ERR1215891,198472
ERR1821718,23534
SRR4375100,1225314
SRR10040115,1224194
SRR12661595,99710
ERR3957800,602852
SRR11302420,191
SRR7119859,43345
SRR14703440,1324534
SRR633544,387078
SRR11186476,1356340
ERR1427206,950734
ERR2723816,43108
ERR1757734,19264
SRR7535437,49219
ERR1426834,226612
ERR3841995,1013954
SRR11302582,69
SRR10151930,39356
ERR1621606,53634
SRR10735830,126725
SRR9906815,671816
ERR667460,17034
ERR780069,143150
ERR718628,89790
ERR1857872,3966
ERR925717,39972
SRR1049951,290670
ERR1108012,115178
SRR1035239,282360
ERR959477,2490
ERR1891752,56616
ERR984490,2480
SRR10070690,195114
SRR8298668,540756
SRR6289793,72638
ERR1204612,111730
SRR10125995,13516
ERR968108,162
SRR7789608,548
SRR11302671,617
ERR1216500,117816
ERR1888200,184282
ERR1216625,66140
SRR10776672,132289
SRR11186444,910120
SRR12661923,95251
ERR1124955,692788
ERR1108195,95822
ERR1067176,465764
SRR16339851,233473
SRR10735820,126333
SRR13015646,358746
ERR1857815,31432
ERR1108822,104540
ERR1821640,25108
ERR596698,29474
SRR7905355,1669720
ERR1215995,145570
SRR9947427,267042
ERR1888830,38600
ERR854796,137902
SRR8383312,10828
ERR202579,604
ERR273852,0
ERR667570,50202
SRR1871955,24630
ERR999495,200
SRR959356,14578
SRR13181538,904042
ERR718565,108184
SRR10974096,63796
SRR11303058,80
ERR1443977,504348
SRR7015879,313668
ERR1891701,65602
SRR1062813,19742
SRR4330940,390968
SRR6020442,1068418
ERR697906,34858
SRR870742,25096
ERR1216353,179982
ERR1426770,129940
SRR11923003,184664
ERR1205300,270
ERR1108158,147954
ERR960027,2328
ERR3838736,290324
SRR6469759,74688
ERR1858054,24810
ERR1215904,192640
SRR6289737,75270
SRR12436830,13534
ERR2723113,28332
ERR716720,66914
ERR1414973,53084
ERR1396816,7
SRR9198926,18502
SRR12464067,332262
ERR1108193,96862
SRR10151998,70136
DRR162487,69066
SRR7299191,164501
DRR162517,79108
SRR11090014,41333
SRR11303348,816
ERR1205114,117596
SRR18267564,275734
ERR1621507,83170
ERR1821930,21060
ERR517943,65668
SRR7089630,506074
ERR2723526,88570
SRR12661852,89721
SRR13074857,13769
SRR2138300,148124
ERR1888264,32416
SRR19571669,113224
ERR737704,64996
ERR1442835,12354
SRR6468963,54510
ERR1216142,123338
SRR6468753,107360
SRR8928829,16432
ERR1621619,57950
ERR1888895,289482
SRR10151878,170852
ERR1124663,53892
SRR21966440,139582
ERR1374650,12840
ERR1124767,380268
ERR959278,7704
ERR1621680,48330
ERR2723707,19162
SRR17218111,326295
SRR6020370,28682
SRR21228032,79646
ERR1620538,136896
ERR1108142,140590
ERR340696,4646
SRR6468874,48766
SRR16299533,20705
SRR3420409,1513364
ERR1475559,36902
SRR7252511,982972
ERR1122777,718
SRR1872520,132616
SRR14217662,139429
ERR716709,58992
SRR11303312,108
SRR14703450,16320
SRR5520635,233068
ERR853664,43832
SRR5120129,252820
ERR1415263,62762
ERR1821701,24564
SRR6250374,113674
SRR10151895,47386
SRR6249991,50546
SRR10215490,39298
SRR17745566,3728
ERR1215824,16
SRR5893110,47004
ERR1218487,171856
SRR6020445,1078612
ERR590755,42882
ERR1889073,99032
SRR6469036,88302
SRR4457851,118717
SRR6469281,48346
ERR273872,178552
ERR1215991,147104
ERR960739,712
SRR6654409,36708
ERR2723447,121626
SRR8354696,72160
SRR11302452,165
ERR1374841,4702
ERR2723459,94520
SRR6654744,24592
SRR959322,59770
SRR10550573,89964
ERR1889817,138274
SRR11186431,1058336
ERR1426836,121260
ERR959226,1012
SRR3231344,4716946
SRR18097958,771044
ERR1816559,24592
SRR17247010,4612036
ERR1821981,24328
ERR1205276,56
ERR871335,291222
ERR1414992,36374
ERR1374600,6588
SRR11926650,484916
ERR2865439,136682
ERR1218345,200564
SRR6387404,393659
ERR582893,232
ERR1374304,4042
ERR959011,6072
SRR5044691,210837
ERR2723171,33644
ERR1427397,1201434
ERR871352,184
SRR7662085,43341
SRR2180301,103270
SRR7444119,578044
SRR3231269,3009422
ERR1124635,367386
SRR6655103,46036
ERR1889368,426650
SRR17026704,265762
SRR6469161,184802
SRR5921061,412231
SRR8922967,291300
ERR853716,41590
SRR6289804,79746
SRR6250022,44958
ERR517979,105794
ERR1816528,21976
ERR1475605,29162
ERR1857660,29920
SRR7041785,138183
ERR1124508,310478
SRR10004228,475052
ERR780323,101478
SRR6249980,51142
SRR7886621,412382
SRR11427421,290616
SRR10070770,151058
ERR1475537,43444
SRR10312405,196536
SRR6246048,551348
SRR6908603,32704
ERR1821597,21428
SRR12661700,62244
SRR9207199,141384
SRR15036069,956227
SRR11090047,46367
ERR1395871,292
SRR15048108,66788
ERR1252163,18454
SRR6327864,338938
SRR12070752,23984196
SRR12436809,65289
ERR2154677,53826
ERR1620520,221062
ERR960721,5508
SRR19430251,168773
SRR10312408,157600
ERR960483,111332
ERR999373,98692
ERR1395919,68906
SRR6469035,78158
ERR1216059,121838
ERR697859,40574
ERR716710,58692
DRR162462,39916
SRR870924,129585
SRR5119935,104633
SRR11303266,307
SRR6469374,58890
ERR1415265,54906
ERR853492,41722
ERR958805,10484
SRR13849956,651106
SRR1872629,49264
SRR10151664,58532
SRR10070560,88888
SRR7410446,224984
SRR9622324,198829
SRR17547534,28584
SRR6237740,156316
SRR12661749,137793
SRR15831084,347260
ERR1252203,19708
ERR1407640,33152
ERR1416126,56264
SRR3139122,2471722
ERR1216465,16594
SRR3381805,176030
SRR10126046,25852
ERR780045,83592
SRR16299369,20230
ERR4648683,106498
SRR8883855,37754
ERR1621665,50936
SRR13181523,808808
SRR6469251,122814
SRR16195453,74582
ERR273869,1292
ERR1122671,162870
ERR998309,33250
SRR12287401,9097
SRR6654598,26829
ERR1888331,310992
ERR596429,15106
SRR14139667,290508
ERR1858020,30744
ERR525403,65178
SRR10753225,17592
SRR9692019,127596
ERR830305,176866
ERR1889048,170628
SRR8106703,15546
SRR5579865,34070
SRR10070623,182946
SRR10151771,66468
ERR1426764,161420
ERR959997,932
SRR1872402,40126
ERR780040,64108
SRR20083930,276520
ERR1373488,23778
SRR8883815,488842
SRR8106534,17150
SRR18927192,75382
ERR871566,164
ERR1706521,140760
SRR1872055,38254
SRR6469820,35862
SRR10510887,758058
ERR525400,51628
SRR7268863,106406
ERR1395826,20914
ERR659787,80628
SRR10974091,50618
SRR22525913,173472
SRR6793271,283602
SRR17720614,236008
SRR3179613,106498
ERR1107964,151708
SRR6289819,77846
ERR1442748,19092
ERR1215580,56
SRR6469656,152492
ERR871357,1300
SRR13724928,277640
SRR20001186,695446
ERR3931362,155346
SRR038626,110975
SRR1531474,46030
SRR18063818,735352
ERR1124609,328374
SRR14217593,129917
SRR6468948,48270
ERR1108826,114692
SRR11869094,91800
SRR11427424,417726
SRR10070606,13240
SRR22270149,184972
ERR411484,95582
SRR959349,33925
SRR5113038,139032
ERR999359,88
ERR1730636,26534
SRR14923959,186242
SRR13437191,164878
SRR9728707,469808
ERR1888662,46564
ERR853521,43390
SRR15458889,174847
SRR6211485,186224
ERR853789,51016
ERR145631,187972
SRR17723097,378702
SRR9198911,13066
SRR8106508,22392
ERR1218354,195190
ERR573445,35052
ERR1374336,8062
ERR1857591,28362
SRR18056674,350900
SRR7268831,102874
SRR7410373,127858
SRR8883826,78192
ERR1410208,109102
ERR492313,74402
SRR17547553,33744
ERR1415451,109564
ERR9077162,55082
SRR10974069,63098
SRR7905402,3180278
SRR2136294,341743
SRR7410474,281658
SRR6251105,6244
SRR941753,436846
SRR13565180,410260
SRR7268932,110544
SRR10010388,64368
ERR780025,74320
SRR15813424,385390
SRR8552567,102780
SRR10277627,280352
SRR1872429,24
SRR6846416,398786
SRR6250328,60392
ERR998247,62498
SRR10127653,193604
ERR963125,112
SRR6469069,49732
SRR10836781,263616
ERR1124718,173660
ERR959127,822
SRR22270153,193132
ERR1475533,30118
SRR6289755,199052
SRR10753263,44818
ERR1203500,206346
ERR202560,1450
SRR8106261,575054
SRR5822008,140176
SRR6655344,11594
SRR14710793,208678
ERR853637,45896
ERR232357,1048504
ERR2723042,20160
ERR1108778,114040
SRR6655092,49457
SRR10126311,10621
SRR10117516,243364
SRR11427230,488828
ERR1426866,957320
SRR1871896,15152
SRR11302371,156
ERR1857861,4114
SRR6655271,10686
SRR1872126,35582
ERR1888562,661936
SRR11303183,120
SRR9962821,9753030
SRR7612998,917857
ERR871324,343218
SRR1872216,34310
ERR3909552,70486
SRR3139105,772592
ERR1407665,28850
ERR1475763,11916
SRR16964688,268870
ERR1215992,135428
SRR1523214,120688
ERR1857975,27370
ERR4648706,95490
SRR6654469,19535
ERR1730530,27448
ERR596615,43424
SRR13839959,115555
SRR10550548,112650
SRR8106300,300344
SRR10974065,63408
ERR1373714,61232
ERR1821581,20934
SRR13015568,1596158
SRR9159933,1799460
SRR7063571,627726
ERR1889434,263190
SRR18516723,797401
SRR10321284,18484
SRR16299130,38144
ERR959674,2950
SRR6655097,45848
SRR20869076,64892
SRR14075706,232638
ERR737745,86506
SRR6468792,82832
SRR1872773,22422
SRR13979054,83265
SRR10887529,645222
ERR1889279,167442
ERR4172793,512220
ERR871511,422654
SRR19764256,977592
SRR11302340,365
ERR1889505,5070
SRR11603946,464824
ERR1216085,80778
SRR9728726,411670
SRR12436753,52514
ERR411504,48274
ERR5838118,622064
ERR1730763,31378
SRR6655174,11755
DRR051061,2610864
SRR13646725,360348
SRR1872129,10212
SRR8106604,60660
SRR9198916,9325
ERR1124917,835000
SRR11302857,119
SRR1062643,19748
SRR11855600,423004
SRR5120133,68716
ERR492297,49248
ERR1122658,196498
SRR18056675,343042
ERR780119,140628
ERR1889574,50824
SRR11302808,75
ERR1395831,25138
ERR830284,212550
ERR1215967,129324
SRR15910165,201243
SRR5443715,46994
ERR1889196,90602
SRR10126277,11752
SRR9182373,343554
ERR1125003,486202
ERR467071,63686
SRR5520633,189991
ERR1395876,5430
SRR5810786,1026
SRR1265745,311279
ERR1857935,30960
SRR22270142,183926
SRR578923,384123
SRR10017651,697920
ERR1889579,28592
ERR958903,12334
SRR21518660,2328980
SRR5382012,144398
ERR1730632,15374
SRR14060975,282896
SRR6825149,439240
SRR11427446,289734
SRR12037335,12052
SRR10735811,134
SRR11926677,331078
SRR8787635,2956184
ERR590762,36990
SRR7947903,14243966
SRR7662026,35902
ERR958900,0
SRR13269769,189960
ERR1889635,112286
SRR11303284,169
SRR8928896,40290
SRR11519057,124469
SRR12340476,645130
SRR6250083,56660
ERR1888943,511414
ERR1730747,20340
SRR12356852,342428
ERR968083,364
SRR11303071,58
SRR6469727,141562
SRR6760982,483182
ERR1757419,22844
SRR1062605,19380
SRR6890871,83849
SRR16195468,53440
SRR18297399,1708756
SRR14924008,841
SRR9198640,10177
ERR1427364,1571176
SRR22805217,219470
ERR1426914,928528
SRR18124525,658752
SRR6494604,813374
SRR4017375,1193618
SRR15691854,59896
SRR5921100,284174
ERR1888256,103032
ERR667383,16788
SRR11427265,384768
ERR1069109,244958
SRR9182365,390110
SRR10151700,159138
ERR1204425,431152
SRR12083059,1973722
SRR1062381,113981
ERR7720649,5010064
SRR11303376,72
SRR15831103,344990
ERR340713,215490
SRR7154526,37294
SRR1062328,110822
SRR13602444,281632
SRR535848,56420
ERR667374,49538
ERR960261,68024
SRR1872836,10062
ERR1218409,139594
ERR1888347,114720
ERR1108786,205756
ERR1108092,332790
ERR1415156,35808
SRR8244081,121557
SRR1062289,28990
ERR1858115,32628
SRR5931502,12756
SRR16905263,817044
SRR11302952,62
ERR716885,160566
SRR9198923,5972
SRR10887503,154848
ERR1252210,19268
SRR6469139,61864
SRR6469176,89396
SRR1062264,528726
ERR1204578,97198
SRR16905274,1109868
SRR18505679,336494
ERR1706523,66772
SRR1062617,18233
SRR18516953,19705
SRR11303227,386
SRR8106547,32944
SRR3207410,92519
ERR960965,48
SRR16298927,10958
ERR959041,0
ERR999497,54068
SRR7824324,14
SRR12194831,462736
ERR1373766,40616
SRR2927821,1459828
SRR6277536,100149
ERR1124794,285336
ERR1730527,22166
SRR3679546,453688
SRR4369385,164819
ERR960617,11472
SRR6468947,88930
ERR1415082,62736
SRR4375099,7156828
ERR998440,28832
SRR12340124,495176
SRR1872482,55996
ERR1858050,20688
SRR9850666,11380
SRR6654883,5386
ERR1374439,9332
ERR1415242,74316
SRR11302928,349
ERR998328,118
SRR516559,174
SRR11427240,401544
SRR8787744,294264
SRR7535419,60649
ERR022484,421276
ERR999347,108
ERR1888246,35876
SRR7410463,283522
ERR1857589,32958
SRR8799031,220692
SRR8435107,271602
ERR830348,190862
SRR11926626,169060
SRR10070718,85556
ERR517908,63110
SRR16299572,8643
ERR697843,39972
SRR6655064,21378
SRR10070592,230204
SRR10126216,12416
ERR1620421,457808
ERR960029,2418
SRR941749,450613
SRR5810778,5008
ERR1427157,743426
SRR17085059,1463066
SRR8197481,209572
SRR10151747,1029692
SRR1872501,173446
ERR738238,72234
SRR10511882,149475
ERR1252168,15922
ERR2723981,16796
SRR12999693,1207
ERR1888148,80728
SRR1872717,10900
ERR1108207,105660
SRR7444128,459060
ERR667426,30914
ERR1889639,320652
ERR959527,1954
SRR11302504,111
ERR1107938,173034
ERR853592,43462
SRR11303084,188
ERR960823,106
SRR1872675,18388
ERR1374805,3190
ERR2722975,429890
ERR1821941,24094
SRR10151780,45386
SRR3083709,120068
SRR1062745,122060
ERR1408825,55034
SRR7266724,266291
ERR737713,112776
ERR1108795,107056
SRR11214400,130216
SRR16299471,12104
SRR18267568,254090
SRR19571670,113345
ERR1889786,580398
SRR6250134,1944
SRR15483589,259693
SRR10151957,31288
ERR582892,132
ERR1427042,823824
SRR1554491,3302151
ERR1374254,10630
SRR1872462,26102
SRR7292738,151751
SRR8784181,63548
SRR10323913,1291652
SRR8133151,209722
SRR10974059,69280
SRR3381811,139038
SRR1062249,406917
SRR6654347,12556
ERR1889686,271772
SRR9198860,11252
SRR6654437,6873
SRR8787595,26558
ERR1426893,942610
SRR10151813,11888
SRR12659574,238584
ERR1124946,619146
ERR1888474,303700
SRR1872496,28
ERR958856,18502
ERR1730798,27072
ERR517876,77496
SRR2567882,59018
SRR11039789,121732
SRR6289691,52294
ERR1205100,4446
SRR10038917,599212
ERR1124603,473148
SRR6469682,68022
SRR15626551,320294
SRR7789520,16239
ERR738288,91642
ERR279661,1615702
ERR1374570,5394
SRR12712227,160524
SRR12283716,462866
ERR697916,68778
ERR1889136,65112
SRR22044646,224794
SRR10948646,421712
ERR1889816,675616
SRR1872358,38062
ERR1821854,23978
SRR5259816,1392600
SRR11302838,69
SRR11303073,135
SRR17689310,182412
ERR1216111,121920
SRR6469524,237014
ERR755677,183666
SRR10126174,13245
SRR18352690,5909
SRR1062581,18295
SRR17547526,31078
ERR1107966,124732
ERR1124472,222130
SRR6176658,80076
ERR960385,1228
SRR11140718,246173
SRR5809480,113803
SRR8441459,214074
SRR6072785,156292
ERR854802,182442
SRR9849265,837614
SRR5639263,2607994
ERR1216743,25420
ERR492321,65830
SRR4243167,126205
ERR1069130,527684
SRR15036080,757597
SRR10899678,927486
SRR9119506,1528269
SRR10126029,12421
SRR5666980,276552
ERR1204251,133254
SRR19430250,151598
SRR6655239,9259
SRR16299120,6509
SRR9728739,482082
ERR1889359,180224
SRR17604935,61573
ERR2723288,179916
SRR10136115,50693
SRR1010334,3888
ERR853502,37900
SRR3420337,2539372
SRR21092434,25806
SRR6250011,53816
ERR1858038,28850
SRR8587728,677804
SRR11302791,59
ERR492372,48858
SRR2735227,422264
SRR17691946,146714
SRR6468911,94092
SRR9674310,139154
ERR1889477,234256
SRR10737690,502926
SRR13332324,253352
SRR7240614,37135610
SRR11040630,295022
SRR1010323,3182
SRR10070537,578326
SRR14428578,268534
SRR5883563,290686
ERR2723918,213336
ERR1373483,20158
ERR999547,42748
SRR6250371,110334
SRR9336426,9283352
SRR1872957,11284
ERR998113,27366
ERR999215,44866
SRR12356848,270946
SRR7789581,6980
SRR13865266,137743
SRR5921139,202357
SRR12037503,212577
ERR1821988,20500
ERR1373628,64854
SRR12037473,76357
SRR13938357,105882
ERR963146,51940
SRR6468787,123798
ERR1889586,25190
SRR11874793,93270
SRR8106640,49622
SRR22044636,535054
ERR960973,88
SRR10887463,712616
SRR13565182,406654
SRR10058773,242330
ERR958820,23806
SRR6469467,43874
SRR8928763,242742
ERR1415076,80872
ERR959651,22528
SRR11090027,43374
ERR1204454,286582
ERR1692554,69834
SRR3666776,655682
SRR17968069,337720
SRR4457852,106972
ERR1888581,494254
ERR830309,205232
ERR1889795,36912
ERR984497,1950
ERR1373587,58904
ERR1621480,59082
SRR10151772,84372
SRR9199017,7405
SRR13242483,24146
SRR1872504,38
ERR1124631,449464
SRR8928722,214398
SRR15321088,269734
SRR14217691,198646
SRR19117215,1134372
SRR11303051,84
ERR1858111,31866
SRR11303351,175
ERR1215955,131940
SRR5921198,424642
ERR1416040,26716
SRR11777186,219354
SRR11016374,318482
ERR1821917,21314
ERR2146967,468664
SRR8787687,250123
SRR13780553,329388
SRR21966809,387860
ERR1215552,42
ERR960589,1818
SRR12070739,25791892
SRR12661815,95065
SRR11862827,109272
SRR4423744,717405
ERR517968,103090
ERR998136,78
SRR6020340,18348084
ERR1205412,72
ERR854799,181686
SRR10753262,37466
SRR10956573,847380
SRR12436818,96922
SRR17400058,170094
ERR1407556,512
SRR13176111,1351810
ERR1475545,37102
SRR10887553,407820
SRR17497226,198544
ERR1124537,508396
SRR13297034,579120
ERR1125084,329140
SRR3381867,161294
ERR1427296,1031026
ERR853565,45064
SRR14217685,95636
SRR11852112,167386
SRR3018753,194351
ERR582913,2224
SRR3231352,6337856
ERR1374602,18890
ERR569534,1046
ERR596430,14776
SRR6469190,106946
SRR11917486,4520012
ERR1373675,48234
SRR5520634,185612
SRR6654766,15946
SRR9825129,49794
SRR14902687,269073
SRR11302762,207
ERR962960,434
ERR959413,24
ERR517851,102314
SRR7891994,52610
SRR1821813,218936
ERR202545,20596
SRR10070585,21368
SRR10153637,288954
ERR1426872,769570
SRR10887437,295660
ERR1888852,42718
SRR11080797,223714
SRR8948493,312196
SRR6784683,313516
ERR1216477,21306
ERR1888661,383828
ERR1730807,29952
ERR949675,238
SRR16964690,306744
SRR12443362,694488
SRR16148349,508044
ERR659865,178704
SRR10550559,84442
SRR1872113,13578
SRR8788717,99783
ERR1888542,632554
SRR14428571,128182
SRR11427375,448478
ERR2723086,64456
ERR1122679,265298
ERR1124560,674428
ERR1891753,63118
SRR8914608,461988
SRR7746634,48729
ERR780093,72318
ERR1216746,25726
ERR1888490,248096
SRR13674525,179656
SRR16299578,28956
SRR6469488,39984
SRR11302815,143
ERR960381,254
SRR8135955,495672
SRR12125395,37411
SRR7789547,12679
ERR963171,12372
ERR854795,131702
SRR10151571,40192
SRR1062598,18262
ERR959251,1286
ERR1821570,22638
ERR1730566,20720
ERR1442790,11828
ERR958823,11636
ERR1888184,116932
SRR2225789,153605
SRR14915971,79854
ERR1730654,14634
ERR2723703,10980
SRR13191908,4382902
ERR1414901,55842
ERR1374364,6182
SRR14233935,218444
SRR11933717,132463
ERR738249,67218
SRR9325684,213358
ERR716837,198498
ERR1124780,271782
SRR2750981,358751
SRR6469579,118590
SRR16299543,9465
SRR18042705,136316
SRR15626596,1958244
SRR6163069,2708640
SRR6469548,121352
ERR689883,95262
SRR1871922,11074
ERR1692444,65028
SRR21782744,392316
SRR6655026,6458
SRR5115717,158549
ERR1396922,136310
ERR716834,158602
ERR853567,67296
ERR1892030,97072
ERR960911,10
ERR1203529,201542
ERR1891747,62764
ERR1621345,52630
ERR1414856,50082
SRR17879860,369289
SRR9692015,113638
SRR6655001,7235
SRR6921817,311126
ERR1889481,182188
ERR999448,72982
ERR1373606,49978
ERR1816556,25084
ERR1889286,547670
ERR1108043,117038
SRR17745559,5778
SRR11302302,155
SRR12070791,21908876
ERR1374564,20604
ERR1621689,120
SRR630463,200444
SRR11577240,40626
ERR1427069,847692
SRR15204073,176615
SRR7268972,197010
ERR1099447,107694
SRR10070599,124154
SRR11427264,396410
SRR10887568,591074
SRR3381733,155784
SRR13839966,115847
SRR9945455,1406350
SRR19667659,137678
SRR17375070,1098755
ERR492377,54624
SRR5163099,140741
SRR14217671,116344
ERR759356,170348
SRR6655278,13944
SRR6654643,16266
SRR13242471,38824
ERR960975,62
SRR13417612,581348
ERR1374856,2764
ERR958884,4
ERR1122821,76800
ERR830317,229834
SRR15036065,578365
SRR5119941,69613
ERR1373448,14932
SRR7662036,29308
ERR3446745,67578
ERR9787508,343942
SRR6469342,65876
ERR1416182,49994
SRR7789601,13225
SRR10040105,1120044
ERR1215850,180968
ERR340735,187426
ERR667504,37880
ERR959110,5760
ERR759361,116774
ERR2723638,174552
SRR870755,39054
SRR12474681,953761
SRR13789077,1032962
SRR6411469,135768
ERR1416115,60982
SRR12194960,858700
SRR8485409,42089
SRR10753206,47370
ERR1675931,544770
ERR2983451,170968
ERR1442695,13970
ERR949692,207246
SRR8788651,3010390
ERR999256,138
SRR15036081,846636
ERR1443975,385926
SRR6250023,40788
SRR11302404,1064
SRR11302880,81
SRR15338448,288992
ERR1407670,88
SRR10510891,612614
ERR1426911,886246
SRR6469162,76904
ERR2722968,2036
SRR10126018,20276
SRR6039684,794010
ERR1108534,280446
SRR6249954,48114
SRR14213381,76766
SRR10126063,11112
ERR1620575,4
ERR1857904,30456
SRR12661900,81718
SRR5687195,13468
SRR10990413,629740
ERR1416063,32172
SRR11874780,80872
SRR19364720,1229066
SRR6654951,9948
ERR1621449,39452
SRR3932208,240846
ERR2723382,79038
ERR1888597,351648
ERR1203512,154650
SRR11785638,106928
SRR5483543,259932
SRR6469054,740724
ERR960333,33964
SRR1872042,30
SRR5810732,1750
SRR9198722,73104
ERR1108127,441502
ERR698002,100546
ERR1427105,761174
ERR1216515,119744
SRR13693861,503992
ERR1122803,219094
SRR8802099,186110
ERR959180,140
SRR9728751,483994
SRR8928845,63178
SRR1708343,538606
SRR870749,27948
SRR3622445,107704
ERR2723166,15254
SRR3536537,99434
ERR1216774,30868
SRR6039687,391228
SRR6469479,76540
SRR4241539,1619034
SRR17547501,21719
SRR22968681,172196
ERR1374410,8698
SRR10153645,287708
SRR5921045,305355
ERR1108062,121704
ERR1395881,106
ERR998444,244
SRR22825762,6378034
SRR801556,152170
ERR1124879,597284
SRR10151572,19332
SRR6654870,5584
SRR6654555,27882
SRR14703433,69772
SRR3420429,116028
SRR6890876,94057
SRR11773519,154606
SRR11303025,35
SRR13789072,769770
ERR853571,44332
ERR925712,362
ERR2723871,58376
SRR10010351,65166
SRR1555544,4334
SRR5810789,2918
SRR13429148,114003
ERR525334,58788
ERR10180587,1746762
SRR1062586,18304
ERR1396904,4792
ERR1757680,32668
SRR6289723,76086
SRR10550511,73100
SRR7299201,211748
ERR853720,62450
SRR10040087,1618946
ERR999451,618
ERR998280,360
SRR8787597,89749
SRR13076834,88343
SRR9906809,13874932
ERR962988,3960
SRR10550555,102965
ERR1204645,129880
ERR569524,2334
SRR15927804,107588
SRR8054402,542912
ERR1374596,7754
SRR3381726,167602
SRR20001191,793804
SRR7947905,7614056
SRR17714711,358788
SRR2180303,164915
ERR1621555,62368
SRR8441447,120316
SRR11303087,219
SRR21966436,175945
SRR9961215,640970
ERR4648684,106996
SRR13339149,201868
ERR1620512,394626
ERR1427253,895724
SRR10152000,133226
SRR14217597,35151
SRR8383313,10840
ERR1416164,58082
ERR1374502,12100
ERR2154649,9872
SRR15347701,560438
ERR375745,989558
ERR1204583,98392
ERR1426858,692528
ERR10180599,166352
SRR10117537,236389
ERR1215851,470
SRR6289789,85558
ERR1442587,13790
ERR1374347,3652
ERR2146927,311534
SRR14693489,134994
ERR2723138,31180
SRR6211482,196924
ERR999193,35282
ERR1621651,56042
SRR10974020,71474
ERR1107876,384218
SRR1872750,21200
ERR1475613,47122
ERR1889409,71190
ERR830300,201714
ERR1216783,38508
SRR10916832,85591
ERR517989,83822
SRR2968429,720064
SRR7419836,25434
ERR1416078,23836
SRR870848,130249
ERR1218402,167004
ERR1407648,20344
SRR13646767,428256
SRR5441849,2319638
SRR11684011,12668
SRR5837501,265876
SRR10151890,96474
SRR11267502,211412
SRR6655127,60799
SRR9199003,11660
SRR1872503,103524
ERR1374648,8262
SRR1872187,69460
SRR6654775,18700
ERR1124783,369408
ERR1730803,23982
ERR959560,838
ERR853687,48472
SRR578920,17794
SRR9198754,13028
ERR1374703,11278
ERR1888630,6934
ERR960977,298
SRR15711650,400448
SRR22318718,87528
SRR1872832,9924
SRR6267987,797682
SRR11213708,82559
ERR1416195,55676
SRR22404867,197690
SRR6654899,16570
SRR8293713,198862
SRR1028004,151866
ERR960262,5854
SRR5504148,161463
SRR3420319,1494670
ERR960867,121016
SRR10151770,23014
SRR2089838,102778
SRR1062292,27340
ERR2723313,39802
ERR1374685,16314
SRR10887543,212064
SRR8928838,15538
SRR12469172,210990
SRR12933780,10638
SRR11856752,327772
ERR1620578,73952
ERR1889480,315198
SRR21966818,239708
ERR1107978,203886
SRR14270303,2532292
ERR1475690,26226
SRR10126157,8640
SRR10753179,11766
SRR6469144,107908
SRR13979070,1465474
SRR12340455,927934
ERR2723216,234
SRR11305419,353513
ERR1858138,27026
SRR3183438,821120
SRR8106420,39724
SRR17714719,310696
SRR10151682,61626
ERR1889263,42440
SRR12661785,66046
SRR12083046,3727414
ERR1407699,23922
ERR3266391,25965
SRR11303002,111
ERR1252194,17720
SRR6654821,21159
ERR9077199,50528
ERR1252116,19590
SRR1531464,89478
ERR670999,69620
ERR223599,3226
ERR1373578,53508
ERR926038,422
SRR5921186,376283
SRR8883725,79948
SRR6468991,54922
ERR958958,103512
SRR8286593,267382
SRR12340475,899584
SRR11243177,4871976
ERR1888192,158804
ERR871485,1148
ERR1730685,30118
ERR1124855,723224
ERR4321733,80224
SRR6416908,676968
SRR12469185,195476
ERR3446777,67246
SRR16299129,11569
ERR273848,4305276
SRR7268935,137460
ERR1252064,15450
SRR10151914,75508
ERR999433,288
ERR1821958,21386
SRR11303100,22
ERR1216174,95032
ERR202590,2602
SRR13221964,933274
ERR1857902,29486
SRR13115071,1234688
SRR1062542,31825
ERR1889725,116238
SRR22805231,172848
SRR5443673,139503
SRR11090034,51481
SRR998895,33772
SRR6250123,2840
SRR12661625,49630
SRR7892034,20654
SRR9596465,306018
SRR11427295,376844
SRR959340,21103
ERR1888709,94450
SRR7419869,143
SRR8135954,553244
SRR8883786,129381
SRR15712669,4740
SRR8135958,426202
SRR5125766,936926
SRR14722568,330382
ERR959219,1936
ERR853451,45702
SRR8134460,85808
SRR21420705,197562
ERR1252035,15630
ERR1124716,327600
SRR16299473,16196
SRR12661916,97120
SRR22270140,192162
SRR7909911,468810
SRR15831118,523104
SRR5979262,34111
SRR3159084,95674
SRR12436782,53839
SRR13724973,2061742
ERR718572,114342
SRR12661733,35051
SRR11886669,133371
SRR15600917,95438
SRR12194928,543018
ERR1108083,333728
SRR6654912,6651
SRR592708,247170
ERR1407590,1036
ERR960964,12
ERR871455,67306
SRR5443671,25589
ERR596663,30216
SRR12661792,67994
ERR657529,57076
SRR18220781,47113
SRR12658668,677909
ERR1888348,314340
SRR19638159,1430864
SRR2750991,403778
SRR6654593,26850
ERR2723041,40110
SRR6250303,156022
ERR1891751,58488
SRR7662075,121909
SRR3544815,62030
SRR7268845,105070
ERR959190,5730
SRR15831086,297282
SRR8928768,142692
ERR1407618,20874
SRR5921196,369230
SRR5810947,7090
SRR10423789,382610
SRR3679525,373264
SRR3183441,1272548
ERR1757503,27002
ERR1730704,27222
SRR16292403,235316
SRR5893150,25307
SRR7236658,22161734
ERR1415259,76686
SRR14702158,3425403
SRR10611682,5570422
ERR1415047,37750
SRR20002727,99815
SRR12661856,43789
ERR737701,124770
ERR1857718,572
SRR1188160,78290
SRR6811828,417077
SRR17745583,3824
ERR590763,41776
SRR10151826,79292
ERR853580,47586
SRR10151873,103886
ERR1427405,1039162
ERR1475535,43932
ERR9787504,442030
ERR1821645,20338
SRR17731333,209742
SRR10753223,19628
SRR6469310,86160
SRR16574814,299712
SRR8787663,42714
SRR630470,190268
SRR3420428,90104
SRR8928810,19874
ERR926028,334
ERR1374232,3616
SRR5443699,51780
ERR1215696,292
ERR959378,820
ERR871339,286722
ERR1204229,166384
ERR1408776,230
ERR958925,24664
SRR2239189,155003
SRR11092480,158583
SRR10151744,14224
SRR10070627,88458
ERR1427005,706848
ERR10047707,190306
ERR1374561,8130
SRR15927799,168744
ERR1621673,52754
ERR949660,185898
SRR10394610,351828
SRR8106627,19982
SRR7240610,9852018
SRR7240611,28264002
ERR1427142,1022818
ERR1757682,20084
ERR1124869,608746
ERR582931,1948
SRR10117570,292841
SRR13381155,381568
SRR8928906,55410
SRR6469854,131868
SRR8129706,132526
SRR8244106,130132
SRR1872723,10526
SRR10038911,530560
SRR6908624,13792
SRR6469800,165512
ERR1124530,401180
ERR232297,15522
ERR999381,80
ERR1889365,129702
ERR1374281,3744
SRR15498145,86575
SRR9849241,252626
SRR11302763,97
SRR5810670,312717
SRR5893051,1051334
ERR1122808,64392
SRR11359863,470385
SRR8526646,143644
SRR15600965,95626
ERR1215815,136
SRR7119831,3874
SRR11590409,120019
SRR5931544,224821
SRR2834964,100058
ERR1289930,196358
SRR10753202,14224
SRR6654652,13654
SRR6469066,83956
SRR12464084,232670
SRR6268091,46915
ERR1205344,248018
SRR3381754,375492
SRR5382023,104267
SRR1872306,208330
ERR1407558,148
SRR17654995,46276
ERR853534,47110
ERR2723646,11666
ERR2723506,89414
SRR10125978,27566
ERR1889038,57894
ERR962970,55690
ERR1620485,526554
ERR959616,9286
ERR1374169,2250
ERR1620561,156462
ERR1252133,17796
ERR1374538,6808
ERR10047713,219078
SRR6811829,211631
ERR960889,4696
SRR13074845,23483
SRR11303271,232
ERR1216764,17870
SRR8587733,603624
ERR1252109,19042
SRR18516717,759823
ERR2154788,31732
SRR12774395,158472
ERR959791,1040
ERR1857884,33072
SRR6020307,9441764
SRR11814646,534928
ERR1427062,70244
ERR830289,207406
ERR1888718,140004
ERR1442606,11078
SRR5893137,32456
ERR959489,11222
SRR3381762,229154
SRR5443672,161488
ERR1889855,161152
SRR7785379,719042
SRR7661995,12751
SRR6469394,26252
SRR11302424,150
ERR1216052,135786
SRR6250189,117380
SRR2180311,167254
DRR189399,103752
SRR11448254,264052
SRR6654456,26561
ERR958974,438
SRR17714692,350244
SRR1062418,26006
SRR9674327,776410
SRR1872366,31638
SRR1872384,31618
SRR18390909,1936088
SRR800045,1836670
SRR7892013,201950
SRR10765084,147160
SRR13759090,89830
SRR10776679,89259
ERR1416198,66330
SRR5810704,1046
SRR5533731,229104
SRR8928922,202782
ERR1621603,66116
ERR2723747,89152
SRR11951229,121855
DRR032751,117512
ERR667463,36374
ERR960821,4522
SRR13796907,1479950
ERR1858090,27862
ERR1203516,158176
SRR14915972,88523
SRR1872102,36168
ERR1730589,25114
SRR11206251,53884
ERR959892,1500
SRR11427254,442252
SRR6655298,3547
ERR1475819,25012
ERR1757705,22422
ERR4140032,224537
SRR6784688,907822
ERR959192,9832
SRR6655276,935
ERR1252105,19028
SRR13115079,908796
ERR999568,67528
SRR1062235,60003
SRR9207170,207990
SRR8868538,91458
SRR10887604,426882
ERR1408796,87560
SRR12287379,166044
SRR12661769,58938
ERR1099441,90898
ERR517899,60056
SRR8787688,295121
SRR7244611,116248
ERR1889627,295398
ERR960388,1096
ERR667599,29236
SRR3355807,13908
ERR217291,2196
ERR1889601,22842
ERR959032,17050
SRR870835,164098
SRR6654572,32858
SRR8928890,107518
SRR16705712,589420
SRR4243165,126969
ERR960899,8974
ERR1407677,24718
ERR1662954,416942
SRR6469837,74154
ERR1475505,26396
SRR870927,137603
SRR1872059,26
SRR5044682,99666
SRR9312970,135686
ERR1889464,298998
SRR8928945,129048
SRR19762947,124382
SRR6469732,170754
ERR1124496,282334
SRR13234608,920117
ERR1374181,5230
SRR5683313,376152
ERR871443,548
SRR10117521,223269
SRR7268988,100924
ERR1888425,323510
SRR2043044,120287
SRR17818761,376306
SRR9331666,378594
ERR1396961,1676
ERR1205328,158748
ERR998452,28348
ERR959092,9164
SRR8928773,276136
ERR9077163,52581
ERR738271,106356
ERR1757589,27786
SRR4457856,117705
SRR5017066,3086911
ERR1426868,876418
SRR13181537,293796
SRR11035189,680962
DRR189369,290292
ERR755688,209816
SRR3038047,22853
ERR1204311,181130
ERR960299,56
SRR17745570,5130
SRR7789576,13478
ERR1888102,58606
SRR5017075,4732210
SRR7824325,24
ERR1442880,11520
SRR17282627,307519
SRR11302723,242
SRR12287377,185665
ERR1252166,13734
SRR6176721,119112
SRR12161254,185558
ERR738275,99044
SRR8883714,152222
SRR11699723,276487
ERR1692536,35270
ERR1888656,81404
ERR1415396,78826
ERR1427324,801042
SRR9879913,6155492
SRR10277628,306322
SRR10425377,222418
SRR13181559,375848
ERR1215694,172506
ERR659808,226034
ERR525376,52678
ERR2154825,240
SRR7061301,474292
ERR1888796,74092
SRR13376251,564046
SRR1062637,17702
ERR1374748,6314
SRR12194888,389306
ERR959830,1258
SRR8071440,445054
SRR8182173,148048
ERR2723169,30160
ERR303225,2370894
SRR12037453,12458
SRR5921027,233058
SRR13938340,102588
SRR8787648,5423162
SRR10393511,20484
ERR1858142,30848
ERR1858001,25210
ERR492376,74102
ERR1124816,371190
SRR3470782,253048
ERR3489860,160858
SRR870861,144366
ERR999306,45614
SRR8591748,398592
ERR960407,21958
SRR9198654,11210
ERR1475503,35746
SRR5961766,400978
SRR6289792,86348
ERR1426829,105626
ERR1216549,23086
ERR1215686,148
SRR9674328,712148
SRR21420710,271982
SRR5520632,208519
SRR17247911,320646
ERR1889753,80470
ERR1216466,21752
SRR8787602,80578
SRR7662115,51455
SRR1062789,57041
SRR1871909,48
SRR8115441,209230
SRR6655023,6939
SRR5125790,822218
ERR959402,2200
SRR9312999,116124
SRR10117555,222085
SRR10070587,103984
ERR2723407,21766
ERR1442853,14192
SRR12464088,221292
ERR1730656,20938
SRR12851620,126579
SRR11955191,630862
SRR15600936,210002
ERR1107913,104232
SRR3381774,355348
ERR1069137,527078
SRR4468781,218626
SRR1872422,175212
ERR959117,5948
SRR12037390,51052
ERR960647,12
SRR392977,313969
SRR10070701,145754
ERR1373492,23398
ERR1621375,51260
ERR2146896,370980
ERR738278,86770
SRR15347710,323108
SRR10095964,455079
SRR7785380,711018
SRR9947428,280238
SRR8787802,261431
SRR9199001,14394
SRR10199007,299742
ERR1122698,300750
SRR14139668,275662
ERR1757520,22618
ERR1692596,48570
ERR960446,5218
SRR8106421,11228
ERR854810,130112
SRR10887612,200656
ERR1889105,138486
ERR573415,35224
ERR958915,13494
ERR1395840,21600
ERR1442631,16128
SRR1872158,22
SRR870903,146456
ERR1475473,24796
ERR1475634,42230
ERR1888471,470222
SRR10323904,843392
SRR9947422,269758
SRR5125200,302678
SRR8106286,432740
SRR1871966,38
SRR2125733,77098
SRR9947424,320644
ERR1475684,17526
ERR1373661,55012
SRR18352687,9368
SRR13724988,2581386
SRR10126091,20353
ERR960044,8
SRR1188155,89572
SRR12474622,263344
ERR1620440,443908
ERR1204604,95422
SRR9141305,62155
SRR6215419,261752
ERR1427320,965236
ERR1414917,76600
SRR1821810,298421
SRR11302789,1018
ERR871359,196
SRR8106652,54462
SRR5341525,74618
SRR9198733,18516
ERR1888452,247496
ERR1124860,588264
SRR15927817,179638
SRR9058953,291606
SRR14693496,108230
SRR11302964,85
SRR11196602,372510
ERR657620,109560
SRR7892012,12120
SRR8928950,6060
SRR13938380,189546
SRR6251100,26224
ERR1857601,29650
ERR1373656,25274
SRR17219963,4287
SRR8106575,28488
ERR960182,2026
ERR216332,1944
ERR697972,101324
SRR14428584,316429
SRR10151994,91124
SRR17547544,54979
SRR7942631,5902602
ERR492307,57708
SRR8457172,569572
SRR11359868,309348
SRR726541,125586
ERR1416137,44698
ERR871449,456
ERR2723056,104452
SRR17218113,388908
ERR1857927,30424
ERR1730684,25268
ERR1216486,31452
ERR1374676,7546
SRR6654549,29519
SRR9849245,333702
SRR12661891,58610
SRR1205161,170614
ERR1888734,109746
SRR17183780,17109
SRR14213393,69417
SRR8788659,1043746
SRR10550526,93199
ERR1888738,85486
SRR11427397,1505270
ERR492340,86432
SRR1062217,14487
ERR1427130,393294
SRR12194858,382820
ERR1416142,51874
SRR10126024,16807
ERR1475768,24852
SRR6655108,49919
SRR6654273,27719
SRR17400072,173340
SRR7119867,21253
SRR10541204,368002
SRR7892010,53708
ERR1216410,128816
ERR1396975,68872
ERR1816552,21260
ERR1373718,54402
SRR13705398,182754
SRR8182176,238156
SRR6020323,2679976
SRR10974132,5682
SRR6469746,35274
SRR12037375,14485
SRR9962809,7686840
ERR716853,123520
SRR22561327,217630
SRR6039233,9933710
ERR2723385,79822
SRR8981191,172462
SRR11427409,325542
SRR5125785,862606
SRR23036885,199594
ERR1373625,57036
ERR1252244,17346
ERR1374457,4138
ERR1888844,74640
SRR1872423,37556
SRR5382067,110271
SRR22272449,292540
ERR959282,40
SRR11917477,311036
SRR19641883,477418
ERR1252083,16752
SRR7419843,9938
SRR7746631,42416
ERR4132482,142821
SRR8106659,24022
SRR1062307,20580
SRR11427249,899922
SRR2341509,114814
ERR958791,12642
ERR1215716,34
SRR7154523,37070
SRR22744754,213974
SRR6655087,43070
SRR8106608,60548
SRR6654276,19886
ERR853493,44912
ERR1427344,1077948
SRR12661883,44338
ERR1107904,180902
SRR7662047,41409
SRR7410454,149220
SRR15048117,659476
SRR1062389,32056
ERR667545,46382
ERR657557,151260
SRR15427695,708413
SRR10550523,98487
SRR8106282,224804
ERR1204239,72756
SRR6468928,37538
SRR6469808,187950
SRR11213696,113509
SRR7410388,173692
ERR998362,38
ERR1099517,107740
SRR8106481,19362
SRR11542109,145607
SRR6661141,132837
SRR8784175,4274734
SRR7089635,1081254
ERR959056,35728
ERR1888641,4378
SRR392999,194742
ERR1107907,98158
ERR1692603,61704
SRR14217600,45655
ERR737719,114416
ERR492327,61620
SRR6268204,425466
ERR1216149,116730
ERR1216558,35728
ERR1692566,68118
ERR853677,51884
SRR21120211,22170
ERR853825,44402
SRR1872905,31296
SRR6793269,241042
ERR1397010,2764
SRR1062644,19245
SRR6250154,83386
ERR697947,62662
SRR7662140,38132
SRR10151973,97236
SRR12037431,13249
SRR9886610,598390
ERR1415112,56182
ERR1821986,20618
SRR5382032,120354
SRR5113043,123642
SRR9674321,191624
ERR1373614,55370
SRR15606838,939548
SRR15204083,146508
ERR1124445,550898
SRR1871853,13972
SRR6654945,8978
ERR962913,382
SRR10070558,594962
SRR8787764,59318
SRR11302824,186
SRR8129707,182480
SRR10010357,212360
SRR1947862,11804
SRR9198801,7972
SRR22805236,170338
SRR2013988,415254
ERR1427215,974086
SRR13646801,427510
SRR12749697,4657317
SRR10117514,293053
ERR1124979,749780
ERR492289,72826
ERR1889169,40398
SRR6654975,7796
ERR755676,179478
SRR1062807,20622
SRR11427418,362562
ERR780051,60950
ERR1374343,2270
ERR1730810,28032
SRR11302280,127
SRR11917488,373407
ERR689851,67302
ERR853541,45288
ERR1427250,1226072
SRR2087766,170004
SRR6020449,3500670
SRR1138229,567473
ERR2722991,137304
SRR14883458,102882
SRR9067636,1627502
ERR960706,10534
SRR6469864,130796
ERR1216496,19562
SRR2180315,155216
SRR7119830,22861
SRR10753232,15706
ERR1205286,294
ERR202542,4882
SRR12578018,738132
SRR13646719,395342
SRR11303014,189
ERR492296,83770
SRR2735242,788858
ERR1252232,17862
SRR8435109,376322
SRR9199016,6988
DRR032733,200825
SRR8937001,533072
SRR1062401,26233
SRR12672465,114286
ERR1407647,17818
ERR853638,39128
SRR8928878,116470
ERR2723489,196206
SRR16299427,8650
ERR1475787,31982
ERR1124662,457026
ERR1892031,104736
SRR1872238,13556
ERR1415217,34130
SRR10199500,189324
SRR13565183,1268828
SRR12125415,37339
ERR1408777,2462
ERR1414956,79134
SRR6469037,94802
SRR15646746,331390
SRR14573854,1043234
ERR1215895,217944
ERR1889080,124254
SRR2735230,925984
SRR2180304,117413
SRR10974039,63066
SRR5978436,1444754
ERR3365997,165260
ERR4648681,103846
SRR6020342,7388946
SRR6020429,71436
ERR3266388,25477
SRR16299524,14960
ERR697917,66706
ERR2723362,120252
SRR13176115,644822
ERR1108536,285420
SRR5921181,366768
ERR1821857,23466
SRR6655189,16854
ERR1888902,744882
SRR6655220,10492
SRR6469001,55262
SRR6268116,26703
SRR10974044,73570
ERR853554,52336
SRR22018569,4219946
SRR8787789,36119
SRR14217690,192153
ERR1892080,76712
ERR1414965,42682
ERR1205111,141740
SRR6654397,28102
ERR830316,181546
ERR960709,17478
SRR352481,134981
ERR1443974,355180
ERR1857672,28314
SRR8883769,10556
ERR949651,180
DRR029944,22589
SRR2146356,33792
SRR850606,404944
ERR1373799,28340
SRR12933785,470620
SRR9198759,10222
SRR870754,39172
ERR1621383,49406
ERR594447,196368
ERR1373521,29912
SRR8802097,258369
ERR279669,126802
SRR6268095,25840
SRR7699093,180880
ERR9077200,50411
SRR592706,415882
ERR1415013,43082
ERR1124630,365180
ERR1757515,22554
SRR13005707,292564
SRR1555511,11007
ERR1888983,401228
SRR10887500,143120
SRR17077497,198267
SRR12614061,583554
ERR3838729,109878
ERR959204,790
ERR1621506,52396
ERR340743,179914
ERR1888387,457544
SRR10916835,78466
ERR963192,40
SRR11302552,108
SRR6469013,659948
SRR11427281,284762
SRR5893169,1370180
SRR1872553,62
SRR5086603,569674
SRR8787772,4838
ERR1857855,30102
SRR8787603,13522
ERR569555,1214
SRR16299347,19812
SRR6469002,88554
ERR871559,435350
SRR6654268,22969
ERR1407691,100
ERR968061,1780
SRR13015652,807024
ERR1888832,64188
SRR12313625,216260
ERR871442,3324
SRR870895,136512
ERR959132,5500
ERR1218427,268208
ERR340749,240118
ERR998173,252
SRR13376245,338124
SRR6469571,75490
ERR1396818,3
ERR853823,48012
SRR9735187,528868
SRR870730,19788
SRR22968682,143240
ERR596593,51902
SRR1555536,8452
SRR10974066,62522
SRR10151968,60232
SRR13839918,364742
ERR1426944,635812
ERR853557,51106
ERR999435,202
ERR977585,5289066
SRR5810689,1018
ERR1374360,9646
SRR12661894,71475
SRR3018749,219132
SRR5312201,134186
SRR6025620,433564
SRR7419889,47400
SRR13221794,244400
SRR7154556,38665
SRR12194881,405349
SRR6250202,12860
ERR1442858,17122
SRR11186450,1387716
ERR1730724,26676
SRR7268974,26152
ERR780103,139424
SRR12971277,1138622
SRR14993663,201766
SRR6289720,73048
ERR1857737,34610
ERR960288,4
ERR1108205,176788
SRR15236531,210166
SRR13234679,493637
SRR6468913,59700
SRR2020637,631072
SRR959343,26667
ERR1858005,26234
ERR1204382,151512
SRR13076829,82387
ERR1124665,31770
SRR13724947,2525934
SRR3381781,85874
SRR8485418,46789
SRR11851891,478102
ERR960564,1434
ERR1124850,500380
ERR1621582,22778
SRR1371228,255340
ERR1215583,227450
SRR6469501,103124
ERR1124959,373366
ERR998101,38246
SRR5342785,4821112
SRR7061300,2479728
SRR8106716,26938
SRR11302345,107
SRR14428567,144038
SRR5805913,74338
SRR6469423,46632
SRR2013990,264842
SRR9182370,455866
SRR8883876,124622
ERR1888725,64236
SRR7633485,370551
ERR4091976,248178
ERR1757414,27596
SRR7063574,573672
SRR7268947,154842
ERR1374327,6980
SRR8526643,338664
SRR6250071,119716
ERR1888822,110280
ERR959641,1688
SRR19764247,554552
SRR10887608,360322
SRR6469199,86950
SRR1062210,37270
SRR7236671,114940
SRR6655236,10806
SRR11577239,62673
SRR9199006,10324
SRR13327935,306946
ERR1215527,222700
ERR1594707,129794
ERR960052,1136
ERR667430,20118
SRR6654666,26318
ERR1252189,18064
SRR10958327,276817
SRR17714681,234420
SRR13565168,422770
ERR1416135,55816
SRR14993689,161108
ERR1442589,18332
ERR2723749,68914
SRR10040088,1069760
SRR8788683,795776
SRR22270152,229292
ERR1374797,2810
ERR1216487,28668
ERR1821859,22750
ERR1407561,22620
ERR7179898,328905
ERR1124479,151336
SRR12287397,86541
SRR10753186,13906
ERR1124825,536854
SRR22805238,419388
ERR232287,162346
ERR963183,13044
SRR7813746,561016
SRR5060341,128926
SRR3932205,157602
ERR1204268,139626
SRR17499149,95660
SRR5855254,278790
SRR11801336,160912
SRR6020317,1239750
ERR1857631,33594
SRR17654922,61661
SRR1062731,19748
SRR11302583,386
SRR11302379,122
SRR12194929,476441
SRR11523561,256702
ERR1374626,13612
ERR999341,1058
SRR12436734,54143
ERR1888977,194210
SRR5683304,464348
SRR3183444,749796
ERR2723400,37298
SRR1427467,42301
SRR10151814,41596
SRR13979042,88965
SRR15691857,55050
SRR1872664,21638
SRR10126013,27391
ERR1396884,9460
ERR1888505,779976
ERR667608,49428
SRR6655170,21289
SRR10753177,14320
SRR11427222,358828
ERR1821628,21888
SRR6468904,27196
ERR1888974,318130
SRR17218099,152493
SRR6469220,110132
ERR1821895,21786
SRR13842886,547384
SRR3381806,317536
SRR1062754,121957
SRR3231266,3619336
ERR960013,4050
ERR3489861,111783
SRR6469339,101180
ERR1888221,66578
ERR1889254,64326
SRR9850656,15732
SRR16299536,20850
SRR11302746,82
SRR5883636,481784
ERR1373496,37216
SRR18220776,52058
ERR1215779,26
ERR1374667,5442
DRR162467,49910
SRR8383281,10343
ERR525328,52174
ERR2154805,214
SRR5810714,3640
ERR959350,5864
ERR2154755,9208
ERR960865,65498
ERR960134,4370
SRR6469657,105782
SRR1872321,38
ERR1216065,132394
SRR7154522,37814
SRR1565810,299440
SRR6250163,109194
ERR596696,21686
SRR11303135,91
ERR594457,213850
SRR6654489,8056
SRR12661914,125973
SRR10126147,7814
ERR959596,2778
ERR1407657,19924
ERR667377,35842
SRR11926649,656540
ERR1374237,4740
SRR14999365,236482
SRR12661920,93208
SRR8106641,41118
SRR6032097,600723
SRR3207404,189120
SRR1872690,13378
SRR7268941,160664
SRR1062252,403504
SRR1062721,19312
ERR1889467,74084
DRR162544,22052
SRR15498150,114215
ERR659801,106292
SRR13979072,1583311
ERR1889009,357926
SRR13015633,1482350
ERR1108792,204036
ERR3838739,204396
SRR6469794,24276
ERR517922,75972
SRR11917489,374618
ERR2723006,17556
ERR1124450,388284
SRR1555574,2826
ERR596433,8152
SRR6908642,650
SRR17219933,6257
SRR6654693,3485
ERR1442592,108
SRR1062661,19411
SRR13437209,137323
SRR10126143,12522
SRR2750997,29188
SRR15626538,522672
SRR9728712,442816
ERR1858014,28578
SRR3655794,225935
SRR941754,367904
ERR1046076,140592
SRR22018593,4219944
SRR12492994,104967
ERR780075,113928
SRR11303081,147
ERR1215757,224154
ERR959538,72
SRR15813418,198070
SRR1871878,6338
SRR20869101,76522
SRR6387409,429871
SRR11601826,2074474
SRR6654908,6489
ERR1416138,46778
ERR1888159,340704
SRR2751035,368584
ERR1205340,150
ERR1124627,353816
SRR1555569,4485
SRR12492982,109806
ERR698006,89570
SRR12070770,26176464
SRR14217636,100691
ERR1427279,1144802
SRR6250294,109790
SRR10151815,41262
ERR1892086,86136
SRR9198988,21436
SRR9875015,41908
ERR492363,76088
SRR2968465,1080900
ERR1540905,222500
ERR1373647,39484
SRR15910163,142864
SRR5382060,88166
ERR999438,52
SRR15871418,155966
ERR667518,6121776
ERR1215728,232858
ERR1475672,15446
SRR9662015,284318
SRR870916,119566
ERR1857840,28324
SRR12443358,386740
ERR1757455,12444
ERR2723380,76318
ERR1203485,169252
SRR5921155,377485
SRR5931549,9018
ERR1374286,11476
ERR926034,244
SRR13381156,390758
SRR21758110,139092
SRR21218375,301663
SRR17282601,260990
SRR14993690,164086
SRR6908737,7958
ERR958996,10692
SRR13191910,310411
ERR569546,1598
SRR8799030,315006
SRR15927821,194364
SRR10070571,123234
ERR1216389,184122
SRR18731945,163036
SRR11206266,53307
ERR1215753,318
ERR1415030,168
ERR1407559,290
SRR5341527,70355
ERR1889463,105092
ERR1107999,102292
SRR8784168,111318
SRR6654243,13555
ERR2723631,570712
ERR657607,59454
ERR1416098,390
SRR9277359,95003
ERR737716,103764
SRR19661788,1422284
ERR3446743,66526
ERR1216072,77258
ERR871519,400
SRR5821999,139555
ERR1888547,634184
SRR17691954,183582
SRR12103783,315648
SRR12070783,21715526
ERR2723267,25848
ERR999538,71548
ERR1204266,155816
ERR1621425,66384
SRR6469478,71646
ERR1108004,93242
SRR9198877,4703
ERR2723144,32412
ERR959728,4538
ERR853449,39250
ERR2146971,583884
ERR1215600,42
ERR960748,614
ERR780063,121130
SRR16299546,9631
SRR7662067,22641
ERR216327,3486
SRR7613125,426096
ERR718574,89752
SRR10126072,14267
SRR6469737,97038
SRR9198904,8615
ERR1374215,22850
SRR17630951,249129
ERR1757451,9314
SRR1872910,6110
SRR11303189,51
SRR8106419,19746
SRR10151655,57852
SRR11303170,58
ERR780148,146824
SRR3679549,453616
SRR9198761,8479
ERR1252107,18876
SRR17547487,30999
ERR1821542,24032
ERR667625,53072
SRR13115037,4043172
SRR18927005,506384
SRR13565172,354328
SRR6250358,119242
ERR1374612,4054
ERR2154812,15526
ERR2723947,23390
SRR3381794,112854
SRR7268871,108602
ERR525372,45850
SRR8286594,762288
ERR1415191,61254
SRR5164426,188754
ERR1215829,128698
SRR13269765,181642
SRR22129131,1123170
SRR7892001,20372
SRR7989636,483895
SRR6268160,249453
SRR16768270,323442
ERR659964,117762
SRR8106489,13856
ERR594434,198610
SRR516561,94
SRR13839958,76137
SRR10737688,912930
ERR1396959,92850
ERR1205115,590
SRR8928795,15826
ERR1216728,78446
ERR1067168,151800
ERR1252262,13818
SRR6025613,298126
SRR15600962,96220
SRR15910149,128572
ERR1216488,33566
ERR999313,146
SRR3228721,212422
SRR11302659,121
SRR6655007,6369
ERR596681,24624
ERR1396980,195330
ERR1204233,175022
SRR10151790,44942
ERR232362,197356
SRR18192318,1570806
ERR1692625,69698
SRR8928962,174612
SRR14139675,313526
SRR19762953,141844
SRR11303260,162
ERR1888426,523844
ERR1374606,6434
SRR11302304,139
SRR11578956,761616
ERR2723531,118832
SRR6469297,68168
ERR1889851,58450
SRR13693864,570316
SRR10863001,177120
SRR10151749,110278
ERR1757749,5300
ERR959543,682
ERR1373762,33524
ERR1426890,989056
ERR1889252,283200
ERR2723157,60068
ERR2723291,185794
ERR1204492,130808
ERR1540898,320002
ERR1475735,34580
SRR7292733,141401
SRR3381737,298848
ERR7131161,2052355
SRR9728729,537218
SRR13652352,249752
SRR1872452,56
ERR689859,34514
ERR1621570,59800
ERR1889815,30178
SRR10753257,24576
SRR18837603,286060
SRR10916822,115106
ERR1475667,16456
ERR1821837,24104
SRR21966810,344208
SRR2353207,1478216
SRR15204074,198434
SRR14551653,2376410
SRR6654309,26149
SRR3159082,94227
SRR14213374,68657
ERR1889724,86642
ERR1122769,103504
SRR11427433,229370
SRR11302682,74
SRR19638160,953686
SRR1062710,19240
SRR2180313,194631
SRR11302569,83
ERR959766,1732
SRR6654318,2072
ERR1373579,50006
SRR6811818,263313
SRR3231357,10764614
SRR5533732,239104
ERR1396965,7478
ERR960286,6500
SRR12162917,378582
SRR959353,33890
SRR633551,373914
SRR15831097,225204
ERR1888859,91252
ERR7384912,2255504
ERR1215520,251874
SRR21420711,152948
ERR1204529,144550
ERR1125068,462382
ERR959492,2714
SRR1062473,22585
ERR1408771,54892
SRR13759096,66334
SRR6289710,71436
SRR5921026,200495
ERR958883,22566
ERR1099480,132410
SRR1872370,29836
SRR14217724,88968
ERR1730500,22314
SRR10070723,35520
ERR1408781,220
SRR2750992,367735
ERR1475675,17612
ERR830329,236884
SRR7061296,667746
SRR6654848,10922
SRR5599696,244500
SRR2751015,242672
SRR6655134,21614
SRR11302474,60
SRR6469677,129340
ERR1475823,39986
ERR1730553,27946
SRR10151954,32668
ERR517874,80538
ERR1821694,23138
SRR13849957,1143886
SRR11869097,89409
SRR19520284,2176868
ERR1397066,1298
SRR7662003,10269
SRR16298966,7468
SRR3018760,248099
SRR10153627,448934
ERR949640,180
SRR22805243,188596
SRR18885361,416058
ERR738257,85078
ERR1204298,138700
SRR11302947,197
SRR19831101,397792
ERR1415199,81944
SRR535849,49610
ERR2723434,160124
SRR998926,22968
SRR11926622,129174
SRR10126114,17531
ERR1374198,35064
SRR17386281,450658
SRR2968456,1349310
SRR10511886,126318
ERR853726,48468
SRR5921049,325001
SRR7268925,113526
ERR1395830,21156
ERR1888098,241658
SRR7119849,8709
SRR11114775,136052
ERR1891689,59804
SRR16299380,12744
SRR13697042,651150
SRR12340118,637642
SRR10070731,115876
ERR582881,252
SRR5341530,72766
SRR1872586,114816
SRR12708429,641144
ERR959372,26
ERR1888267,24400
SRR11420471,49492
ERR863493,29380
SRR2968445,768448
SRR7661986,42075
SRR18042689,205134
ERR960482,2104
ERR1414989,53414
ERR1757388,22320
ERR2723038,75300
SRR7888757,324320
SRR13998087,615568
SRR19086721,81888
ERR1204370,110346
SRR11016368,180114
ERR659995,68126
SRR17085053,536608
ERR1374677,10184
SRR15813443,204617
ERR590745,55050
SRR15373447,4971222
ERR960216,4226
SRR19178791,178620
ERR999248,71236
ERR1216481,35736
SRR12661766,47791
SRR10199509,180280
ERR1124623,287182
SRR13447018,391215
ERR1889797,83742
ERR1414975,49110
SRR6469491,79986
ERR853819,52786
SRR18745500,1726790
SRR13789079,631964
SRR9674314,147146
SRR11427330,220272
SRR3166945,106792
SRR870952,213235
ERR1373739,22952
ERR525360,52910
ERR1216749,21776
ERR1373712,55760
SRR8526615,207468
SRR11016372,230966
SRR13015618,815848
SRR519720,3357706
SRR10863037,184276
SRR6655083,88611
SRR6417971,320236
SRR6908679,28844
SRR5342769,387612
ERR959756,1714
SRR12194817,468270
SRR1609747,132216
ERR960124,21934
SRR1062549,33244
SRR6020353,654423
SRR1062755,122408
ERR1374385,6760
SRR6469654,124914
ERR1888728,147138
SRR7789541,8363
SRR6655363,6378
SRR9707991,92516
SRR12650412,155216
SRR1265736,1730456
ERR1215760,296
ERR2723488,186550
SRR10958338,309443
ERR9077176,58134
SRR3159074,94618
SRR3381786,350272
SRR8286596,268244
SRR11302339,93
ERR1415424,89164
SRR6654853,6773
SRR7886619,228688
ERR854813,234514
SRR1062572,18699
ERR2723569,133822
SRR5921088,1289685
ERR968078,39704
SRR6176638,15733682
SRR22558348,90254
SRR11303126,95
SRR8106651,43798
SRR11302784,37
SRR19364718,2073282
ERR853515,42494
ERR1475645,52756
SRR8106465,35256
ERR1216672,17510
SRR13780557,275358
SRR6654671,20073
SRR11309038,2467698
ERR1621411,19420
SRR15373450,4929304
SRR10070610,68792
SRR7749221,11040
SRR6654368,29609
ERR1204558,171670
SRR9693180,327942
SRR6469182,83646
ERR830296,205830
SRR6655313,7764
SRR11302585,100
SRR3204724,512064
SRR16647478,453190
SRR17624607,176898
ERR2154726,56674
SRR17691943,159610
SRR800049,1803077
SRR14217584,119396
ERR1889053,59632
SRR3624461,868856
ERR949665,162
SRR7015883,262738
ERR667370,17382
SRR7268969,193058
SRR13376238,566174
SRR16298934,17505
SRR9199004,6208
SRR6921818,244844
ERR871483,270
ERR1821559,23170
SRR9674289,133268
SRR10117522,248384
ERR1099502,109852
ERR1857892,30630
SRR8255922,368945
SRR11365201,123920
ERR667547,28910
SRR5921161,306121
SRR7905415,116700
SRR11852110,157824
SRR8788640,1165344
ERR1757695,25706
SRR11801334,163196
ERR1251887,23500
SRR5044689,128162
ERR949687,652
ERR1475730,44444
ERR830291,217000
ERR1124490,510386
ERR697897,26968
ERR202526,2896
SRR11186452,1207536
SRR8106686,21024
SRR3381872,140160
SRR18181447,2817904
SRR6176678,110985
SRR13015653,839326
ERR1108162,114500
ERR659900,87240
SRR14060979,329364
SRR8883799,544207
ERR962968,216
ERR1108210,108714
SRR11302706,54
SRR11926633,110297
ERR596678,24650
ERR999296,84
SRR1565812,230368
ERR1069081,487016
SRR6468773,95192
SRR9199012,6320
SRR12158938,209258
ERR1125089,845340
ERR960028,6
SRR6654536,18127
ERR1204470,68492
SRR14217568,101561
SRR870870,175402
SRR11873962,569892
ERR1730513,23614
SRR11427451,363862
ERR1124583,383006
ERR968070,48188
SRR10070635,40274
SRR13074859,12900
SRR5060340,144076
ERR959956,3968
ERR1730749,14054
ERR1373444,29546
ERR1125022,656216
SRR1872108,46
SRR7662150,13749
ERR1215530,40
SRR6072793,302819
SRR870843,141249
SRR10862986,583442
ERR406899,92302
ERR1889111,173866
ERR854821,165802
SRR11303080,51
SRR4241537,1223643
ERR1442616,15338
SRR11302590,117
SRR8135924,141222
ERR2723931,69682
ERR659973,85294
SRR10127673,300560
SRR7119833,27691
ERR1475673,23698
SRR5366723,722560
SRR1872367,41714
SRR22805242,162100
ERR1373420,20674
DRR162554,26676
SRR12436751,67050
SRR13238449,1625862
ERR1124539,295216
ERR1215564,524694
SRR11303091,98
ERR1427236,522158
SRR13972083,195493
SRR5060339,116832
SRR16299117,7558
ERR2723384,66916
ERR959988,6416
SRR2834952,130008
SRR6908729,60258
ERR406892,163688
ERR999308,80
ERR1374634,4574
ERR716796,135082
ERR596707,27962
SRR2125734,2152
ERR1122758,63932
SRR8106597,19132
SRR13437198,190189
SRR10136116,52599
ERR1888236,39594
SRR7764536,841520
ERR1442563,218
SRR14999368,190290
SRR21526556,307356
SRR6890851,66005
SRR8787645,6172267
ERR1415046,43148
ERR960662,18034
SRR6176727,166408
SRR6268117,11726
ERR697844,42264
SRR12149534,302520
ERR1203478,169008
SRR3381743,186238
SRR13005705,363670
ERR1620480,534478
SRR7419884,47380
SRR3679528,310952
SRR11303357,173
SRR11427276,247978
ERR1107917,110060
ERR1857800,4804
ERR963155,118
SRR10010389,95564
ERR853758,36952
SRR10490665,13784
SRR12194824,445678
SRR7883088,32767
ERR1821550,24040
SRR17219947,14165
ERR1397041,1672
ERR590731,43636
ERR667462,51236
ERR2723081,82086
ERR2723013,82138
ERR960346,1974
ERR1407659,19176
DRR334972,986571
ERR667578,6068918
SRR8883816,754690
ERR1888182,121000
SRR6468752,70564
ERR738277,100422
SRR9198962,19100
ERR1888686,611788
SRR11302685,50
ERR1889007,326880
SRR6654972,7997
ERR871369,292
SRR12070814,27225568
SRR7444117,507818
SRR20958389,99296
ERR926061,125120
SRR13786488,434556
ERR1204236,78842
SRR13015569,549676
SRR18745508,1726532
SRR7749235,13685
SRR18927184,65050
ERR759363,196654
SRR10902870,238282
ERR949639,54
ERR2723642,212470
ERR582878,186
SRR6655144,20033
ERR1730813,23468
ERR1099504,84568
ERR582863,268
ERR853706,42590
SRR12070761,26093636
ERR1889525,84618
ERR1730690,23842
ERR2723057,123190
ERR5017655,219840
SRR1062472,34076
SRR10151634,14186
SRR18390906,1852646
SRR11303207,182
SRR998903,31832
SRR12474629,283224
ERR1415258,82734
ERR959070,12148
SRR1062516,33273
SRR15783459,306616
ERR2723706,15340
SRR633541,956
SRR1265754,100890
ERR525368,89538
ERR1730584,26014
SRR6654293,13473
ERR1108008,137360
ERR1662950,298430
SRR17218106,129132
ERR1442803,16050
SRR10868193,1216828
ERR1108194,93676
SRR10863034,166580
ERR1475764,14526
ERR1374161,1968
SRR18296191,191170
SRR3166939,134326
SRR8928808,3784
ERR1215558,536
SRR8788670,1026470
ERR1124723,398530
SRR6890880,284101
ERR1108123,312180
ERR1442680,14268
ERR492324,67950
SRR11951242,138624
SRR13376240,275428
ERR1427133,715048
SRR3381869,159104
SRR13602445,321918
SRR7419823,593955
ERR1374791,8868
ERR716841,115406
SRR6908739,179220
SRR5418455,1043482
SRR7268890,100352
ERR517952,61730
SRR10151956,222250
SRR13242463,43009
SRR12070753,25916866
ERR1108165,146558
ERR962963,4912
SRR17349040,192358
SRR13011472,288298
SRR1062693,19404
SRR18192284,220466
SRR9849272,664316
ERR1757654,5230
ERR1374766,3740
ERR340720,182742
SRR2567889,67682
SRR11926682,222070
ERR1757703,22926
SRR1048073,12798
SRR9198698,25159
SRR1188158,115365
SRR6655369,8701
SRR12037418,20312
ERR1373513,20424
ERR960060,17418
SRR9198669,9497
ERR1415444,84412
ERR657581,99000
ERR1374659,2450
SRR11773515,690960
SRR10151969,79122
SRR11302431,254
SRR14703432,525534
SRR8784481,27411
SRR6469559,170486
SRR6469512,122388
SRR6469177,77810
SRR1062530,32579
ERR1888806,29118
SRR10151704,58632
ERR1374731,19288
ERR1407662,22888
SRR15871412,119502
ERR1218497,156592
SRR6268137,293141
SRR12464085,304688
ERR1125073,438446
SRR19594530,53752
SRR959338,29695
SRR22558343,133838
SRR3381807,235256
SRR18053109,1352256
ERR759358,178452
SRR11540944,375582
SRR10070579,590596
ERR853633,44356
SRR7789583,2478
ERR4648674,101270
ERR853634,41196
SRR14428569,130786
ERR1891651,60842
SRR11684012,13978
ERR1204607,114936
ERR737718,108256
ERR1216104,113834
ERR962944,1470
ERR1252114,18700
SRR11302702,49
SRR1871905,10194
ERR1099505,109224
SRR9728705,425960
SRR15204068,220086
SRR12436765,22769
ERR1442821,17428
ERR1888552,697400
SRR12623496,957768
ERR1374813,5120
SRR17247912,246494
ERR1108023,135610
ERR1069132,491824
ERR984479,2244
SRR1872025,30
ERR1427252,1442962
SRR2043030,106023
SRR5984241,348106
SRR9662020,183546
SRR12194829,388240
SRR5921102,191857
ERR959861,2028
SRR10126129,20159
SRR11427235,302276
SRR1871906,19714
SRR16674682,279250
SRR11303230,89
ERR1216659,22872
SRR519753,4755150
SRR17248540,285482
ERR1888281,47976
ERR697918,62502
SRR7119848,9286
ERR10034088,307136
ERR1408818,87312
ERR853505,37182
SRR22129112,1016078
SRR11427213,379586
SRR10040070,1055470
SRR1872657,13446
SRR12113707,419175
SRR6268077,40898
SRR6250053,2522
ERR1427349,908404
SRR16299241,15239
SRR1062462,32253
ERR960759,4914
ERR2723037,16314
SRR1872759,6720
SRR11302338,23
SRR10126316,18812
ERR1888507,627122
ERR1475602,25386
ERR1204553,125912
ERR1821955,22786
ERR1475553,38674
SRR5810867,254
SRR1871886,17870
SRR7419872,22955
ERR960668,17338
SRR10312410,171644
ERR667555,37266
SRR8182161,197910
SRR9077087,284978
SRR9058955,1142580
ERR1757623,22882
SRR13839920,449932
SRR10735807,240
SRR11303339,129
ERR1108179,238984
SRR10126323,14315
SRR11577275,39359
ERR202514,2394
ERR1427109,965632
ERR853523,41124
ERR960192,3710
SRR1872258,43236
ERR1888397,155098
SRR12661790,86963
SRR6469650,164690
ERR1442584,13254
ERR1251967,13900
SRR12194934,361629
SRR10230312,156347
SRR11303366,156
ERR1621393,57096
ERR1426934,789512
SRR10070603,120148
SRR15204067,590743
ERR1442849,14302
ERR2723904,33084
SRR11186424,432328
SRR8377215,251286
SRR6250263,100146
SRR7612987,489259
SRR7749246,13031
ERR854780,117394
ERR596596,39454
ERR1620429,472882
SRR11427437,223256
SRR6655048,13098
SRR11523562,274426
ERR1442789,13196
ERR657563,69096
ERR1251945,14288
SRR16299545,6601
SRR12554274,1995316
SRR13234648,15807
SRR12661755,124329
SRR1062372,114580
ERR960991,1746
ERR1889673,185946
SRR14930247,523592
SRR12194882,420660
ERR594418,227178
SRR13777251,360154
SRR6654788,21561
ERR960536,13866
SRR1872226,68
ERR1889485,570274
SRR19661781,1110300
ERR1215796,576
ERR1888446,514538
SRR10887473,695708
SRR11699735,167461
SRR6469539,92128
SRR8106264,502442
SRR1872316,39152
ERR1621532,45018
ERR1407567,14498
ERR1889864,47730
SRR9962807,4226562
SRR5119939,61672
SRR8811925,53552
ERR960214,2736
SRR7789555,11274
ERR1415166,54354
ERR2154794,14354
SRR8106553,39364
ERR1816510,23352
SRR1821830,318067
ERR959866,12200
ERR1396934,5182
ERR999213,32842
SRR11303156,148
ERR1888293,76714
SRR7883076,30344
ERR9077175,57796
SRR6025582,656912
SRR7892027,12308
ERR1216582,31104
SRR9198987,9392
ERR960509,6980
SRR11302844,996
SRR7612992,390330
ERR959379,7082
SRR8867571,185984
SRR10974089,63390
SRR6469518,1724170
SRR10887520,128806
ERR1857919,33774
SRR13374845,241316
ERR1252191,18784
ERR1730787,24568
SRR12446291,921122
ERR5005147,485716
ERR1215554,240098
ERR1396987,54000
DRR162545,17944
ERR959944,872
ERR1415415,97092
SRR11302440,131
SRR1062632,18339
ERR1475800,31234
SRR8559982,182966
SRR11214399,116520
SRR17235500,13
SRR12774367,120128
SRR7633477,239387
ERR1204380,76362
ERR1252089,16410
ERR1888811,27898
SRR17400064,196326
ERR1108784,224870
SRR12876840,641650
ERR1891718,13520
SRR11080798,565416
SRR5805909,35302
SRR1872730,38608
SRR10490658,11534
ERR1427038,533770
SRR11039793,158810
SRR10151611,35214
SRR12446290,569294
SRR870900,136028
SRR16768271,325494
ERR960040,994
ERR1216748,30186
SRR11302398,75
SRR8559980,428456
SRR1062421,27408
ERR1426820,115498
SRR1872985,103274
ERR1415253,91948
ERR1216932,774228
ERR2102838,87389
SRR8106399,33728
SRR9662027,171234
SRR10126209,13205
ERR1216563,23288
ERR2723100,33988
ERR960058,2204
ERR3011946,84007
SRR6654913,7469
SRR2180316,206297
ERR659783,60388
SRR10070840,104984
ERR1374293,836
ERR1215677,568
ERR1204561,155614
SRR8798895,326050
ERR2146882,158460
SRR14915986,89394
SRR8441446,388018
SRR2473236,741822
ERR667376,33640
SRR14217729,95702
ERR1205086,862
SRR6469388,89364
SRR1062568,20462
SRR8106664,22842
ERR1821558,23030
SRR5984237,356776
ERR871599,194
SRR6469762,89976
SRR13181578,620978
SRR21617353,196494
SRR2834980,86762
SRR1872763,16992
SRR10753233,120026
SRR13594975,77402
SRR6334485,3600532
ERR1108775,95112
SRR1872471,16
SRR1872937,38114
SRR12474679,1158689
SRR10753248,18776
SRR10127660,215284
SRR10151919,22208
ERR1888582,664736
SRR3038037,92215
SRR21966437,184780
SRR12037427,17462
SRR16299196,7722
SRR19859445,470714
ERR960627,40038
ERR1816549,22314
SRR12661701,60585
SRR6655090,84234
ERR718632,138198
SRR6176669,54162
SRR10151934,34554
SRR9199031,13657
SRR7662101,13102
SRR1872239,14508
SRR6469290,141794
SRR8552568,7034
ERR1621357,25542
ERR959759,2880
ERR999525,117612
SRR11114777,44030
SRR6495323,492472
SRR3086892,177322
SRR13181545,338108
SRR1062216,21531
ERR959934,562
SRR10753183,6222
ERR1857785,29724
ERR5838121,321996
SRR8526616,108774
DRR067137,284718
SRR9674280,114782
SRR1821831,341310
SRR1821783,362889
SRR13234668,62726
ERR6690616,620636
ERR830282,145470
SRR8244082,150458
ERR232338,1163770
SRR7236667,152777
SRR6469639,8
ERR960414,48
ERR871537,424
SRR11303341,798
SRR12661830,101800
SRR7883092,22287
SRR8357663,182500
SRR15338434,280816
ERR1122762,157668
ERR1821758,23588
ERR1395902,39504
ERR273844,4046962
SRR10863008,326547
SRR10151929,16246
SRR8552555,481
SRR9875018,46696
SRR10070862,81950
SRR14428558,109395
SRR3381790,296224
SRR7662060,24635
SRR6654483,23613
SRR10070810,88236
ERR1414818,17100
SRR19641864,421498
ERR2723092,74894
SRR6655077,24767
SRR1555597,2149
SRR6654289,17617
ERR1621516,33990
SRR9159938,1079798
ERR1621557,26576
ERR1252254,16226
ERR1374611,12662
SRR11303027,182
ERR1374555,4200
ERR2146938,473342
SRR6654512,16153
SRR13759094,80738
ERR1888060,27156
SRR7268803,104424
ERR1374858,3004
ERR1205252,518
ERR1427144,467030
ERR1889439,100170
ERR1414850,70284
ERR7384917,642950
SRR7299202,239866
SRR7612989,484377
ERR1442770,15370
ERR657582,128830
ERR2723511,347022
SRR1062440,25673
SRR8377212,50312
SRR2726604,88875
ERR1426906,947540
SRR10550556,105673
SRR10070597,791540
SRR8305645,629485
SRR15376928,1502902
SRR14428553,133114
SRR1562530,59782
ERR1373741,23372
ERR1888801,46370
ERR1204435,303634
SRR6468872,92526
ERR1889846,144186
SRR6655180,22241
ERR1124768,335726
ERR960252,35914
SRR11926624,134213
SRR5120132,252859
SRR11015118,32473142
SRR11302703,150
SRR8298672,671308
SRR14367978,1145783
ERR959168,5076
SRR9966399,645658
ERR659827,48786
SRR1569494,214686
SRR5687189,33920
SRR1872885,25654
ERR1427135,855648
ERR1373406,27508
SRR6654728,11357
SRR7886607,1278952
ERR1426796,128538
ERR340755,384718
SRR6289683,64772
ERR1889532,26724
ERR1442911,17332
SRR12070755,32082308
ERR999427,38810
SRR12661639,52563
SRR8788649,1108638
ERR1414960,49226
ERR1889108,416650
SRR2567875,38454
SRR8485420,32473
SRR17900890,211754
ERR959276,162
ERR1706528,76764
SRR959363,30054
ERR1374814,3190
SRR3622450,126485
SRR16299115,12491
ERR411473,401856
ERR1757517,28592
ERR2723104,27100
ERR1427053,69284
SRR870796,163385
ERR1252012,19142
SRR6908660,673684
SRR19892912,182648
ERR1215820,233860
ERR590758,47584
ERR1427374,794558
ERR1426978,765550
SRR8106412,31312
SRR13327931,310352
SRR6468867,4058
SRR16299349,11138
SRR6908617,14950
ERR960882,7226
ERR1889767,228954
ERR1124575,335548
SRR8883711,72154
ERR2723840,37864
SRR11303133,225
SRR12436757,78147
ERR1692531,48860
SRR17714678,249276
ERR4910724,171681
ERR1857713,27156
ERR1816524,20792
ERR1888363,772286
ERR1730743,3738
SRR9850646,13810
SRR6469458,37366
SRR7268915,117688
ERR854779,127544
ERR959630,4506
SRR998917,22604
SRR1871938,26
ERR1821582,21802
ERR1857637,31592
SRR1519897,142124
ERR968138,306
SRR12774419,193353
SRR870919,31469
SRR6655157,18106
SRR1062199,25056
SRR11302787,106
ERR1415251,93582
SRR6289663,411570
SRR2255625,48628
ERR999570,68672
ERR1730832,9478
SRR8787746,185264
ERR1889028,127268
ERR1203513,197942
ERR1415238,55592
SRR8945523,173330
ERR1396799,73270
SRR1872716,14444
ERR998408,44244
ERR1374823,1778
SRR6654665,18664
SRR15831134,516282
ERR1621542,32022
ERR1125051,396938
SRR2180300,233692
ERR1442687,15284
SRR13181553,330216
ERR1889047,160444
ERR1216776,33948
ERR854775,96482
SRR2138291,3385
ERR1218421,216168
SRR6250196,60568
ERR1216606,124434
SRR12661745,48111
ERR1888400,573002
ERR999462,782
ERR1252018,14740
SRR2976527,350434
ERR697879,85660
SRR17282614,352255
SRR15048122,67244
SRR11302930,43
SRR8787721,11334
ERR1692516,68560
ERR6690611,857312
ERR1374740,17824
SRR1555577,3233
SRR8883715,22426
SRR6469531,136030
SRR6237739,120873
SRR2422941,2845420
SRR10425372,42398
SRR10974006,359736
ERR716908,145192
SRR10550557,103417
SRR10126237,18181
SRR3083692,211412
ERR1442694,13682
SRR5921127,240849
ERR1857780,466
ERR1204636,66
SRR9906814,221344
SRR3932186,214120
SRR10151624,69798
SRR1872595,38
SRR1872694,18776
SRR870805,143533
SRR8883772,11696
ERR1216049,123316
ERR1205321,400
ERR2154775,15618
SRR7264567,31270785
ERR853711,50368
ERR1888899,435614
SRR14703460,13106
SRR8787653,20642
ERR1407658,18282
SRR5818012,50364
SRR11448255,253780
ERR1889202,39440
ERR2724010,30980
SRR18927193,72138
ERR959657,5118
ERR1124711,347242
ERR959514,370
ERR1475718,37318
SRR13332318,281238
SRR12194876,367474
SRR2735240,283856
ERR718645,98852
SRR7801955,588600
SRR1872381,44
ERR1216329,180238
ERR667389,32178
ERR1395867,37684
SRR997328,698949
SRR870744,23786
SRR6469445,81422
SRR9875014,37828
SRR10151661,138776
SRR8106614,17424
ERR1408826,2386
SRR13074822,16621
ERR569530,1678
ERR1215556,194
ERR1888463,517296
SRR5120130,250667
SRR7947890,7028774
SRR7252518,1559622
SRR11302767,1184
SRR9198725,19832
ERR1124612,510
ERR1218316,147894
SRR12103085,443706
SRR22044639,402272
SRR9728738,506776
SRR12037407,19393
ERR1124941,1341836
ERR1442904,14846
ERR659868,89374
ERR667423,32910
SRR797917,141823
SRR1735297,161942
SRR580564,38
SRR6654313,30842
SRR18352697,7412
SRR9198716,10192
SRR6250113,131102
SRR12070815,23259960
SRR6468865,65198
ERR1204473,62530
SRR1062297,33000
SRR11302602,673
SRR9962818,2815190
ERR1757481,26218
ERR4902958,233482
ERR1415220,26266
ERR1857752,28932
ERR3446763,74760
ERR1415186,8518
SRR6250168,76982
ERR863495,23302
ERR202516,2444
ERR1218313,138486
ERR1888308,174710
SRR16195503,136644
ERR960594,5650
SRR9182357,388434
SRR17745586,7098
ERR1374833,4812
ERR1475628,30526
ERR573436,30560
SRR12672471,127321
SRR10070582,63690
SRR7892002,19750
SRR18927008,640342
SRR8106371,15450
ERR999192,31940
SRR6469007,70532
SRR9198834,7609
SRR18352688,7648
SRR5810769,4926
SRR9728736,505012
SRR516131,108469
SRR6250153,116792
ERR1205247,38
SRR7268952,162628
ERR959838,810
SRR11303034,113
ERR1888117,57594
ERR406890,151452
ERR1374651,2132
SRR6250287,80164
SRR6020343,13559396
ERR853581,50564
ERR1407714,19500
ERR1857651,31958
SRR19638113,490814
SRR11427381,386822
ERR999379,36
SRR3018746,256615
SRR11080795,295916
ERR1046087,83316
SRR7662142,13740
ERR517998,49672
ERR999231,54752
ERR1374220,8414
ERR1888864,295474
SRR8961088,177786
SRR10126181,18886
ERR1889250,105006
ERR1204312,144670
SRR5125775,976396
SRR19661790,1526458
ERR1426832,195380
SRR10152013,69894
ERR2723877,27134
SRR2835258,112984
ERR1218433,168512
SRR8867574,170710
SRR16768267,307308
SRR12287387,148623
ERR1108206,141094
ERR1215540,229344
SRR6250348,335978
ERR1757487,28000
ERR1621523,52084
ERR780104,97664
ERR1203475,152834
SRR7813755,645658
ERR998281,24570
SRR12464102,257466
SRR16299011,18663
ERR1215571,128
SRR19364715,2229618
SRR6289726,77786
ERR871355,602
SRR1872476,24812
ERR1216556,29356
SRR6237738,158907
SRR11874796,82474
SRR15927797,437228
ERR1373414,28966
SRR10126322,15470
ERR958777,6
ERR1888845,35948
SRR1648855,1585910
SRR1265743,926986
SRR7723465,406675
SRR13646765,445438
SRR9849216,390134
SRR6211480,156998
SRR3381788,170442
ERR667473,33434
SRR7154546,34420
SRR16327303,200720
ERR1395895,37304
SRR12005389,655800
ERR738281,81502
ERR4910331,247715
ERR960767,3122
SRR10887598,171084
ERR517976,54190
SRR6250117,40764
SRR11420467,72786
SRR19764249,565412
SRR13594958,21500
SRR14163085,71300
ERR1858078,29848
SRR9198635,9258
ERR1374681,55434
ERR1442673,12758
SRR16299370,42720
ERR1397022,121534
ERR1108813,99484
SRR1797747,224516
ERR1857827,7732
ERR737721,163022
ERR1692562,48488
ERR1888141,195312
SRR14713046,310407
SRR11684009,8044
ERR1215559,32
ERR960068,8
ERR1888081,156334
SRR8312801,191209
ERR2723296,248926
ERR1889865,54406
ERR1204568,58924
SRR9199030,14239
SRR7662049,57741
SRR13374854,300910
SRR16299075,1838
SRR1062280,20731
SRR7751617,685396
SRR1872640,9348
ERR1816557,20796
SRR14240237,205173
ERR718584,108040
SRR13646723,363588
ERR594417,190912
SRR17282615,354166
SRR15600910,191930
SRR7662154,13885
SRR8787600,48106
ERR853784,43132
SRR6829420,1388298
SRR8867570,228060
ERR1216392,108934
SRR16905287,1180388
ERR1730495,24474
ERR960943,164
SRR5004960,1227832
ERR1888334,653686
ERR1289938,160056
SRR9198817,12077
ERR2723353,499222
SRR11926646,366708
ERR1415010,50294
ERR1888137,71136
SRR17745558,6010
SRR11303006,28
SRR10151589,35428
SRR10070685,183662
SRR6908703,2722384
SRR13181542,355838
SRR1531454,136796
SRR11213703,24917
ERR780125,154788
SRR6654754,15925
SRR12874636,115910
ERR1442778,17096
SRR11302658,68
ERR1374245,27058
SRR12037443,18238
SRR11302653,75
SRR1062212,37545
ERR1621687,23580
ERR1888225,3486
SRR6250181,93340
ERR958954,224
ERR1408813,99824
SRR12194830,391636
SRR19571655,198826
SRR6846417,326536
SRR8106411,9386
ERR1620539,212992
SRR1872409,29436
SRR13297032,686494
SRR11302654,53
SRR10199507,240178
ERR1204308,177848
ERR1620453,501656
ERR959141,10558
SRR11933711,151139
ERR5961096,341884
SRR1871956,56298
SRR6020321,104388
ERR1475813,37354
SRR12898815,299980
SRR12070768,28154848
SRR8928724,212458
ERR1730834,17040
SRR11186442,358460
SRR11303332,1105
SRR9198787,27789
ERR1374165,2272
SRR11886668,147902
SRR10903537,906660
ERR871418,90468
SRR12569150,233454
SRR5312199,122257
ERR1205342,264
ERR2723278,62126
ERR1730718,15538
SRR6908677,26866
ERR659910,66776
ERR959827,696
SRR6020409,2520760
ERR853457,42750
SRR1062660,19178
SRR11303215,159
ERR1122704,302952
ERR960794,5000
SRR12340127,441868
SRR17547538,27959
SRR6908669,20886
ERR958828,15776
ERR667583,151556
SRR12436759,77143
SRR10586531,890066
ERR1475510,29328
SRR1062577,18200
SRR20958391,93936
ERR963129,32154
ERR2723722,90738
ERR1205084,1182
DRR224536,668620
ERR3489862,137892
ERR1395909,44434
DRR224537,438698
SRR7268882,82288
SRR6176624,3274022
ERR998222,46382
ERR1215937,176338
SRR8784166,6744044
ERR1108503,190740
ERR1888290,106058
SRR6468789,81880
ERR1857976,25472
ERR1407632,28462
ERR202547,372
SRR6289738,90490
SRR6081857,249922
ERR1122776,89720
ERR525329,36066
SRR6956073,350117
SRR5382048,119046
ERR1889090,141162
SRR11214444,421848
DRR189385,106715
ERR999350,86
ERR1857695,33542
SRR13565153,178958
SRR13979048,114335
SRR13074825,29363
SRR6655249,19969
SRR5810724,2376
SRR22318720,73416
SRR11684036,4033714
SRR14217620,86183
ERR1374449,8858
ERR1373617,59108
ERR1888573,247648
SRR11427206,261634
SRR13724951,1924836
SRR7662041,3826
SRR850604,347428
SRR13729824,268448
ERR023146,163682
SRR1205156,187048
ERR1374172,1024
ERR1124830,629982
SRR10151980,56760
ERR1396967,69240
SRR10753238,25332
SRR11773524,264706
SRR15097772,153160
SRR12774366,411775
ERR1414895,61070
SRR870879,172962
SRR12661872,46013
SRR14722567,424804
SRR1872437,26
SRR6655148,242250
SRR11951248,149506
ERR1252141,17944
SRR10151562,57590
SRR14217641,99313
ERR1888958,123714
SRR16299425,1864
ERR1889070,255250
ERR1122816,83538
SRR1872863,10114
ERR959189,6348
SRR1062596,18312
SRR11427472,357742
SRR7633482,539294
SRR9674236,129082
SRR21091437,3320
ERR780121,138434
SRR16905267,337258
SRR1871981,25586
SRR7789559,11866
SRR9207192,145662
ERR1821615,23068
SRR1872968,10192
SRR8868552,229860
ERR2723147,3750
SRR392974,145019
SRR14428596,111546
ERR1414877,25766
SRR8526604,808914
SRR1872573,84
SRR14139663,386762
ERR340754,137408
SRR15498146,117722
SRR12194965,578446
ERR960953,250
ERR958910,46580
ERR1427100,880802
SRR13565178,337400
ERR1124759,397202
ERR716836,170930
SRR9861057,556992
ERR1218319,291102
ERR273891,890
SRR1872142,17720
SRR6250006,68174
ERR2723574,125810
SRR12340469,1314960
SRR1871884,76
SRR7662050,69059
SRR9849203,435288
SRR7292727,265541
ERR1218401,154474
SRR6654592,36100
ERR959288,12210
ERR1099402,80522
SRR7419821,368873
SRR11303097,132
SRR11302919,52
SRR11263277,1482728
ERR1099476,89852
ERR1475734,32320
SRR12661818,68472
SRR19594535,84154
ERR8517249,180230
SRR11610425,194842
SRR1872114,23164
ERR1216156,102778
SRR12569152,182240
ERR1251942,12670
SRR10126141,10256
ERR657621,82590
SRR1872377,68
ERR698013,83230
SRR6469649,130124
SRR10070763,120564
ERR667387,57618
SRR11302411,97
SRR10151600,46198
SRR8106611,17276
SRR1872610,54444
SRR5683298,306356
ERR780047,61338
ERR958893,29228
SRR16299239,10432
SRR11951247,150476
SRR1062434,26369
SRR13015574,1252344
ERR960659,716
ERR1889258,126764
SRR14217668,178375
ERR1124433,444716
SRR13402903,96705
SRR11874798,77428
ERR1204540,180724
SRR8787615,56860
SRR6289688,64362
SRR11303046,155
SRR8883763,3294
SRR11862881,1036436
SRR1062790,96857
SRR6655034,10035
SRR9906822,497976
ERR1889237,242446
SRR10126089,26228
ERR1888800,29392
ERR1396972,227622
ERR998334,72
ERR1374637,9156
SRR6654460,24548
SRR13327932,243236
ERR1442692,12096
ERR984488,1140
ERR202533,966
SRR10010383,59204
SRR15626572,411054
ERR1374738,5644
ERR1889740,33706
SRR8987979,221156
SRR7223669,318788
SRR870789,177699
SRR6655012,8827
SRR8787725,15994
ERR1215596,148748
SRR11302320,221
ERR1621389,44862
SRR8106342,324318
SRR6654596,14095
SRR6654655,19786
SRR5921179,354316
ERR2723264,14756
ERR2723025,69672
ERR999338,76424
SRR1872987,58036
SRR6268127,47632
SRR1872997,113950
SRR17413284,74449
ERR1374798,4756
ERR2723658,67220
SRR1872538,30
ERR411499,75240
ERR1204245,124512
SRR12083048,3770878
SRR10887469,360744
SRR8706256,383608
SRR12134623,3286230
SRR6956074,273452
SRR11951246,117918
ERR492365,63606
ERR1374800,1554
ERR1821566,23648
SRR22018607,1054110
SRR1062227,61258
SRR5443686,154407
SRR5599692,258422
ERR998115,17198
ERR569525,2880
ERR411497,100698
SRR6469721,108278
SRR1167759,187894
SRR11140716,174632
SRR17654953,70014
ERR1757590,24436
ERR1415176,74416
ERR2154760,231464
ERR1889208,38842
SRR6655146,20214
SRR13729836,119742
SRR16327293,192148
ERR1889045,96018
ERR1407694,26978
SRR1736717,59358
SRR7410372,147720
SRR5921087,226267
ERR1414935,71272
SRR6654373,29211
ERR1888344,395244
ERR2723950,90784
SRR7746633,46735
SRR11140725,261904
SRR6250372,100454
SRR8106591,30068
SRR2146367,66502
SRR14935605,7966620
ERR1821571,24166
ERR1374339,3386
SRR9198749,9240
ERR1205352,60
ERR2723228,936
ERR830343,208368
SRR11303076,42
ERR1889418,116730
ERR1426968,777348
SRR13447020,234975
ERR998413,29290
SRR11926684,535412
ERR1475594,17594
ERR2723443,160000
SRR6250278,97154
ERR1205124,128746
SRR14559683,187235
SRR18054183,116936
ERR959091,40
ERR1889063,82858
SRR6469508,298244
SRR5605444,286100
SRR6654795,14776
SRR11427445,314842
SRR9198925,34708
ERR1203505,140076
SRR12623498,367755
SRR6144818,25873
ERR1396953,38520
SRR13374856,241572
ERR999241,290210
SRR6072794,273572
SRR11267528,306014
ERR1821487,22234
SRR11309040,2642832
SRR17745592,5960
SRR6469071,61446
SRR6469135,101906
SRR5320521,857120
ERR1730516,20250
SRR5163815,138112
SRR18267563,379866
ERR1757369,21166
SRR6176725,124019
SRR6469095,70832
ERR1069131,565688
ERR1374560,3014
ERR1215939,182798
SRR1062784,21896
SRR5893090,18587
SRR10126252,8409
ERR2154704,40228
ERR1415053,55930
SRR7268847,101648
SRR6374790,636710
SRR9850654,16499
ERR1374195,3892
ERR1888538,591936
ERR1888516,447202
SRR8787763,36844
SRR9207174,161970
ERR1124492,406620
ERR1373527,20430
ERR999431,560
SRR10126025,21628
SRR1872623,19938
SRR14428555,140968
SRR4375306,20588
SRR11302469,138
SRR8788706,2475030
SRR6469114,80172
SRR6890905,197240
SRR16494155,166494
ERR1757478,29780
ERR2723214,2128
SRR8811920,54130
SRR16299345,10903
ERR1426828,96430
ERR1215524,36
SRR5921131,237495
SRR12661616,126709
SRR9849206,427122
SRR12492960,105763
ERR959037,1234
ERR1099553,141164
SRR12436804,25134
ERR1888302,75508
ERR1108188,231980
ERR1730536,21934
SRR15564530,248456
ERR1475529,32668
SRR8888290,711706
ERR871561,2416
SRR1714470,1426748
SRR8106482,23708
SRR3932199,428768
SRR8883794,700824
ERR1374603,8002
DRR162470,49780
ERR1757510,27106
ERR1888993,184998
SRR1062320,1749
ERR1442593,17566
SRR9164642,65195
SRR8928910,72192
ERR1067178,291244
ERR1821767,22940
SRR6250012,78166
SRR8244097,141549
SRR13332316,208488
ERR1889626,139094
SRR11035190,954612
ERR1373790,37690
SRR13972079,597864
ERR273878,1828
ERR960534,9330
SRR16195469,34541
ERR1099499,34810
ERR1218331,268430
SRR489485,1651
SRR5320522,303860
SRR6469511,164904
SRR11303208,190
SRR13565145,395738
ERR959342,17058
SRR18042690,194708
SRR4242436,303484
ERR960571,3820
SRR13796903,1786978
ERR1124520,299624
SRR12070789,21148786
SRR22018595,227860
SRR21218377,8087886
ERR1414876,21664
SRR17497225,161504
ERR998181,107914
ERR1216322,124702
SRR6176745,88550
ERR1888242,50940
SRR6144826,30996
SRR10151665,16564
ERR716845,190430
SRR11302718,141
SRR3207413,72546
ERR958999,288
ERR1216390,131344
ERR279663,66818
SRR5443670,150773
ERR1215606,246506
ERR1374478,1298
SRR1872260,48594
SRR10868205,1568412
ERR1374355,14112
ERR3454277,1838055
SRR11917487,4458639
ERR926040,258
SRR11684024,219022
SRR14915973,90271
SRR6289807,79558
SRR13181530,383466
ERR1427396,1075172
ERR670983,73078
SRR1534350,236942
ERR1374780,7082
ERR1069086,402622
SRR2239197,468878
ERR1426981,912796
SRR3932202,149824
ERR830318,199832
SRR6469214,312198
ERR411508,101442
SRR1871870,74
SRR1872662,23214
ERR271383,744
SRR11302494,119
ERR999501,56
SRR14060973,557580
SRR11015125,32680152
SRR8883842,95588
SRR18505678,306364
ERR1204549,129690
ERR999331,66
SRR16195496,56402
ERR1821679,21266
SRR9022959,1050184
ERR960049,1566
SRR6025609,293934
SRR8787720,2154
ERR1620407,4848
SRR3679533,376400
ERR958933,16062
ERR830295,199026
SRR870781,120956
ERR1730660,5590
SRR6654647,15743
ERR340717,392854
ERR871473,494
SRR11801328,160429
SRR5004954,505740
ERR1821522,22612
SRR5921175,324735
SRR8581714,67316
ERR737734,129164
SRR15691873,69326
SRR14373547,22433
SRR15626591,5158586
ERR1889385,213788
SRR6655285,5230
ERR853497,48646
SRR5443679,241704
SRR8928750,268910
ERR1373415,24860
SRR6655123,39169
SRR6468890,60274
SRR10408941,133622
SRR8928904,28014
SRR14217647,101057
SRR13979058,98069
ERR1621358,72924
ERR1892038,86246
SRR17224789,237222
SRR13559189,227289
SRR12712226,181043
SRR20869080,56184
ERR697891,35698
SRR6469554,101258
ERR1107866,261992
ERR1888088,5238
SRR1609756,150568
ERR659815,59268
ERR716901,171194
SRR1871851,32
SRR10151619,44982
ERR1621382,49494
SRR11006211,318676
SRR15600926,41172
SRR5443709,49258
ERR1620560,144810
SRR15390211,4188556
SRR9312986,142852
SRR11302622,67
SRR8298692,420684
ERR959638,3040
SRR12424270,895296
ERR998146,56846
ERR958853,16320
ERR1888190,193986
SRR14703444,3994120
SRR21034909,174856
ERR2723691,431876
SRR13938358,63882
ERR1215738,204202
SRR11590427,144410
ERR1215900,374
ERR999203,140
SRR11578954,503664
ERR853800,65908
ERR1216671,25032
ERR1730520,20118
ERR1889578,38672
SRR11869096,90649
ERR2723233,14138
ERR590736,42090
ERR1889148,52318
ERR1821568,22040
ERR1216118,111268
ERR1108144,148830
ERR1427375,631612
SRR5483548,323670
SRR6654935,7468
SRR1872770,13114
SRR6374800,581772
SRR1555585,4021
ERR145637,61884
SRR516129,136110
SRR8928936,65212
ERR949667,458
SRR8928774,274814
SRR5893106,87584
SRR1872223,11210
SRR9333942,747226
SRR10151988,16928
SRR835175,9431
ERR1426933,898964
SRR4423751,1085985
ERR1204490,135082
ERR1888777,37006
SRR5443705,91178
SRR10974084,66498
ERR1108794,138346
SRR7662144,28319
SRR17745587,292
SRR11303367,74
SRR3086885,134466
SRR7119842,71704
SRR10151721,34304
ERR960557,2358
ERR1621643,62098
SRR5113036,149720
SRR8439646,400116
ERR1396951,131760
SRR6250191,80858
DRR189397,420597
ERR659881,85864
SRR7119845,11148
SRR8106677,29490
SRR11869570,1278878
SRR10973994,64172
SRR5045897,265642
SRR15710932,164560
SRR392989,100793
ERR1108816,324830
SRR7292747,205370
ERR853714,40412
ERR8516973,571472
SRR6469665,109720
SRR10010340,273668
SRR6257756,818886
SRR15931548,1554353
SRR1872335,24
SRR12037455,26118
ERR1099460,76294
SRR5320515,399130
ERR1889210,43836
SRR10126152,10741
SRR1872485,95840
ERR1730593,28132
ERR958803,23252
ERR2154747,13334
SRR6468850,68176
ERR998166,43434
ERR1373493,21162
SRR7883079,41391
ERR1888759,147704
SRR6469714,155616
ERR582895,286
ERR999487,40082
ERR1427291,1029304
SRR10070849,261256
ERR1374451,7704
SRR10126235,43979
SRR12774392,196923
ERR1415138,29454
ERR667400,29172
ERR959452,484
SRR17282632,286897
SRR14902693,264025
SRR1872312,24
SRR6468957,59268
ERR1416153,65376
SRR1555582,7830
SRR10151570,41978
SRR11302691,1007
ERR1416146,56554
ERR1408834,81852
ERR1858093,28838
ERR830340,102196
ERR1407698,25116
ERR780067,96454
ERR926051,166
ERR1205353,188376
SRR13374853,305828
SRR1555534,8239
ERR1122812,117504
ERR1215819,320
ERR999457,104082
ERR1374274,13342
SRR870908,49744
SRR959304,110595
SRR13238431,14992998
ERR1415226,19378
ERR1416175,70496
SRR9850661,13544
ERR1475485,19206
ERR959636,80742
ERR1889729,134298
SRR10990402,357708
SRR6047139,461540
ERR2723810,34100
SRR5921165,285476
SRR3381760,226468
SRR12876837,706964
SRR7905418,347884
SRR11427211,273932
SRR8293715,205524
ERR2723451,120490
ERR2723001,359464
ERR9077203,48770
SRR1062469,32282
SRR17282628,218586
ERR1594695,144334
ERR1407654,22956
SRR7905361,2578806
ERR1374230,14504
SRR1872757,12104
SRR1871913,15188
ERR1730611,17706
ERR1122806,64182
ERR959405,1262
SRR13234619,221936
SRR8788635,1255270
SRR12037392,18092
SRR1371227,225506
ERR1215848,34
ERR1888848,23876
SRR11039809,170222
SRR22018590,270264
ERR667543,51236
SRR6469700,283592
SRR11303201,65
SRR6032095,531737
ERR1373605,52634
ERR1821969,24034
SRR10040109,561590
ERR2723421,82926
SRR1872871,31950
SRR1062518,32701
SRR12492972,106634
ERR1205250,308966
SRR12436811,37898
SRR7041872,122012
ERR960761,8670
ERR1821787,22154
ERR1099388,61670
ERR1888720,117210
SRR16647473,471522
ERR1069139,588188
ERR340731,504158
ERR1374828,5510
SRR3381736,182644
SRR1872434,26
ERR1204433,334080
ERR1252127,15574
ERR1373800,40564
SRR7699153,406257
ERR2723348,229744
ERR718643,109892
ERR1857731,34166
ERR1427066,1269194
SRR15712673,21998
ERR1373468,21974
SRR16490790,14598
SRR6654433,18169
SRR2567885,70010
SRR17077505,539285
SRR610741,248730
SRR13234632,264189
SRR10887565,673056
SRR12493011,113443
SRR2834973,75326
SRR10126251,24229
ERR1414985,74138
SRR14710782,192054
ERR1204493,175458
SRR10974048,64510
ERR1108130,225050
SRR10415528,469906
ERR1407635,30538
ERR1858021,30434
SRR870926,21499
ERR2154752,42056
ERR959351,4396
ERR594431,120926
SRR9067641,1133106
ERR1427168,780796
SRR3355804,17856
SRR11785623,151005
SRR633542,286586
SRR7119874,29561
SRR11590433,274522
SRR1872148,38388
ERR1888924,275194
SRR12851621,318774
ERR1888674,115926
ERR1888278,108776
ERR959123,3262
ERR1857859,31092
SRR10127665,263338
SRR5520631,195300
ERR1415404,51134
SRR8788636,1454524
SRR6655152,16575
SRR18053110,711960
ERR1107983,147714
SRR16298928,12955
ERR1395935,24094
SRR13998089,380180
ERR960600,4498
SRR6176623,1132034
SRR12469174,173388
SRR8883857,184316
SRR3183439,525710
ERR1821541,25318
ERR1374781,8034
SRR1554486,1324976
SRR11293509,335492
SRR5683311,59324
ERR1620501,302810
ERR925732,3028498
SRR1871877,12660
SRR6654965,7686
SRR4375102,2226356
SRR20083926,358664
ERR1621691,60558
SRR1797739,189620
SRR352480,40296
SRR11684019,146864
SRR5893163,1240728
ERR1857613,30150
ERR1124641,470752
SRR6469414,71630
SRR10040060,996472
SRR700538,363592
SRR5119925,1976114
ERR998157,966
SRR22443584,289876
ERR1374682,14344
SRR17630952,251211
SRR6250103,154668
ERR1621447,69586
SRR8928935,32820
ERR1757460,22250
SRR10151784,49640
SRR23060061,607730
SRR6469818,122160
SRR8305636,424095
SRR17191185,197680
ERR1373501,27138
SRR15831122,496360
SRR9849207,296920
DRR084195,113205
SRR8071436,722666
ERR1427207,1242036
SRR13796916,4221236
SRR2982511,215147
ERR1757671,25816
ERR1889654,64854
SRR1872527,18
ERR202548,218788
SRR5921105,227860
ERR1889423,105640
SRR12464080,261152
SRR8883707,485778
SRR20958390,133572
SRR15600937,205782
SRR9906808,8722934
SRR8106626,24830
SRR10126033,12695
ERR2723107,2288
SRR6507305,46874
SRR6890886,234770
SRR8441454,270442
ERR999218,158
DRR067141,703088
SRR13211995,214530
ERR1216485,29586
ERR1124931,605656
SRR8106364,16468
ERR1205380,172
SRR5469313,391572
SRR9849200,362056
SRR5683295,1005818
SRR10916847,123220
SRR15910161,137787
ERR780284,125262
ERR958959,766
ERR1122674,110206
SRR6250087,73488
ERR999555,97716
SRR5810728,2028
SRR5809483,92107
SRR10887555,176206
ERR1099506,92488
ERR718598,91072
SRR7008291,80226
SRR7410423,166326
ERR1888361,496766
ERR1205303,50
SRR6469735,52232
SRR10038912,604438
ERR1888526,569356
SRR8106552,20144
SRR18192286,191804
SRR12037485,12373
SRR10040084,1259548
ERR1099396,162302
ERR1415381,96968
ERR1374462,21930
DRR032736,147852
SRR9207180,114968
SRR10070562,189578
ERR1621675,56438
SRR18063815,584032
SRR3183435,1424220
ERR1415257,65698
SRR3228722,259565
SRR6250205,120074
SRR8106305,226617
DRR224546,641280
SRR8787677,12729608
SRR12037467,420529
SRR6654859,10286
ERR1757624,24586
ERR3266393,34673
ERR1218489,167226
ERR659861,103904
ERR1888156,202616
ERR1215914,188532
ERR1821506,20694
SRR5853083,657954
ERR998226,198
SRR11814648,492656
SRR12125419,43094
ERR698021,108348
ERR1816522,22344
ERR1757511,23320
SRR12436762,61177
SRR5443711,48534
SRR7746648,51924
ERR1730689,22352
SRR9336408,249110
SRR10127643,466248
ERR830274,233660
SRR5519774,291607
ERR1069111,269704
SRR15242031,713022
ERR1889206,80326
ERR854836,110632
SRR11090031,11755
SRR835166,55077
ERR697937,62508
SRR6469128,83226
SRR14217721,109822
ERR1215841,186376
SRR6268133,34351
SRR16327298,517086
SRR11302555,129
SRR13149766,382444
ERR1692563,64094
SRR13780552,326474
SRR9960229,5654056
SRR578919,263986
ERR737754,414
SRR16647480,475616
SRR11303327,75
ERR1821577,24976
ERR1124958,272172
SRR6250093,306182
SRR6654503,3763
ERR1374744,17280
SRR11590431,137613
ERR1821730,21848
ERR1374620,7204
SRR10776678,93703
SRR6890881,301956
SRR633554,350958
ERR1621535,25348
SRR13238435,494088
SRR11303319,1127
ERR1205382,246224
SRR6469790,95582
SRR6469503,127740
SRR10366896,437946
ERR1888077,226282
SRR6469077,44032
ERR1888749,182462
SRR10368285,36400
ERR963145,51844
ERR1124666,481908
SRR9198810,15036
ERR467078,49558
ERR1757552,11022
ERR1215970,109018
ERR1374323,15104
ERR667635,67634
ERR959585,6600
ERR1374669,6568
SRR13759091,58942
DRR189359,598914
ERR1407626,180
SRR6469444,64684
SRR10436024,99059
SRR11214392,141801
ERR1857964,29072
ERR590797,29840
SRR10989894,263376
ERR1414954,38656
ERR998127,1120
ERR1888622,94988
SRR8305632,644225
SRR12999264,1025210
ERR1204248,167076
SRR6152625,144948
SRR13091261,412702
ERR949686,190
SRR13565154,193884
SRR3498292,2470853
ERR959845,2396
SRR10366888,57884
SRR8106265,381146
SRR6176651,2703126
SRR11856754,197846
SRR3622456,133590
SRR3622459,132541
SRR2400601,112446
ERR1216615,39464
ERR1216661,31596
SRR15691855,96104
ERR1414915,80026
SRR11303241,222
SRR3381728,276624
SRR10126184,34470
SRR5810705,890
SRR3420402,1623808
SRR8206452,314448
ERR960454,2230
SRR8787807,3671407
SRR11302717,64
ERR871487,548
SRR7268830,101894
SRR1871990,22328
SRR3932176,303362
SRR13181590,560922
SRR13181584,373658
ERR1757585,19892
SRR7612983,509109
ERR1410186,32776
ERR2723132,31338
SRR9164639,65896
SRR13076832,82383
SRR12876833,668310
SRR7662046,20808
ERR1374298,3702
SRR8928954,26336
SRR8106477,19828
ERR1857771,2792
ERR3841992,835815
ERR1373788,64152
SRR5837493,341722
ERR1889801,52964
ERR1216067,131980
SRR15600931,35528
ERR697921,76412
ERR1252054,12700
SRR6655345,7469
SRR8106328,420326
SRR5893109,60741
SRR9849281,322522
ERR1374767,4630
SRR15691858,39240
SRR21526554,339056
SRR5833542,668264
SRR12661921,94064
ERR697853,31970
ERR962937,384
ERR999552,283052
ERR2723239,45548
ERR1857894,550
ERR871513,2974
SRR15910176,180987
SRR8788693,1366610
ERR1821932,23136
ERR1204396,169384
SRR6250336,48826
SRR2417496,102006
ERR1621406,54040
ERR1373612,490
ERR1122681,259950
ERR4029248,1747918
ERR716806,197704
SRR959354,34115
SRR1035978,166817
SRR7789557,8600
SRR1872612,66
DRR189368,1501180
ERR968128,49712
ERR1216172,113782
SRR2567893,111240
ERR1889683,87936
SRR10126227,37149
SRR7662103,20804
SRR6250185,409250
SRR8106352,392132
SRR15204069,271486
ERR1857781,33614
SRR5947671,107915
SRR6469311,103252
SRR15831123,479510
SRR7637833,621594
SRR18508141,377958
ERR1889538,49754
SRR1872809,25212
SRR1062694,19600
ERR1373508,24210
SRR6469380,41212
ERR1889065,180778
SRR7410389,138724
SRR13565152,240546
ERR2723059,25218
SRR1167756,226064
SRR11303331,117
SRR10040089,926386
SRR6297670,2048772
SRR10070825,286028
SRR11303035,89
SRR7886626,886575
SRR1534349,357176
ERR1415435,111374
SRR14993692,138336
SRR6003528,184470
SRR10151992,131686
ERR1888919,505180
ERR1373393,28448
SRR6655132,81818
SRR6176700,101831
ERR1475676,19212
SRR13234636,474679
ERR738220,89578
SRR8106487,18280
ERR667466,32010
ERR2723671,52120
SRR5004958,1202886
SRR9198664,9562
ERR569527,2410
SRR6825147,504724
SRR3679543,425736
SRR6655117,42322
SRR5017063,3271769
ERR968069,3506
SRR2180308,155495
ERR5838122,374254
ERR1122729,256774
ERR1621600,35736
ERR1888480,591230
ERR2723622,126708
SRR6469755,247496
SRR19572328,444206
SRR6020367,245374
SRR10753185,11950
ERR1415225,24780
SRR22561324,227592
SRR8377245,694420
SRR1871933,13298
SRR2089841,90504
ERR657588,113604
SRR15338436,280040
ERR959648,2084
SRR16299592,12831
ERR2723273,77996
SRR14679148,151140
SRR10126075,15843
ERR6690609,510413
ERR667457,28398
ERR1888079,190896
ERR1889798,151248
SRR10836779,274458
SRR11577270,52819
ERR1821931,25518
SRR7154542,39464
SRR6020309,77396
SRR1062668,21052
ERR1730696,23494
SRR5893131,60875
ERR1414859,55350
ERR1374711,10920
SRR7789573,10627
ERR1215701,400
SRR6655093,71199
ERR1858133,37916
SRR1872986,102046
SRR7662080,49532
SRR7789588,29907
ERR1821564,21218
ERR659898,105860
SRR7749227,15333
ERR1204258,150256
ERR1621584,52420
DRR189392,212976
ERR667571,60398
ERR1215594,20
SRR6908754,102046
SRR998894,33105
ERR1124752,299668
SRR8293704,210124
ERR1888952,25872
SRR12774386,145436
SRR3231314,5708740
ERR1205415,56
ERR1108218,121388
ERR958798,232
SRR12469144,242304
ERR1215980,157782
ERR1046067,136940
ERR1205232,16
SRR6654521,27416
ERR1414854,48970
SRR21773957,110994
ERR1216097,104128
ERR1888663,3400
ERR2723435,129224
SRR2968463,1422606
SRR6654845,8240
SRR10010347,51686
SRR12037456,15626
ERR7132849,342662
SRR10070753,156808
SRR6144806,29521
SRR9050624,263410
ERR573432,31864
SRR1291414,95419
SRR6469024,93032
ERR1692462,57026
SRR16299134,9305
SRR6250210,105992
ERR1107980,123724
SRR16973878,237616
SRR7549095,252272
ERR958899,23654
SRR13381338,838896
ERR1889617,30828
ERR1416091,42920
ERR1395922,114452
ERR960337,5162
ERR1889527,20316
ERR1216535,81120
ERR1251908,15946
SRR1062471,32086
SRR22129117,272132
ERR2723195,41036
SRR10070835,183496
SRR15710925,163374
ERR1427016,686776
ERR1888545,793116
ERR958936,22910
SRR5893042,2550364
SRR10887567,301992
ERR1821515,21764
ERR1889106,160280
ERR854793,147380
SRR7468701,59258
SRR6654552,48330
ERR853649,43636
SRR6250334,41336
SRR6908359,315526
SRR11303060,225
SRR7410399,175956
SRR16195457,46238
ERR1218399,128906
SRR12614064,708842
ERR960213,48480
ERR1692599,70770
SRR6268151,132208
SRR6654271,16166
SRR12194973,607584
SRR22428448,110924
SRR11213688,84279
ERR960729,5530
SRR10004188,200496
SRR12661573,91109
ERR1124957,601950
SRR7268860,109356
SRR7881079,121098
ERR1395834,25560
ERR573443,32284
ERR1215776,194
ERR2146935,7098
ERR958878,5968
SRR13181591,435582
SRR12661835,70537
SRR5443680,149459
SRR11926665,500854
SRR8787607,23438
SRR8883778,11792
SRR1565817,276073
SRR1872038,26668
SRR9207169,203210
ERR1858124,29730
ERR1204265,151658
SRR6841465,520652
ERR411509,55058
ERR1889461,146340
SRR658546,151104
SRR6468811,60076
SRR1872890,43526
ERR716930,192282
ERR4910719,473046
SRR1062312,24821
SRR10040126,1021970
ERR1692507,69400
SRR13724946,2859970
ERR1218423,96544
SRR8811908,62087
SRR12194826,382528
ERR1426905,781862
SRR10887465,1382500
ERR697967,100956
SRR18254620,418
SRR6829412,578264
SRR14703466,18728
SRR13646753,412366
SRR19571674,108339
SRR12283713,505798
SRR15600961,71512
SRR10948881,7214
SRR850598,156773
SRR10425379,217806
ERR659968,70000
SRR6654816,12669
SRR7299193,246774
ERR1858032,26938
ERR1889442,71828
SRR8868556,446814
SRR10127644,456918
SRR11033822,151268
SRR12432920,261978
SRR5810858,312
ERR1251892,26094
SRR7662061,27288
ERR2154674,28068
SRR8868547,110754
ERR667623,45176
SRR18745507,2164542
ERR960304,6254
SRR4330938,400004
ERR1427415,728730
SRR13015619,833792
SRR7410405,208614
ERR1374827,6656
ERR697976,109952
ERR960453,278
SRR12446286,482950
ERR959549,1280
SRR7892032,21076
SRR6289782,86956
SRR1062769,22970
ERR1215787,195238
SRR12424273,736648
ERR1218436,149430
SRR16298987,9306
ERR1395950,6018
ERR1251901,13546
ERR1889717,304612
ERR582924,1238
SRR9849271,465000
ERR1395936,2044
ERR4968941,193608
SRR12492992,124471
SRR16299344,15581
SRR18788792,227786
ERR1395900,26850
SRR8255921,388081
SRR11302558,1058
SRR22805239,190016
SRR6655028,8172
SRR9875046,190
ERR1821918,26426
SRR11577263,52291
ERR202583,500
ERR1216574,26404
SRR15910154,178672
ERR998156,302
ERR1757668,20640
SRR17714676,342386
ERR1888065,333192
ERR596716,30492
ERR1858033,33890
SRR2239181,236146
SRR11114776,54152
SRR6152619,160193
SRR14902688,287274
SRR5341529,72682
ERR1427275,1020978
SRR6468862,94630
ERR1067162,446594
ERR1816546,22862
SRR1972985,2651190
SRR5809475,84261
ERR2723778,168296
SRR3420419,1116238
ERR1540904,232820
SRR8560011,448110
SRR17624606,445212
SRR12083053,2204066
SRR18063817,525478
ERR1857959,25004
SRR16388446,169910
SRR10868206,672412
ERR1099521,177790
ERR1124632,235780
SRR17210878,14156133
SRR6469824,58770
SRR10126335,22762
ERR853754,25232
ERR1374243,2536
ERR1373565,51278
SRR22420227,597986
ERR1415139,79706
SRR7268898,111906
ERR1124579,423512
ERR1816568,22858
ERR780028,71192
ERR667369,24000
SRR11777253,840396
ERR780283,91034
SRR17630943,67794
SRR9608476,619044
SRR3932174,245328
SRR11186482,1562644
ERR830286,239248
ERR960300,262
SRR959336,30406
SRR6655015,8319
SRR16195461,64073
ERR1215744,240620
SRR10117517,247105
SRR7015874,384112
ERR1108096,357290
SRR10990420,502308
ERR871552,283548
ERR1373455,24216
ERR517857,76614
SRR6654380,12658
SRR9906816,182904
SRR6289802,69170
ERR1408790,2578
ERR716919,115982
ERR467080,78974
ERR1107918,124222
SRR11214419,553480
ERR1108093,390208
SRR11578957,1050954
ERR1069105,222538
ERR3446750,63078
SRR9674309,135064
SRR11427408,371382
ERR1216371,125454
ERR1888164,171998
SRR7119801,1037050
ERR1889535,50036
SRR6250069,126690
ERR925715,286
SRR15600923,70914
ERR1621561,48998
SRR6268065,51352
SRR6250016,66918
SRR7749252,23665
SRR6469038,108396
SRR13706180,219504
SRR6020400,7346012
SRR959355,31537
SRR9735186,454338
SRR12037474,2465
ERR1099437,132562
ERR1216007,131882
ERR959911,9540
ERR1442807,12566
SRR11926688,704346
ERR1407693,24524
SRR10948650,367350
ERR1475741,32606
SRR21429711,210348
SRR7888759,2729896
ERR926048,200
SRR21782745,228900
ERR998400,37044
SRR12876848,510578
SRR5312198,126639
SRR11427279,169770
SRR14217718,97066
ERR1414881,29936
ERR1888689,106990
ERR959609,304
SRR10199495,221016
SRR17994492,221612
ERR2723713,10518
SRR9199011,11222
SRR3381780,324538
ERR1407637,28548
ERR1620443,351868
ERR871494,6
SRR11926637,105595
ERR1108827,340660
SRR5125791,815330
ERR999472,80
SRR1872253,18748
SRR9198975,3111
SRR11427352,444026
ERR1125050,708242
ERR492310,64780
SRR19571672,103113
ERR1730842,29834
ERR525418,70044
SRR10070789,186168
ERR1620438,656298
SRR1062287,28083
ERR959487,64
SRR6655156,23336
SRR11214429,384004
SRR6250072,97000
ERR1730502,18178
SRR17235503,8
SRR10070615,67896
SRR8106610,19104
SRR15204089,143739
SRR13181588,457134
ERR271386,760
ERR1431994,928
ERR1218457,146410
SRR13011482,429292
ERR1757425,11898
SRR10151741,78044
SRR4375303,54496
SRR10151707,81506
SRR6908740,248882
SRR17714685,313106
ERR1816515,21388
SRR11858747,279236
SRR6374793,880980
ERR1205265,30
SRR1062688,19288
ERR1621356,29494
ERR958998,110
ERR1889793,34002
SRR8883717,83488
ERR1475834,30510
SRR5520648,242606
ERR1621354,45752
ERR1891693,61328
ERR10180586,1040636
SRR14915969,80948
SRR6469156,70882
SRR3083739,274646
SRR11302731,188
SRR12436798,120128
ERR830297,192998
SRR6654250,20768
SRR14693492,151074
SRR17624609,196610
SRR10735833,125750
ERR716823,148160
SRR15338443,235932
SRR3381873,81498
SRR10203908,149760
SRR18731948,195160
SRR5115722,128165
SRR9849274,360418
ERR737737,110852
SRR10394608,288420
SRR10974027,65566
SRR10070843,135782
SRR1872935,24138
ERR582890,256
ERR1374242,76266
ERR1373490,27302
SRR22018575,663974
SRR12661712,43621
SRR6654919,12689
ERR667541,53492
SRR8135953,668
SRR13693859,453099
ERR949661,142
SRR13115057,475962
ERR1621372,33478
ERR1204301,139562
ERR1108031,165526
SRR11302697,110
SRR6215416,364634
SRR3231324,503464
SRR7905410,1390166
DRR032741,192869
ERR1108121,332064
ERR959241,4986
SRR6469509,242422
SRR19859439,362084
ERR999220,45758
ERR1374663,3712
SRR6654815,9908
ERR960196,3196
SRR10887514,193694
ERR1414798,31960
SRR6469361,103548
SRR12037464,17120
ERR697914,65256
SRR8286590,1716576
ERR1427277,820736
ERR1621572,75758
ERR10034068,371436
ERR2723723,57648
SRR11302278,755
SRR19671828,169516
SRR15236527,231128
SRR6469121,131734
SRR4026145,527760
ERR1857864,29142
SRR13849961,676620
SRR11448262,193962
SRR7244609,124498
SRR9336424,9766236
SRR5115724,61738
SRR13849953,937518
SRR16299395,325
SRR7410420,239376
ERR4648694,91682
ERR1475751,48644
SRR8787681,24331
ERR1099526,151144
SRR11577274,64364
ERR1373600,51110
ERR1204544,163672
SRR10040078,1328826
SRR8106278,112678
ERR1204420,297060
ERR1891679,57968
SRR8106459,36814
ERR960962,170
SRR10974041,67732
ERR594452,219158
SRR13646744,484486
ERR1816541,23580
SRR9906824,989438
SRR11302644,51
SRR10277629,166868
ERR1107868,315130
ERR960479,4782
SRR8133155,215202
ERR968125,248
ERR998329,29012
ERR737755,3340
SRR13374844,241524
ERR1125078,326986
ERR959473,610
SRR6250341,4
SRR1005529,225488
ERR1427162,934488
SRR1872639,11282
ERR667449,35972
ERR1218461,172968
SRR2968458,1521836
ERR1216940,695090
ERR1858003,27414
SRR9199027,9911
ERR1427427,830490
SRR12474618,1147002
SRR1872097,26572
SRR6176683,117266
SRR11917476,309032
ERR1475506,32188
ERR1889787,276444
SRR8788630,2312462
SRR7699154,311856
SRR8787601,33681
SRR12874653,141234
SRR1265741,193141
SRR22525914,170126
SRR18745502,1789668
SRR13221968,434106
ERR202549,2310
SRR6250332,63626
SRR17530171,213175
SRR3923684,93771
ERR716892,157440
SRR8552552,45959
SRR3381824,215498
ERR1442716,12924
ERR968123,63926
SRR13012318,1855528
SRR5921115,224319
ERR1730581,21734
ERR738251,67454
ERR1821493,21882
ERR1216720,101490
SRR11486779,318504
ERR1374728,21796
ERR1888667,64160
SRR19571676,120773
ERR1858074,26768
ERR1374206,18604
ERR596635,24198
ERR759360,190458
SRR12037412,19223
SRR21518682,3114264
ERR667502,39152
ERR1889235,81410
SRR22420218,326066
ERR1374221,6232
SRR4723023,133965
ERR960905,11268
SRR10044898,48244
ERR1757465,20756
ERR1427286,1104028
ERR4132484,247883
SRR6469265,78794
ERR596636,21190
ERR1204415,501038
SRR6655270,14713
ERR1107951,181982
ERR1857710,28800
ERR2723175,15398
SRR392980,66321
SRR2776876,90713
SRR15414666,374210
SRR7410467,75056
SRR13115087,1800712
SRR10741400,150630
ERR959694,6352
SRR5810766,978
ERR960883,4038
ERR1125044,365888
ERR4648700,96876
SRR6047141,505154
SRR1872380,34610
SRR6211491,79941
SRR20869079,58273
SRR8928951,18614
ERR1442750,12732
ERR998447,118
ERR1252036,16096
ERR1374501,1778
SRR10323902,53884
SRR14930248,472052
SRR1062677,18983
ERR1475558,46084
SRR16299190,27656
SRR6908687,40930
ERR600677,127394
SRR11303040,122
SRR16292402,452664
ERR1373794,39716
SRR11243179,5855648
ERR1407703,24758
ERR871302,361876
ERR960004,1988
ERR959777,8
SRR8928809,19958
SRR1872938,20528
SRR11186415,331564
SRR16574825,400042
ERR926047,294
ERR998392,32128
SRR10151924,35782
ERR963164,21424
SRR6468885,72988
ERR1475490,19326
ERR015566,39068
SRR6268139,364126
SRR6654630,12059
SRR7410450,56224
SRR13429143,141069
SRR3381766,410910
SRR4723025,71977
SRR1872952,24804
SRR6890878,375310
SRR15691869,30910
SRR9849225,318730
ERR959318,1238
ERR340683,1132
SRR10070747,182658
ERR853786,37324
ERR1099413,114734
ERR959326,43122
ERR1427394,742718
ERR517990,94912
SRR6890887,210863
ERR2723612,70584
SRR6020366,32605120
SRR10151621,26800
SRR10863003,2168791
ERR1407684,906
ERR525351,52562
ERR1374496,4908
ERR1251953,15426
ERR1204467,154424
ERR1395926,5582
SRR7989639,1943961
SRR9961217,714954
ERR1374436,2822
ERR780292,130562
SRR22270143,173680
SRR9198686,19116
SRR9849276,581492
SRR11427326,389340
SRR870756,25259
SRR13149761,773758
SRR6469787,65260
ERR738218,90758
ERR959317,14350
SRR776511,139286
SRR10550578,77180
SRR12774409,297570
SRR22129128,1987270
ERR1374503,5448
SRR17248534,282144
ERR716887,166936
ERR759379,181474
ERR853673,51794
SRR7641837,1497626
SRR15458887,165768
SRR6654623,21541
SRR6655153,19750
SRR5820062,266186
ERR958796,2
SRR10887587,156528
SRR1062306,19813
ERR1204404,186332
SRR633549,283892
ERR1730577,26542
ERR959098,2464
SRR6468750,101076
ERR596653,29104
ERR1374671,52766
SRR16299466,12817
SRR7278695,290540
SRR4369379,154776
SRR7252515,600034
ERR1124756,29166
SRR8928940,45172
SRR6468823,55164
SRR10126250,8726
SRR8811910,70101
SRR12161253,206392
ERR1216071,125022
SRR10735803,180
SRR5810856,182
SRR8883883,105152
ERR1374114,8674
ERR1730793,26606
SRR18516710,533068
ERR689832,63182
ERR960057,1586
SRR10136113,71948
ERR1889396,230214
SRR5485621,139180
ERR4648677,91708
ERR659860,93412
SRR065197,124914
SRR6654837,7437
ERR1374258,12846
ERR1122696,304902
SRR9662021,254304
ERR340682,90838
SRR14217688,205509
SRR19571681,128290
SRR6654733,13880
ERR1620536,85320
ERR1125012,549050
SRR17218120,373190
SRR17592794,225546
SRR2834976,74840
SRR9198924,9017
ERR590791,40358
SRR11302623,80
ERR960266,10
SRR10070749,419256
SRR11699722,244140
ERR1621432,41706
ERR1374353,2500
SRR17201124,434838
SRR10153631,421984
SRR10974131,58228
ERR2724003,125310
ERR1621524,63374
SRR6495326,352078
ERR2723349,243500
ERR697866,82022
ERR1216719,103250
SRR2067881,436080
SRR17547549,26378
SRR8106504,32206
SRR14923983,284667
SRR6469674,229332
SRR11427344,434360
SRR7410369,119188
SRR3381848,250550
SRR6469362,88172
SRR7699145,222717
SRR3381722,256394
SRR4243169,163841
SRR10126102,18864
ERR716748,136674
DRR162478,60174
ERR1692587,57018
ERR1888322,36530
ERR853670,36820
ERR1216036,123500
ERR1125071,702472
ERR1730806,25376
SRR13972087,167636
ERR1888632,11566
SRR10040094,873484
SRR2735237,301348
SRR6020399,6604966
ERR998405,33694
SRR11302888,66
ERR1426902,962464
ERR1889103,179330
SRR6039694,396834
SRR1872719,17204
SRR6176738,128912
ERR999482,34890
SRR8928758,166268
SRR13115043,420898
ERR1620442,402118
ERR959237,13406
ERR1124672,273172
ERR1757686,24406
ERR381746,112944
SRR5163819,149193
ERR667436,26128
SRR9077090,276346
SRR1872919,28708
ERR2723727,213548
ERR1373611,51754
ERR1124535,418318
SRR13565174,231060
SRR10126195,21099
SRR1872522,84
SRR870790,158984
SRR11090020,48760
ERR1204287,119794
SRR12194828,457472
ERR411501,47462
ERR1396993,10512
ERR1216012,92624
ERR1069087,350118
ERR1857761,23912
SRR1821789,489259
ERR1431976,47676
SRR3169299,783176
SRR22129118,2072044
ERR1888385,336188
ERR1124497,456812
ERR689813,34894
SRR6469027,54562
ERR1692459,72190
ERR1816564,21868
SRR1872699,11590
SRR21518673,2347832
SRR13388645,1165524
SRR2051112,189806
SRR16298956,23785
ERR998245,66
ERR959643,2944
SRR18042698,164834
SRR16299132,19134
SRR2087763,163234
ERR737692,84144
ERR1475488,17650
ERR7179890,135446
ERR1442903,17326
SRR6249962,51576
ERR1620449,692038
ERR1857793,29546
ERR1122798,121604
ERR963120,66
SRR6890850,83407
ERR780055,72868
SRR11302942,156
SRR9962804,269848
SRR8883737,43126
SRR3228728,247782
ERR1415275,86974
ERR853450,53944
SRR6468840,61616
SRR13559196,168140
SRR10887581,247410
SRR15390205,2693937
ERR6501829,529504
SRR11303280,598
SRR6072788,166913
SRR6655175,20084
ERR959693,1862
ERR1730494,25918
ERR999356,96
SRR2834937,83186
SRR10126180,17788
ERR1124704,380184
ERR959526,98
SRR998898,33829
ERR1099488,62644
SRR10916821,89058
SRR12340454,1202360
SRR9119507,1565110
ERR958976,370
ERR1442882,15714
ERR960119,81448
ERR780052,56448
SRR6654245,12655
SRR10887550,124970
ERR1757467,27706
ERR1252013,14996
SRR14285952,206278
ERR716712,48480
SRR6654337,24275
ERR2723329,282312
SRR6469847,168316
ERR3446755,67702
SRR7942610,594150
ERR3838727,581688
SRR11302505,1092
ERR1252228,18684
SRR11359864,302273
SRR7789616,26127
ERR1099503,84128
SRR11305418,360578
SRR8799032,238132
ERR667616,46916
ERR1730519,22484
SRR5115727,49596
SRR1028002,232224
ERR1475695,24648
ERR1108163,147630
SRR11874810,70052
SRR19641882,475712
ERR1122778,132374
SRR6469452,66840
SRR5004950,738900
ERR1475481,14002
SRR6469215,78738
SRR5599693,255754
ERR1442646,12828
SRR11926651,594154
ERR698009,94232
ERR596675,23004
ERR959985,4658
DRR224547,246024
SRR11951228,145239
SRR6211486,37791
SRR10586535,131620
ERR1374306,5306
ERR1889528,33188
ERR1730788,29036
SRR6469125,68896
SRR580563,109700
SRR7613126,484206
SRR8784148,7856454
ERR1757421,29120
ERR1216666,22148
ERR1620525,62770
ERR1888624,315978
ERR1108000,179178
ERR1757408,36396
SRR12338628,193436
ERR830330,229060
SRR1062760,122000
SRR12171308,269680
SRR15931294,146118
ERR1204555,148558
SRR12194807,783366
SRR15910162,309190
ERR1205121,434
ERR1395908,32388
ERR960313,11280
SRR17547533,28753
ERR959398,502
SRR10070821,214468
ERR1620563,84922
ERR1108837,266232
ERR1888304,51796
ERR959020,1388
ERR1888262,26414
SRR9674249,115238
SRR1040798,1301578
SRR10040075,2033382
SRR6268115,32981
SRR10974072,57918
ERR1099468,163162
SRR10611681,4956184
SRR9198870,6843
SRR18788789,147364
SRR19764257,1736798
ERR1124829,472622
SRR12070763,29130082
ERR2723161,42818
ERR1252251,16908
SRR10956570,775500
SRR6289815,88944
ERR1889682,82380
SRR9906807,1382312
SRR19859446,411832
SRR5115726,58924
ERR1414807,24560
SRR10735809,118
SRR10513908,1321058
ERR3489877,131646
ERR1427032,843752
SRR1871915,10124
ERR1395945,31910
SRR10151985,80010
SRR10153642,345874
ERR600679,106854
SRR8106472,31020
ERR517870,103596
SRR15783457,521992
SRR8106263,230946
ERR517884,66108
SRR6784686,369794
ERR10034108,624184
ERR1204238,126258
SRR1872638,36978
SRR8197484,255722
SRR6655307,5325
ERR1408851,362928
SRR6655212,11982
SRR9861063,793138
SRR13938362,137866
ERR1621420,23438
ERR1426927,852738
ERR1416161,53038
SRR10126233,18644
SRR12661635,38815
ERR853524,41498
ERR1395956,7042
SRR13249631,95927
SRR1062707,13837
SRR22747849,195242
ERR960939,126
ERR959530,4
ERR959126,11600
ERR1251957,15276
SRR1524238,514986
ERR958960,550
ERR958923,258432
SRR10151659,103756
SRR10126236,15847
SRR6655223,14285
SRR5044688,112016
SRR5086605,3401234
ERR1374147,1638
ERR3489856,104835
ERR1692606,46150
SRR16784083,1059758
SRR7119871,15631
ERR1857995,30844
SRR16676621,252240
ERR853485,50490
ERR2723888,21878
SRR8868544,671441
ERR1124644,342874
ERR1857950,31694
SRR5942258,72821
SRR6814883,182464
ERR1216726,88666
SRR5961767,592564
ERR1216183,109376
SRR12474682,840550
SRR8787637,21167063
ERR3957801,511762
SRR11302460,152
SRR9207162,219066
SRR13674524,182330
SRR1554493,1917560
ERR1857877,34064
SRR8106448,42904
ERR1442898,13512
SRR10753180,16696
ERR2723523,118620
ERR697900,42732
SRR10836800,220134
SRR1872685,45826
ERR1888389,538420
ERR1730586,22108
SRR15606830,379504
SRR959306,16809
SRR4723028,103161
SRR9692046,417716
SRR3742563,112426
SRR9850674,5637
SRR11302335,85
SRR10899957,287579
SRR9198986,9649
ERR1888976,563126
SRR13938393,133898
ERR1889638,212184
SRR7746646,61714
SRR7410371,120998
ERR958781,32870
ERR999190,38442
ERR9077187,54866
SRR10887595,249928
ERR2723895,14018
ERR1621605,36500
SRR6469030,23834
ERR1124654,422538
SRR10586524,320294
SRR5921182,335414
ERR1475747,39510
ERR273890,5112
SRR6469605,123536
ERR1373602,76632
SRR18063808,785318
ERR960619,9928
SRR13777261,1512354
SRR5934161,68437
SRR6308291,628057
SRR797914,155373
SRR13091264,395754
SRR10117525,212806
SRR2180305,109406
ERR1395939,2160
ERR998142,72
SRR16299385,12644
ERR596426,6812
ERR1757405,25074
ERR1407572,102
ERR959151,3920
SRR21675906,194294
ERR738223,109278
SRR13234670,74096
SRR13181572,418430
SRR18516702,66784
SRR7662114,14566
ERR998135,76
SRR11303320,1059
SRR9198783,30478
SRR7751609,346786
SRR15036079,854558
ERR1888330,403142
SRR11302618,172
SRR11886671,152933
ERR958854,9060
SRR10153189,219123
ERR1892090,75218
ERR2723788,1142
SRR11427321,701342
ERR1888232,39962
SRR11427365,622188
ERR1414852,64634
SRR12614073,755494
SRR8959883,181512
ERR1416143,50308
ERR1205314,52
ERR2723838,17796
ERR2723126,36174
SRR7789607,286
ERR2723587,172382
SRR11777184,227982
SRR14428593,114224
SRR13234606,218268
SRR1872951,22946
ERR1216943,938670
ERR1252003,15328
SRR2567898,79070
ERR959030,15280
ERR657555,105092
SRR10044899,43520
SRR17720620,295578
SRR7535404,30760
ERR659954,149228
ERR273874,81702
SRR6654896,6680
ERR1374357,10632
SRR1872166,17950
SRR10127650,1991718
ERR1124577,570496
SRR1609751,438036
SRR5122169,112996
SRR10344673,184492
ERR518004,119190
SRR17077511,362864
SRR6469618,169904
SRR12614063,365648
ERR853743,45180
SRR18063816,569572
ERR1821504,23718
SRR1872500,28
SRR870917,116129
SRR6908367,264278
ERR960007,2662
SRR11427370,165944
ERR737757,89890
SRR11033821,199602
ERR998352,34706
ERR1252185,17016
SRR2239869,131249
SRR15813438,305617
ERR1757531,10102
SRR8928920,18202
ERR1215924,42
SRR17968076,429984
SRR18053116,738422
ERR1122832,133112
ERR590769,26868
SRR7410449,256456
ERR1889507,69350
ERR853769,51132
ERR830315,230964
SRR9159932,1094334
ERR958951,136532
ERR959440,878
ERR1407695,100
SRR3083725,333628
SRR6654726,3578
ERR517980,102544
ERR1621653,618
ERR999528,96
SRR13796910,4292154
SRR6469157,81506
ERR4029220,123412
SRR5163098,269274
ERR1124478,328264
SRR870962,189970
ERR1892026,116924
ERR959535,1254
SRR19671831,216652
ERR667628,42698
SRR8439644,356492
SRR7223664,293728
SRR997333,966966
SRR6468860,73936
SRR7419873,30831
ERR1821960,24122
SRR11427305,181412
SRR1872907,32860
SRR5921177,343093
ERR1216356,139192
SRR18181443,1542236
ERR1821717,24396
SRR1821842,256278
SRR6469835,80572
SRR6469546,97336
SRR12045006,2127836
SRR12774408,288858
ERR569540,1420
ERR2723544,65404
SRR3996111,7332
SRR6469085,70292
SRR3381830,432310
ERR411643,94070
SRR1062793,96945
SRR8244071,120483
ERR340715,290190
ERR871431,64594
SRR6654272,22348
SRR13181521,918416
SRR3923667,133290
ERR1374273,12010
SRR6469796,115954
SRR12876842,617506
ERR853632,43444
SRR8928846,63252
ERR1125038,463302
ERR1888853,34602
SRR9198833,10093
ERR959927,492
ERR968058,194
ERR4910716,306325
ERR689798,86262
SRR6267977,131301
ERR1124755,322092
SRR15101311,4109874
SRR6469680,39754
ERR1415092,846
ERR1442847,16528
SRR1872449,962
SRR3371417,572928
ERR1620535,230916
SRR6655288,3345
SRR15831138,409398
SRR12661589,108736
ERR1427185,706860
SRR12661647,56328
SRR10070734,53866
SRR13015656,734338
ERR1069099,184140
ERR1442664,11606
SRR5893046,517768
SRR5810825,1958
ERR2723019,52260
SRR12999694,4541
SRR19661801,222628
ERR1888634,151238
SRR11039796,145440
ERR759367,149222
SRR6654851,9473
ERR1067171,461252
SRR11214435,318594
ERR689876,60064
ERR1374344,9156
ERR2723718,76290
SRR13528200,1365430
ERR2154713,182
SRR11303128,278
SRR6469668,71338
SRR11302381,196
SRR10958346,293536
ERR1427251,1586084
SRR8312802,186979
ERR590768,46978
SRR12037507,168603
ERR1888808,92204
SRR10010368,50830
ERR998220,57070
SRR14902690,228543
SRR13115036,3415988
ERR657597,100992
SRR6268114,28399
ERR959016,1644
ERR517916,66796
ERR2146964,375344
ERR1757649,16866
SRR11039804,131332
SRR10151617,37132
ERR1204397,149162
SRR13211996,311900
SRR870812,118053
ERR1218310,139806
SRR13091257,402014
DRR224533,439106
SRR11785628,170418
SRR953567,2521554
ERR1821705,21484
SRR6655254,12348
SRR3420383,2450880
SRR16195491,119778
ERR1891741,124684
SRR5125631,252338
SRR16768265,345198
SRR8526628,131336
ERR202515,2750
ERR659942,138072
ERR1821691,22578
ERR1888462,441298
ERR1888576,347282
SRR1062614,18306
ERR1396847,10456
SRR8106460,40338
SRR519751,3383252
ERR1888960,265964
ERR1205274,118
SRR1062626,18132
SRR10010372,99258
SRR6469453,41756
ERR1888922,398966
ERR998189,467584
ERR1108535,289158
SRR6469273,94902
SRR15338446,266424
SRR14923963,105128
SRR11427278,341390
SRR12661703,65018
SRR1062213,36944
SRR10151768,133368
SRR21228020,126684
SRR10510896,2129118
ERR1427143,380266
ERR596629,22172
SRR11590438,274236
ERR1757592,21904
SRR16299571,9371
SRR2750974,331036
SRR1821840,271860
ERR697960,91522
ERR1204427,430672
SRR6469456,87694
SRR1609740,266204
ERR1888286,24276
ERR1475633,41882
SRR13938381,194832
SRR14300247,3792746
ERR1821603,27154
SRR11039784,128068
SRR2089834,91428
SRR776514,794
SRR1062522,32296
ERR1432015,179764
ERR697929,70004
SRR12661646,55293
ERR1888125,3690
ERR1857799,498
SRR6289722,74790
ERR659951,130572
SRR10151745,88102
SRR12661696,55176
SRR6654417,11182
SRR1872052,34342
SRR13724922,613282
SRR10868199,550808
SRR6655187,784
ERR1204614,61340
SRR13091259,324888
SRR8244089,128362
ERR853829,45666
SRR17745555,6536
ERR1125042,440746
SRR11590403,118790
SRR10070641,89444
SRR14567481,419406
ERR1757541,27346
SRR11186414,582150
SRR11303311,133
ERR2154804,22954
SRR17630962,1548921
SRR14217723,92996
ERR1475840,57156
ERR594435,219588
SRR6654547,7368
SRR11302647,99
SRR9198847,21651
SRR16195485,95581
SRR11303028,127
SRR11542106,167864
SRR6250284,117264
SRR8787573,7639
SRR8587734,512922
SRR11874813,67472
SRR17218107,170664
SRR1427469,37575
ERR999500,392
SRR10152005,19404
ERR1757580,20688
ERR659867,57220
SRR17723115,371168
SRR9849196,340412
ERR492351,55828
SRR10863004,2334741
SRR12554275,1242982
ERR962914,59070
SRR1531451,933834
SRR22404864,324960
SRR17247914,221222
ERR1205308,201748
SRR7659030,381996
SRR6841471,740372
SRR9198696,10483
SRR1062654,20121
SRR11302854,43
ERR737697,86680
SRR12037509,230422
SRR6654357,80095
SRR7662079,107095
SRR17846335,95203
ERR1888682,61010
SRR10513900,314126
SRR6825146,458356
SRR11922998,159258
SRR5921163,311565
SRR18645016,758586
ERR853772,47628
ERR854791,119602
SRR10974092,63702
SRR11869425,250468
ERR871518,1060
ERR1730560,22578
SRR5820058,223537
ERR959823,3410
SRR7444130,478344
SRR1872881,21608
SRR10070759,110638
SRR7468689,64339
SRR3231299,3474682
SRR3381826,257988
ERR1396901,11658
SRR2968433,2382518
ERR1889577,23008
ERR279660,47954
SRR17262951,65710
ERR1888461,506462
ERR960420,2456
ERR1889225,81602
SRR9198773,7794
ERR8516974,2635770
ERR1215830,211212
SRR516130,94638
SRR11869426,425178
ERR1889558,115322
ERR3446767,68838
ERR999533,394
SRR11302934,65
SRR6814879,160340
ERR960985,752
ERR2723794,54806
SRR14703452,17434
ERR2724011,197986
SRR870944,227755
ERR959779,26
SRR5113047,139854
SRR9674275,133702
SRR7154539,39802
ERR667495,25926
ERR854823,94226
ERR1408806,104128
DRR189373,250710
SRR10418685,52
ERR999340,94
SRR14930238,485504
ERR1757548,13910
SRR12194866,330546
SRR392111,378
ERR999543,266
SRR6250298,146166
SRR15663233,224396
SRR11519056,137695
SRR1062451,26746
ERR1395932,3874
SRR16298958,13201
SRR1265757,2134993
SRR800046,1365753
SRR10916842,100417
SRR6025603,301766
SRR2750984,367210
SRR5683292,721330
ERR1252267,22548
ERR1216758,35242
SRR12037409,17076
SRR11033832,659502
ERR959270,10160
ERR1204475,121962
SRR11302728,1127
ERR492361,64052
SRR998893,31207
SRR6841469,757260
ERR2723849,23208
SRR14240238,208392
SRR1872279,24386
ERR984500,1794
SRR8106531,26352
SRR6268050,27967
ERR2723335,114068
SRR1569493,452929
ERR573416,47326
SRR8439645,496056
ERR1621639,2004
ERR3266385,25959
SRR11427429,294514
SRR11303088,110
SRR2136163,165012
SRR2013983,395554
SRR22558347,99186
SRR5810892,28
SRR10586530,571846
SRR13115085,3832074
SRR6268173,219798
ERR1108178,215148
ERR959898,344
DRR162531,66912
SRR298562,223967
SRR12464082,323452
ERR718569,65716
ERR1204316,143230
ERR1888860,1182
ERR1757411,23612
SRR14923957,104590
ERR871318,224788
ERR738301,108542
SRR6250327,60868
ERR1857696,28098
ERR2724000,33094
ERR7179899,285577
SRR1871910,17488
SRR9621260,2208
SRR4240535,187095
ERR1216027,129876
ERR1730646,5902
ERR998276,236
ERR1373524,20946
SRR6468880,74676
SRR17592793,218162
SRR9849230,298650
SRR6654793,19941
SRR9879915,1693420
SRR8298698,464152
ERR594438,222902
SRR6890892,271712
SRR8559986,584534
ERR1204597,155188
SRR6655364,40789
SRR11040632,293797
ERR569550,1722
SRR21218374,17923415
SRR13938376,57850
SRR8106322,243786
SRR1821847,29679
SRR7883102,19425
ERR1122796,75246
SRR6655104,63978
SRR6661150,174412
ERR1414816,28566
SRR5382055,108564
SRR6469186,80846
SRR20002713,146838
ERR926043,272
SRR11302550,77
ERR659846,225764
SRR6469371,50622
SRR6261580,891846
SRR11302416,361
SRR12661665,55020
SRR11427430,347884
SRR17282624,235855
ERR2723704,14790
SRR8106321,208612
SRR12171306,293004
SRR10948890,422630
SRR1872673,12792
SRR17968072,302198
ERR1889055,637012
SRR1821793,297373
SRR959337,30467
SRR9849239,190318
SRR15857969,385881
SRR3381863,216744
ERR1889160,40262
ERR1889649,310274
ERR1427111,780014
ERR716819,153872
ERR1108538,332840
SRR6654953,6727
SRR6469498,79568
SRR12436796,198873
ERR2723457,98860
ERR1889569,89500
SRR9708000,116576
ERR1821772,22804
SRR10741405,136182
SRR5810748,96
SRR5398455,1120138
ERR1374660,3786
ERR1888466,301714
ERR1620564,147826
SRR11427356,509098
SRR5810824,2242
SRR13979111,2413468
ERR525349,41520
SRR22420222,415588
SRR12037317,14089
SRR13015590,559020
ERR999207,100
SRR6877473,475464
SRR5485635,132697
SRR10117547,483921
SRR12037438,12455
SRR12005394,649020
SRR10425378,36442
SRR11186448,1417430
ERR1888673,299590
ERR1427301,1353168
ERR596676,22950
ERR697946,39820
SRR14993671,356925
SRR9962799,337801
SRR11773512,285520
ERR1216112,115848
SRR3083721,405160
ERR1373721,50030
SRR16299275,17082
ERR1426867,994494
SRR7252252,554994
ERR1888301,96000
SRR14217608,119628
ERR492354,57248
SRR10010382,113934
ERR1216460,30024
ERR1889661,324874
SRR8928918,240952
SRR10222489,500802
ERR1889207,52272
SRR7235535,184148
ERR406889,113604
SRR13332322,246004
SRR10490664,11268
ERR871603,132912
SRR12037426,18874
SRR1871948,7934
SRR12045011,2003404
SRR6268164,85834
ERR1216444,127194
SRR10151657,49858
ERR657523,64742
ERR959094,16
SRR13693853,480089
SRR19764263,1112134
SRR14923991,101700
ERR1888294,12648
SRR8983315,184264
SRR6469516,1182702
ERR525365,93360
SRR6020390,27965160
SRR5883632,94913
ERR1821621,21488
SRR11035191,866980
SRR6289700,82866
ERR1218410,376504
SRR6908745,426308
ERR960166,20264
SRR5342772,577936
ERR1889501,71664
SRR13839922,443142
SRR8106649,18782
ERR2723427,45886
ERR596617,49574
SRR3207408,118758
ERR1889460,340250
ERR963116,30122
SRR8559984,161222
ERR2154705,101192
ERR1125080,455980
SRR6468989,80822
SRR6654278,14731
DRR189372,285508
SRR6655226,13258
SRR1872783,21472
SRR9198850,8504
SRR10828006,742246
SRR15413356,1250972
ERR1215734,554
SRR5810758,1362
ERR1069092,608492
SRR3923232,177796
ERR2723546,1132746
SRR9906837,345660
SRR14060976,164188
ERR1216310,153558
ERR1294274,103809
SRR12661748,114670
SRR16299133,8384
ERR659876,81136
SRR1872571,32
ERR1125005,499938
ERR2723712,39928
SRR6469594,129872
ERR1373744,20690
SRR12661727,79785
SRR11873960,625190
SRR7468698,113319
ERR1374504,12164
ERR998403,34894
SRR10070785,369838
SRR8383264,9328
SRR13674936,132002
SRR8788662,761830
SRR9207161,220646
SRR5921118,236978
SRR8787668,11167609
SRR9662019,307036
ERR590753,45880
ERR1475626,60776
SRR5805903,50295
ERR1204484,96864
ERR659785,73402
ERR1124851,753390
SRR17630961,1554067
SRR6468976,83516
SRR13076830,81081
SRR9906813,347876
ERR1888084,24540
SRR6411471,215223
ERR3266371,27721
ERR1427316,916264
SRR7410381,164212
DRR032730,161061
ERR1415436,79088
SRR8106554,25996
SRR17201126,516816
SRR12933784,122688
ERR1821612,23516
ERR492360,66898
ERR1216107,107324
ERR854849,114138
SRR19571668,112679
SRR8134462,93954
SRR6908707,207374
ERR958786,58288
ERR960359,1026
ERR411632,122952
ERR2455366,311887
ERR1889612,51996
ERR1204432,193920
ERR492331,56762
ERR1124589,712720
ERR959497,9576
ERR998390,106
ERR1396907,62732
SRR11040641,192819
ERR1888321,17328
SRR9325688,161280
SRR11302570,89
ERR2723230,341430
SRR17691942,151581
SRR3231278,3592278
ERR1662957,519414
SRR15483596,135680
ERR1124528,211448
SRR12492957,104277
SRR10126240,37049
SRR12661781,63615
SRR6655128,28170
ERR596607,35306
ERR738222,101442
SRR17218114,387482
ERR1757485,22934
SRR8784160,83549
ERR202571,199834
SRR6032102,563461
SRR870829,140703
SRR13249634,100111
SRR6654441,9467
ERR738289,96256
SRR5893145,89702
ERR1374717,8808
ERR1889374,295546
ERR1410113,526546
ERR590780,25296
SRR10070663,10790
SRR1265746,538227
ERR2723468,169414
SRR13238444,646154
SRR1565807,252353
SRR16299479,30100
ERR853473,60666
SRR11302463,82
SRR8587738,542954
SRR16964678,401330
ERR1816512,23792
ERR1396886,199482
ERR1888585,409342
SRR8883882,96024
ERR2723347,142706
SRR2968450,2125106
SRR6654374,29285
SRR1555520,3015
SRR12786069,242048
SRR13181585,384086
SRR10863014,419868
SRR9961211,769526
ERR1889180,62782
SRR18267566,300188
SRR11951234,161558
SRR3207420,134072
SRR9728717,510340
SRR6655166,24488
ERR853622,38132
ERR1475638,47302
SRR11303182,141
ERR959945,5104
SRR10151863,63494
SRR3086897,14224
SRR8787596,116979
SRR9198704,11686
ERR2723578,564
SRR13429039,321394
SRR3381810,433466
ERR9077168,53575
SRR11302322,157
SRR8137053,219050
SRR8441455,320958
ERR871422,256
ERR1757596,19340
ERR968042,242
ERR1204326,204992
ERR1252235,17158
ERR1620534,128354
ERR340668,63658
ERR1415204,2468
SRR23036881,149774
SRR5125769,945416
SRR5893167,1307058
SRR6469210,67124
SRR17642805,395274
ERR1373511,25486
SRR6250149,72314
ERR411472,137790
SRR13979055,126517
SRR17085063,791876
SRR1062373,113410
ERR1888708,149244
ERR2723798,1906
SRR6327865,392522
SRR7240615,16758514
SRR7612977,326766
ERR1888180,160124
SRR12194863,368476
SRR17085054,565974
ERR959338,9474
SRR15413357,734190
ERR999287,56
SRR1871895,11302
ERR1374171,908
SRR3381784,356198
ERR1415110,58012
SRR6908735,15388
ERR697915,77276
SRR3381785,100952
ERR1821919,21186
SRR12429753,346920
SRR6313720,1170724
ERR1621422,36024
ERR2723463,116578
SRR15999459,55271
SRR12194903,510787
SRR10126142,11652
SRR6237741,134479
SRR2924938,86003
ERR698008,88536
SRR9198689,7179
SRR9849209,303434
ERR853623,42408
SRR6908696,308756
SRR6507300,34762
SRR2750972,324742
SRR6908749,162250
ERR1374267,4770
SRR12356857,275104
ERR854865,154936
SRR8928880,225516
SRR6468905,54282
SRR998896,33722
SRR17604934,62308
ERR1107953,136488
SRR6814891,150536
ERR1122809,98900
ERR1374768,3984
SRR7723466,398221
SRR4994317,704590
SRR14867549,283346
SRR12661713,43866
SRR12661822,93569
ERR1889163,64560
ERR1426899,815720
SRR8305613,644518
SRR6468797,54520
SRR11303328,144
ERR10180593,884716
SRR19831100,132792
SRR7789537,11231
SRR13115088,1059056
SRR8485413,20613
ERR1888091,21640
ERR1099520,176056
SRR835171,39566
ERR959063,2294
ERR689825,56630
ERR1888245,28018
ERR780293,100122
SRR16195463,74141
ERR1821927,24216
ERR1858067,27822
SRR11302367,110
SRR13074842,12732
SRR6654447,7530
SRR11302352,147
ERR1107975,194048
SRR5006029,1235994
SRR15236530,263228
ERR1204539,121226
SRR13376241,478816
SRR2146357,46032
SRR5342784,3781882
ERR960352,3612
ERR569523,1510
SRR14217732,56344
ERR999384,368
SRR9022962,677400
SRR7637832,520750
ERR1373787,33344
ERR959995,1826
ERR737779,105184
SRR516557,51
SRR3923219,197244
SRR15910152,238183
ERR1107875,303226
SRR14217665,98791
SRR8811916,38512
ERR3446760,59028
ERR999304,68
SRR6469815,369650
SRR11427268,432744
SRR13238446,2122572
ERR999204,38352
ERR853486,62514
SRR13015580,458526
SRR12436826,59423
ERR999460,768
SRR12708431,700886
ERR958859,27612
ERR1442615,16218
SRR11263440,1018757
SRR6250365,167534
ERR1889522,105388
ERR1730579,20372
DRR334973,993847
ERR1888427,512190
SRR8106493,22954
ERR1216497,29584
ERR871477,262954
ERR960519,7014
ERR1374153,2630
ERR960921,650
SRR9277356,94712
ERR1374409,5130
SRR16604673,593892
ERR1821826,22218
SRR6908618,15822
ERR1621505,43386
SRR10070542,211498
SRR22805232,156214
SRR8787686,328037
ERR697857,38700
ERR1205404,201232
ERR959548,650
ERR959578,4268
ERR1821590,22250
SRR9875040,70090
SRR11186408,494868
SRR1004787,176630
SRR5441846,4608076
ERR718620,110010
SRR6469455,83424
SRR13076825,84469
SRR9608466,915966
ERR1374399,2890
SRR1872026,14736
SRR6654540,22091
SRR10741396,260482
SRR17218109,161780
SRR7419838,9679
SRR22044643,297930
ERR1395878,278
SRR10010336,48428
ERR959427,2076
ERR1204381,122514
SRR9198802,9137
SRR8106712,65200
SRR13447016,221232
ERR1374255,7192
SRR6877469,391232
SRR1872060,29532
SRR11243183,2174082
DRR032734,222741
SRR11303262,196
ERR1415126,81468
ERR1475723,28314
SRR5017072,6028292
SRR6250033,50954
ERR960162,8
SRR1872559,105740
SRR6250194,145510
ERR1124793,341106
ERR1216722,70650
SRR20218329,290918
ERR659944,146516
ERR1108818,171124
SRR5398199,125636
SRR10153633,441566
ERR1124645,520508
ERR697994,51640
SRR11926689,1029276
ERR960770,2454
SRR11302982,55
ERR1426819,92120
SRR7882023,391454
SRR592705,289866
ERR2154814,232014
SRR10117551,270749
SRR8632327,121569
SRR19764245,678300
SRR11917484,369944
SRR15783456,362936
SRR10151981,50846
SRR11303289,107
ERR1821752,24158
ERR1858132,32176
ERR2723301,407330
SRR17219925,8662
SRR20002715,153086
ERR1407668,23032
ERR1099554,121794
SRR11302315,108
ERR998098,1462
SRR11427392,1049154
SRR6654617,21234
ERR1888373,467304
SRR18927197,50711
ERR596704,31108
SRR6020385,993698
SRR12436736,119075
ERR1107973,146342
SRR11874790,85630
SRR6654877,8738
SRR5125772,995362
ERR1407575,72
SRR10887590,223668
ERR1216628,72234
SRR959369,31024
SRR6469102,37334
SRR10151727,93746
ERR959439,3916
SRR3166933,604120
ERR960146,4064
ERR1218438,265822
ERR2723857,147190
ERR1594708,111690
SRR1062663,19437
SRR5337745,100798
SRR11140721,227762
SRR3622457,172312
ERR1374252,11964
SRR1265748,330976
ERR2146961,306302
ERR697982,62838
ERR411502,36382
ERR1108089,357748
SRR9674318,141948
ERR1442657,14372
SRR11610424,181874
SRR5320502,338598
ERR1889591,36850
ERR1397078,1328
SRR14217571,103470
ERR1821790,23432
SRR14703448,32232
SRR12661637,52631
ERR1408848,97854
SRR9159937,1002418
ERR657584,107142
SRR12194969,651812
ERR1427099,833798
SRR2751004,170027
SRR9735181,474756
ERR1124669,295314
ERR1397008,1578
SRR10070858,394604
ERR1857690,28124
SRR1555551,6015
ERR2154701,117152
SRR17218087,116819
ERR1888465,528580
SRR1216349,112470
ERR959114,780
ERR1124453,546222
ERR1730630,23982
SRR5921098,236954
SRR17818767,173772
SRR7659031,332342
SRR14428543,185313
SRR9849231,233228
ERR1888587,26390
ERR716805,122040
SRR12287382,177892
SRR13450055,93936
SRR11303050,35
ERR477375,36938
ERR958810,21266
ERR1124725,438490
SRR8782104,27608
SRR14710783,164354
SRR10735804,180
SRR3498282,330755
ERR657587,92284
ERR1216179,101968
ERR1415002,39020
SRR19364725,1605800
SRR10323910,93826
ERR1888524,594622
ERR960171,2098
ERR1442761,13060
ERR780297,785514
SRR10753260,6402
SRR7883096,11298
SRR5443695,48073
ERR959358,12128
ERR998198,1168
ERR1888975,108732
SRR8383300,6326
SRR7419870,12061
ERR1218464,158606
SRR7041870,146960
SRR5810898,4524
SRR6654683,22303
SRR5342774,662414
SRR10887544,280080
ERR1730535,11854
SRR16299069,13770
SRR6661155,111026
SRR14930240,392634
SRR1062445,26572
SRR12831464,901362
ERR1621410,72132
ERR145647,353704
SRR516136,40225
SRR6176697,152293
ERR1108793,140018
ERR2723433,79694
ERR1415077,89120
ERR657602,60768
SRR2013387,40954
SRR11303138,80
SRR5443694,48381
ERR737743,66696
ERR1124434,201976
SRR15049567,107445
ERR959296,12736
ERR1215905,240166
SRR1872776,1086
SRR7801954,461456
SRR835170,82407
ERR1124863,826408
SRR8135936,2790980
ERR3909549,134540
ERR1205378,56
SRR13039581,95377
SRR6655209,4675
SRR11092481,106540
ERR2723473,180114
SRR11080807,298122
SRR3381842,162678
SRR18214220,714370
SRR6655017,95642
SRR1872709,9430
ERR1216128,95916
SRR1062480,31960
ERR1124919,712402
ERR340695,108126
SRR10990401,292762
SRR23036877,215998
SRR5378554,225300
ERR1252131,17532
SRR17714693,271798
SRR11427342,616346
SRR8811928,62427
SRR11302841,917
SRR10902871,1686614
ERR960841,386
SRR15900244,4330554
SRR13848220,186035
SRR1062803,20987
ERR1415118,56486
SRR17723110,463374
ERR1889628,61134
ERR1730628,13854
SRR10010396,140200
ERR596697,22846
ERR202616,424
SRR12672454,133362
ERR1122760,64676
SRR6655233,7949
SRR1062288,27364
SRR10974116,60990
ERR962901,252
SRR10151593,56442
SRR5810834,2870
ERR1407533,514
SRR19077303,536932
ERR1205304,70
SRR5931500,95374
SRR5113040,216970
ERR960348,3616
ERR2402422,659820
ERR1888635,218668
ERR1442660,12894
ERR2723804,8856
SRR7633493,2546758
ERR2723165,20792
SRR12661636,52454
SRR20283704,25004
ERR1395955,3760
ERR1821600,22688
ERR1889866,93458
ERR1757423,32876
SRR14703457,21824
ERR2154731,42434
SRR18927001,512588
SRR17654921,303270
SRR20218328,251750
ERR1205366,42
SRR1872061,22840
SRR9662022,137294
SRR6655185,17827
ERR2154735,29678
ERR977583,2566022
SRR7662018,44388
SRR9662033,264050
ERR2723369,223450
ERR1215925,188332
SRR16905273,1323326
ERR1122824,89190
ERR1218442,165292
ERR959144,11134
ERR960591,34660
SRR11302329,335
SRR18820773,438476
ERR2723832,21428
ERR1124469,421480
SRR11303113,171
SRR11303066,132
SRR9211486,192210
ERR960284,16432
ERR1426892,982248
ERR590776,27872
ERR1857830,26940
ERR10180594,1896534
SRR13360755,164931
DRR162489,103054
ERR1108510,291074
ERR1888834,160330
ERR1415015,56990
ERR968054,444
SRR11302646,62
ERR960532,9748
SRR6327872,270364
SRR13777248,377800
ERR1107924,161594
ERR1216928,476110
SRR6176749,293607
SRR18042680,178780
SRR065196,120364
SRR17968074,487800
SRR8485406,91511
SRR12661876,90222
ERR959513,224
SRR10126287,37282
ERR960465,8310
ERR1889868,78496
SRR17547511,41345
SRR7008286,32446
ERR2723482,89000
SRR7268804,106982
SRR8305616,663351
SRR3231340,2958748
SRR15813442,148566
ERR853454,37814
ERR340665,65398
ERR1215689,24
ERR1757626,14582
ERR340738,177440
SRR6250178,130734
ERR492294,90294
SRR6654964,10511
ERR667417,37718
ERR1888320,3372
SRR6468980,33758
SRR2751030,258432
SRR6654477,13496
SRR7633484,825394
ERR1374256,18856
SRR5810674,272756
SRR7749243,26888
SRR10215491,32436
SRR6469420,94930
SRR1821804,415657
SRR10117530,20033
ERR375747,975048
SRR11785641,121434
ERR1621538,40822
ERR999222,82
SRR749515,122694
SRR2146365,45976
SRR14217697,96809
SRR998905,30594
ERR2723446,112880
ERR1067179,351420
SRR9198928,26332
SRR12194812,975030
SRR19571658,91472
ERR780315,109262
SRR2437828,107690
ERR1205416,78
SRR9962803,3331586
SRR21120214,26386
SRR372803,226666
SRR12070746,28551450
SRR6469053,43406
ERR949654,194
ERR871476,260210
ERR1415192,2086
SRR3381782,86818
ERR1889129,309034
SRR1062676,19632
SRR5810946,5292
SRR13849964,809898
ERR1889685,84346
SRR6818807,350082
SRR8928960,176078
SRR3923227,224468
SRR9621259,599
SRR14924003,185866
SRR6654682,16251
SRR1871914,62
SRR2255629,54486
SRR6289697,44494
SRR17239186,568372
ERR1427181,837874
SRR8383289,4420
SRR6654857,19698
SRR9906847,238034
SRR18192267,181066
SRR13437196,150125
ERR1540892,354272
SRR1062791,96755
SRR21091438,4238
SRR9906795,215416
SRR9674243,117956
SRR2968431,680082
ERR1757446,20118
SRR9198963,56719
ERR1124564,495036
SRR7662019,51700
ERR1821874,22172
ERR1427334,1269794
SRR1062247,408801
ERR1889447,364988
ERR3957806,326046
SRR11302666,80
ERR871555,2560
ERR737773,106004
SRR10151576,54042
SRR2043046,94189
ERR1205127,608
SRR9674272,146454
SRR13528199,1166828
ERR1252028,14112
SRR6654615,18445
ERR853470,36444
SRR11303291,116
SRR6020391,9190156
SRR6469760,134348
ERR716704,61398
SRR10151866,8336
ERR1069124,223968
SRR5931548,24947
ERR1124682,339772
SRR6250319,129374
ERR1427174,810234
SRR12967078,119739
ERR1888456,470336
ERR1888189,213826
ERR2723015,30278
SRR15414667,345388
SRR1062556,18053
ERR1216711,40244
SRR2027908,581306
ERR1427390,1115022
ERR2723462,131420
ERR1888131,22814
ERR959088,5206
SRR1872221,28742
ERR1108725,358194
ERR1889166,25066
ERR2723920,161670
ERR959507,3744
SRR5398198,120302
ERR1730765,28770
SRR11302350,127
ERR1415177,71162
ERR525371,72594
ERR1218404,190010
ERR2723735,20502
SRR14213389,53922
SRR13319610,311544
SRR7292743,158524
ERR1122827,82972
SRR8417670,175771
ERR517913,80170
SRR870910,116433
SRR5593168,64323
SRR8592248,171740
SRR2180302,113084
SRR11186423,369594
ERR1108109,327484
SRR10150442,22616
ERR1857842,29308
SRR9207188,194946
SRR5810782,984
SRR9674242,123244
SRR1188163,71644
ERR1730587,22996
ERR1374537,6648
ERR1099410,87988
SRR11869109,41812
ERR3838751,76012
SRR17630960,60840
ERR1099434,140478
SRR12287381,261503
SRR5113019,142320
SRR11039802,151983
ERR590738,35644
SRR12874657,131590
SRR592704,452896
ERR968084,354
ERR1374312,12662
SRR10151808,107422
SRR12340126,401438
SRR14428562,94516
SRR13339170,247946
SRR6798779,350850
SRR3381795,296396
SRR7757835,3303396
SRR1062786,95516
ERR600685,89210
ERR1427051,261142
SRR7662117,14051
ERR1215953,1484
SRR18505680,302016
SRR5045899,270322
ERR998149,44588
ERR1427178,734298
ERR1442824,14574
ERR1888070,247956
SRR15483580,287558
SRR5817925,2095573
SRR11909490,586386
SRR870918,122166
ERR968137,5244
SRR6469702,169664
ERR999509,314
ERR959697,12126
ERR1621625,71412
ERR960681,4812
ERR999273,78
ERR1395835,29674
ERR1415450,111746
ERR1621581,25082
ERR590781,41042
SRR11302415,103
SRR6039690,383961
SRR13181587,391528
SRR12037405,16498
ERR1889605,42076
ERR1620548,170320
ERR716866,127536
ERR2723988,40520
SRR11427475,432582
ERR1621416,44782
ERR1442846,14862
ERR1373459,19180
SRR10550518,104215
SRR6251106,18828
SRR17247913,300634
SRR5822001,159358
ERR960105,5882
SRR8788699,1357878
SRR8552556,83621
ERR1374551,11240
ERR853605,40576
SRR21120209,38640
SRR13381330,364490
ERR1620516,367242
SRR1821798,311698
SRR18516947,23377
SRR11699737,172987
SRR9207166,138196
ERR1889074,252438
ERR1374616,4172
SRR13181535,332032
SRR8928756,204796
SRR8883801,1149892
SRR4243171,164515
ERR1427302,895860
ERR1215903,104754
SRR1062398,1980
SRR6144824,30875
SRR1872741,15258
ERR1215901,166
SRR12125393,41968
SRR16299397,6963
ERR590728,54272
SRR16299058,14786
SRR3581668,519538
SRR16299306,4767
ERR4648688,82322
ERR1216693,73386
ERR959600,686
SRR514028,2769898
ERR582870,264
SRR12774412,198402
ERR1069067,238118
ERR1888805,77050
ERR1124911,396784
SRR10126086,20425
SRR8383301,6528
ERR1124749,552522
ERR960493,3942
ERR1416116,49482
ERR999485,27290
ERR1396977,229096
SRR12037490,10226
SRR1216348,309976
SRR16298955,17780
SRR8816380,418882
SRR9198931,16995
SRR21966824,231660
SRR14813043,218854
SRR6654873,8490
SRR1062311,8632
SRR5921069,155441
ERR1888862,86900
ERR2723786,546858
SRR527841,1232330
SRR8106283,314362
ERR1692481,61710
SRR1062364,115303
SRR10040112,1247814
ERR411640,150812
SRR3231354,12566726
SRR19638115,381084
ERR1215944,22
SRR7882028,2010496
SRR12998963,303856
ERR1821748,21290
ERR1888781,21370
ERR1204618,98
ERR1124981,806162
SRR8868546,160606
ERR1203491,81888
SRR6268194,315709
ERR1410206,73118
SRR5921092,167871
SRR17299064,232186
ERR1821841,24488
SRR5235643,286750
ERR1620514,109386
ERR1730686,24302
ERR853639,43518
ERR1889696,145460
ERR1414890,16956
ERR1821549,20268
SRR10974013,61722
ERR1373795,39362
ERR1124660,35734
SRR12194862,331622
ERR853636,50924
SRR15483587,704300
SRR13938388,96364
ERR853525,43886
SRR10151670,40292
ERR1374187,1788
SRR7244613,159418
ERR1205409,182328
ERR1442565,13038
ERR1620562,117060
SRR10126183,18107
SRR10321285,31662
ERR1892068,80140
ERR596595,56910
ERR5236192,189720
SRR16973868,293996
ERR1475848,34876
ERR2723087,62420
SRR9945454,2464864
ERR998109,202
SRR15036070,1054787
SRR6654573,18061
ERR1407608,24738
SRR8928827,10276
SRR6250312,88320
ERR202562,5684
SRR21831646,402196
ERR1218467,221922
ERR1374811,2464
SRR1872979,42120
SRR8169175,187474
SRR8106500,44244
SRR9850659,12630
ERR960260,5582
ERR1107936,196250
ERR1415393,65626
ERR659924,104528
SRR11577269,49377
SRR18305966,953414
SRR13724981,1479874
ERR340698,2300
SRR13706178,217631
ERR1475614,32634
SRR1872931,13796
SRR8286604,189024
SRR15498147,96591
SRR21773953,129978
SRR870792,176971
ERR1426821,165482
SRR12340122,382978
ERR1821755,23910
SRR7535431,131897
ERR1821727,20812
SRR1062325,112313
SRR14272174,93674
ERR962939,194
ERR3266376,27352
ERR960551,1706
SRR13972084,142501
SRR17968067,526918
ERR959982,1964
ERR959197,10052
SRR10887464,635574
ERR871389,292318
SRR8182168,1016414
SRR10887511,196910
SRR2087770,250670
SRR1062290,27876
SRR10753191,48342
ERR999319,508
DRR162535,38216
SRR8868551,453104
ERR582907,1126
SRR5810926,832
SRR11214430,336068
ERR667397,30532
ERR411520,41424
ERR1251986,20896
SRR18192278,200744
SRR10204638,942038
ERR718597,111504
SRR6468994,980
SRR8928751,225302
SRR8784174,189808
SRR1871947,53394
SRR20002712,143439
SRR21177742,216856
ERR960176,1506
SRR11302621,1130
SRR10153628,239674
SRR6020344,6307888
ERR1373530,34108
SRR4242454,326841
SRR5626505,251995
SRR10836786,123598
SRR6469236,96604
SRR6468765,116262
SRR6250313,222
SRR10974067,65988
ERR1373703,66754
SRR10151803,47798
SRR12474623,180292
SRR10974102,180728
ERR959193,11758
SRR6652898,853958
SRR8106355,264854
ERR830360,231996
SRR6469232,91808
ERR1204589,159280
SRR4375098,4512868
SRR1872683,12420
SRR8377227,138190
ERR1821540,24038
ERR853526,37876
ERR1408838,49622
SRR10887566,374978
SRR14456969,133644
SRR11206281,64295
SRR11302853,944
ERR1215842,214760
SRR1062455,32485
SRR6469652,223302
SRR1871882,13366
SRR23085089,264968
ERR1124828,626916
ERR1889876,180304
SRR6469064,162884
SRR6655004,7924
SRR11448256,189152
ERR968066,56396
SRR16299580,9710
SRR1872006,15430
SRR12060549,9877
SRR14679406,600996
ERR1374737,25462
SRR7266723,643071
SRR12650414,179412
SRR870739,23269
ERR1891681,52478
SRR1871921,11878
ERR1215745,234
SRR11427425,477592
ERR1821886,23574
SRR12661861,78974
ERR1888372,173772
SRR5593167,77372
SRR7892003,6410
SRR6655315,5500
SRR7410418,218166
ERR1821909,24390
ERR1216519,41290
SRR11090046,46967
SRR10151915,81008
SRR7410365,133980
SRR1039867,1336208
SRR633555,315118
ERR1205403,758
ERR573430,29258
ERR871342,166
ERR1395937,3070
SRR11302689,84
ERR959531,4186
ERR1204643,130584
SRR12287394,99701
ERR1621690,160
SRR11785631,93554
ERR2154733,73500
SRR12492966,110170
SRR850594,131370
ERR1888605,3012
ERR925781,78512
SRR1062662,19360
SRR11080806,619904
SRR11427270,257800
ERR1107962,161830
SRR7264581,52398148
SRR2039716,154765
SRR15646743,364550
SRR11303037,259
SRR7989641,1406464
SRR3624463,766728
SRR10070780,112556
SRR10126092,17538
SRR13777259,2296096
SRR1062338,100207
SRR7419875,9265
ERR1888731,351516
ERR960426,438
SRR5163823,143320
ERR1888986,327760
ERR853468,43730
ERR960682,6968
ERR1427182,1104504
ERR1621399,48578
ERR1888194,79530
SRR12194981,488666
SRR11302342,130
ERR1124570,589498
SRR15910158,173188
SRR14233939,256550
ERR998259,186
SRR10151609,86816
SRR11577261,50577
ERR962980,2018
SRR11874779,86408
SRR10126291,27983
SRR6655098,18697
SRR14915983,91047
SRR6655252,115
SRR1871992,24746
SRR2245887,128142
SRR6654963,17266
ERR1889304,135344
SRR6908633,18566
SRR14679402,191764
ERR667596,25430
SRR7252517,1123306
ERR755668,244272
SRR6654790,4598
SRR10828010,567180
SRR11302649,72
ERR1374656,9240
SRR12874646,108640
SRR17282602,345623
ERR960560,1618
ERR960565,3442
ERR4648703,95104
ERR925705,252
SRR870965,95009
ERR1415197,61166
SRR22404861,253634
SRR10151760,139106
ERR2723664,638
SRR8591318,250718
SRR13646750,549504
ERR1415061,48926
SRR11302933,63
SRR870956,181654
SRR3679556,403114
SRR7119839,10517
SRR3083736,251702
SRR10070726,191830
SRR1554472,624819
SRR11302587,56
ERR582897,242
ERR1415129,84058
SRR10887440,963504
SRR14703456,19316
ERR1373767,39960
SRR7641830,1004764
SRR17630970,1886033
ERR1373559,32450
SRR6469148,390304
SRR11302884,31
SRR10153643,1213072
ERR1108138,220544
ERR1122657,159434
ERR1730797,26302
ERR1475688,30710
SRR7909917,876836
SRR22428435,133808
ERR1821608,23730
ERR1888669,109394
ERR1218356,213148
ERR659862,210906
SRR16299386,9031
SRR5342771,480284
ERR1621454,44194
ERR959081,220
ERR659919,115240
ERR780062,75956
ERR960644,5842
SRR15048126,124794
ERR998238,51618
ERR573460,29448
SRR6250090,131484
SRR11302542,73
SRR1049814,1590352
SRR2735233,605186
ERR1252227,17510
SRR10151818,185082
ERR492291,70146
SRR6416911,548018
SRR13565176,227120
ERR960516,8530
ERR999418,54
SRR11700450,49853
ERR1730498,27436
SRR8862073,23976
SRR1872530,12
ERR667521,29656
SRR5045895,236847
SRR13796919,4110136
SRR6416904,217726
SRR9962802,3405814
SRR11302920,89
ERR1124887,637646
SRR6654825,10214
SRR6654656,14787
SRR17547498,36861
ERR2723319,29588
ERR998268,178
SRR17497223,171122
SRR8129709,217966
ERR1122693,233612
SRR6655340,5296
ERR960916,598
DRR334965,3994173
ERR925740,87824
ERR1888733,104618
SRR5382047,125924
ERR273883,270012
ERR596580,53598
SRR9189639,447927
SRR9962820,5011056
ERR1757432,25846
SRR14077612,246342
ERR1757732,18144
SRR8106613,16622
SRR6469260,199952
ERR959028,25300
SRR13646799,522804
ERR871430,128224
SRR14813040,231324
ERR960683,34
ERR2723180,46568
SRR17210892,102827
SRR7154554,43737
SRR1872481,32
ERR1442686,14370
SRR12037403,17773
SRR1871983,25242
SRR13706209,190516
SRR8787770,4320754
SRR6654478,340
SRR16298949,14046
SRR959347,26907
SRR998920,29905
SRR10125998,20513
SRR11302677,53
ERR1124978,312940
SRR11186418,430104
ERR1215957,900
SRR16681981,140042
SRR1062273,106839
SRR12464077,293980
SRR6469143,97794
SRR11519030,150192
SRR1872219,25544
ERR999488,362
SRR10126124,27838
SRR16964680,400418
ERR2723657,145858
ERR1204440,390868
SRR19661773,208160
ERR2723398,22766
SRR1872515,48
ERR1414970,52262
SRR1555586,12399
ERR999227,64
SRR8928735,148892
ERR1107989,112032
ERR1426967,691724
ERR1427184,981388
SRR12661796,84733
ERR467074,84096
ERR1889435,97360
SRR13958296,262274
SRR19661785,1388808
SRR6468910,75748
ERR853826,40984
SRR6261594,523098
ERR1821973,24050
ERR738211,86774
SRR10070822,189998
ERR10034112,421744
SRR10323911,2781706
SRR18516951,1086
ERR582875,238
SRR11302396,108
SRR6268135,310575
ERR1124779,306300
ERR1414825,61016
SRR6469776,41858
ERR1252000,12134
SRR1872801,18658
SRR7535433,27140
SRR12201913,286170
ERR1821545,24902
SRR12661577,89330
SRR6890855,155746
ERR1395898,31946
SRR15600924,62896
SRR12661605,129028
SRR10204631,870042
SRR6250172,74820
SRR13646742,648102
ERR1889585,39812
ERR1891656,64112
ERR1122795,79962
SRR3231349,3702598
SRR6890895,180141
SRR6249974,47082
ERR998347,31144
SRR7883077,26160
SRR5921187,345917
ERR1888074,184068
SRR17497221,188592
ERR2723088,14200
SRR11267516,225330
ERR1374392,5522
ERR1373734,31242
SRR6818816,462884
SRR21966826,180452
SRR12125407,34289
ERR958956,462
DRR189396,449769
ERR1821657,23420
SRR8928734,147130
ERR1821486,20152
SRR10863042,1049798
SRR10010341,72048
ERR1216083,98698
SRR5122168,88822
ERR1216645,22616
SRR1872360,44
SRR7902425,34894
SRR7119799,1661240
ERR1442909,16634
ERR1857967,26124
ERR2723130,55576
SRR11926638,126474
SRR8587700,4244
ERR1107954,170376
SRR8315377,278404
ERR1069125,192978
SRR9849261,851898
SRR11178130,784720
SRR6814880,156420
SRR11427435,264088
ERR998273,466
SRR1265735,1188006
SRR6469620,177456
SRR5115716,53889
SRR9728749,504654
SRR18254619,4794721
ERR716787,154536
ERR1373593,62056
SRR8244094,134005
ERR7132850,293282
SRR998923,30421
ERR960195,28368
SRR22561330,285154
ERR1889378,235574
ERR738239,94310
ERR1215534,384
ERR1215735,213592
SRR6469163,438494
ERR1374581,35484
ERR1816548,24058
SRR17630965,1377238
SRR8782105,3544
ERR959640,2906
SRR11302319,51
ERR1216439,81974
ERR853752,37138
ERR1204545,160858
ERR1426799,1920202
SRR6469865,58828
ERR1888675,1204
ERR1289927,145232
SRR6654914,7068
ERR1692538,42246
SRR5483545,327340
ERR1108042,150254
SRR1872470,16
SRR4241541,559486
ERR968139,64342
ERR1215883,56
DRR162530,48562
ERR1821584,21984
ERR1252226,16444
ERR1124455,197632
ERR1124815,578168
SRR5921035,346195
SRR17818768,152004
ERR145652,3998
ERR2723687,108046
ERR1821556,23958
SRR11302478,125
ERR1374793,11606
SRR5125640,385926
SRR11206290,53816
SRR8135934,1447608
ERR2146902,319832
SRR1872558,58
SRR6025596,348130
SRR13450056,75484
ERR1108025,131618
SRR1062357,117241
SRR10550524,79567
SRR12661892,106944
SRR12443336,529138
ERR1888323,193416
SRR11590424,142813
ERR737751,93140
SRR7662095,9643
SRR6655100,66849
ERR1216584,33354
ERR1730661,23748
SRR1555527,125
SRR5520646,295996
SRR10151868,209750
SRR17691953,289911
SRR6468878,128046
ERR1426839,122424
SRR4423747,426839
SRR9207167,114356
ERR1216536,77840
SRR21773955,145435
SRR10117586,292732
SRR3996112,83296
SRR6152628,130432
SRR10868202,702668
ERR1374133,3640
ERR4648675,100114
SRR3381751,513172
ERR1821982,23714
ERR1427355,908028
SRR10541202,256380
ERR1373515,27954
ERR492343,46974
ERR689831,65938
SRR12125382,22730
SRR14217694,97237
SRR17655017,106692
SRR6469648,122588
SRR3083719,391266
ERR1888313,33916
ERR959332,3266
SRR13221963,548362
SRR11303211,14
ERR960345,5110
ERR959703,95932
ERR1857628,29018
SRR18220785,39987
ERR999510,984
SRR16195465,52539
ERR1124694,198790
SRR8787733,462764
ERR1889879,52752
SRR12661805,76061
SRR6469372,82702
SRR10070778,92506
SRR1531449,691204
ERR959245,4404
ERR871301,363488
ERR960803,4354
SRR8135918,154104
SRR2087784,159584
ERR1374854,1812
ERR960804,2628
SRR11427476,432596
ERR340672,34152
SRR13796913,2921586
ERR1215817,183720
ERR1069089,525306
SRR7468675,53702
ERR657531,66160
ERR2723729,82054
SRR1872843,21110
ERR1888479,624412
SRR18687233,120836
SRR6890870,181076
SRR6469289,90962
ERR1475760,25056
SRR8377208,244530
ERR1396899,67596
ERR590798,33384
ERR780026,61994
ERR1857820,766
SRR17218105,129945
SRR20746138,621167
SRR11293503,757016
SRR6888838,458044
SRR835159,6704
ERR1757684,28162
ERR1215713,175878
SRR10151751,23046
SRR9336428,12443070
ERR1407650,14610
SRR6468906,114806
ERR1621370,56392
SRR10151856,133210
SRR1062589,18962
SRR11699732,190672
SRR10199498,184548
ERR1374217,7552
SRR13724978,1667894
SRR6025577,15055300
SRR11090017,33272
ERR1216015,132648
SRR10070813,283446
SRR13234641,19730
SRR17224792,171396
SRR14217700,110410
SRR6144816,22723
SRR10312413,193644
ERR999358,84
SRR14376443,326824
ERR1416109,42000
ERR1374438,3562
ERR958907,31880
SRR8106555,25536
SRR7549096,302444
SRR6020388,9698962
SRR10070557,27236
ERR1252209,15770
SRR21831673,691682
ERR958866,4820
SRR11585437,1437784
ERR1252211,14696
SRR1062560,14654
ERR2723984,32452
SRR8937003,380424
ERR716727,65358
SRR12661687,49289
ERR1124585,323886
SRR6267975,394858
ERR960871,2970
SRR12194859,368578
ERR1888445,211952
ERR1857854,31910
ERR1216088,98788
SRR17982193,6259918
ERR998134,60230
SRR489488,39442
ERR2154646,235760
ERR1889150,230800
SRR21177747,186384
SRR8441460,315468
ERR1204485,115966
SRR16195502,119030
ERR1108812,93302
ERR582934,1556
ERR2722986,55736
ERR999290,82
ERR959539,1532
ERR1414928,50500
ERR1427031,974052
ERR1821585,22286
SRR11186422,330264
SRR12103087,276752
ERR853817,40282
ERR1706510,55452
SRR2750987,379236
SRR1062680,19511
SRR8883730,146428
SRR1062228,61379
SRR12492956,166481
SRR7789575,11365
SRR16604669,689996
ERR925723,300
SRR1146566,430475
ERR1373375,22726
SRR1872904,23792
ERR1621405,44124
ERR1821607,20068
ERR999520,57340
ERR697905,40574
ERR1374809,4052
ERR1416038,21564
SRR15927834,303202
SRR11869114,29693
SRR18927015,585770
SRR11302491,107
SRR22428437,104966
ERR1889293,29412
ERR1218445,214788
SRR17592792,237184
ERR999563,100688
SRR5921130,175694
SRR6652894,1388026
ERR1204608,94022
SRR18192295,440346
SRR12037462,17184
SRR15710930,163598
SRR10974016,62072
SRR22525915,161628
ERR1069070,239284
ERR1107993,72922
SRR9198729,17153
ERR1218365,173376
SRR7268979,181326
SRR6246042,584696
ERR716840,137112
SRR9622314,156654
SRR11303004,89
SRR11303007,83
ERR738273,100634
SRR5443676,229997
ERR960608,4112
ERR2146904,814624
ERR2723050,90594
ERR1888376,297946
SRR5113022,151732
ERR1692574,46980
SRR6250107,119608
SRR17841593,21165
ERR1414842,71262
SRR16905277,2048736
DRR032763,152720
ERR1107977,190820
SRR10513904,507226
SRR15376938,1223094
ERR853478,36162
SRR6215411,163464
ERR1426998,1007386
SRR9331663,231196
SRR12194832,477524
SRR8591750,946444
SRR870839,149981
SRR11537842,6847676
ERR959165,20982
SRR8787700,8659280
ERR1205275,80
ERR1215816,207652
ERR998303,132
SRR4369384,108023
ERR1730775,30334
ERR1374638,9262
ERR1216185,110022
SRR10070653,48934
SRR8883718,42682
ERR960801,24
ERR959857,484
SRR1062571,19206
SRR9198751,5947
SRR11427319,180360
ERR1204625,172130
SRR11926630,89874
SRR3231292,5189512
DRR162514,43856
SRR1062671,18881
SRR1872049,37100
ERR1099550,184060
SRR12464068,229320
DRR032737,156237
ERR1821823,21256
SRR10434661,3239506
SRR8106372,8752
SRR11302664,81
SRR658542,136889
SRR10117554,226023
SRR10753219,40844
SRR6289783,85996
ERR1408803,93042
ERR035547,351368
SRR2025001,102068
SRR5520644,233191
SRR6469635,103040
SRR11448264,222282
ERR657619,109574
SRR10974017,60392
SRR9849227,478242
SRR836199,297513
SRR8383292,5100
SRR10126082,17569
ERR1427232,684164
SRR6289699,84282
SRR15600956,220864
SRR13176110,4771704
SRR12037452,9138
ERR594419,194708
SRR16299656,25168
ERR697980,54336
SRR13339172,221684
ERR596690,23544
ERR853778,67798
SRR9608470,1180140
SRR8883854,71858
SRR1062683,20546
ERR1475847,35662
ERR1416053,29282
SRR11033815,49294
ERR2146889,458636
SRR10974103,175668
ERR1416018,26850
ERR949683,200
SRR1872838,4798
SRR5270229,191665
ERR780041,77548
ERR1216753,17070
SRR12438038,400778
SRR16388447,204778
ERR1407676,33388
ERR1374275,2790
ERR1821617,21650
ERR962950,66116
SRR12424280,34544
ERR698019,86848
SRR13015644,389766
SRR23064372,145564
SRR1872456,50
SRR5809482,68825
SRR9198645,16985
SRR12037449,15130
ERR1251944,15216
ERR1374322,8182
SRR2834975,75544
SRR7905397,79218
SRR10126101,21614
ERR1252140,18938
SRR6908748,300142
SRR6215414,360686
SRR12661864,44331
SRR5593156,182855
SRR7145923,837822
SRR6654473,7456
SRR11302915,165
SRR6654283,18995
SRR1531445,149248
ERR780079,178314
ERR998310,37574
SRR6661152,121392
ERR1204465,135630
SRR10737692,677046
SRR953530,2292312
SRR16299407,15953
ERR590730,45672
DRR067132,4588394
SRR9728743,530752
ERR1889470,30060
SRR11303314,89
ERR1124870,939962
SRR5921178,353923
ERR1205112,512
SRR10312406,215138
ERR273873,170334
ERR1620427,393582
ERR959242,7982
SRR6249990,37100
ERR1888211,55734
SRR5482152,831884
ERR853793,36986
SRR16299576,31345
ERR1857868,7310
ERR1216328,173438
ERR1426993,476072
SRR11267503,199772
ERR1757495,28180
ERR1857955,29134
SRR10070672,163712
SRR12492962,107010
ERR998296,11730
SRR959310,84330
ERR1107931,222302
ERR1821954,29724
ERR2723181,12198
SRR1872054,40
ERR1216152,49586
SRR17731343,219384
ERR340747,339748
SRR1062302,13715
SRR5883562,683500
SRR16530665,233868
SRR6250316,17304
ERR3266359,26584
SRR7947896,13404734
ERR1124595,1987726
SRR1062201,25028
SRR12194853,685931
SRR11267509,215226
ERR1107950,219476
ERR2723977,59942
ERR1889267,352358
SRR10267096,359286
SRR6655136,17693
ERR1108753,145748
ERR1407682,23312
ERR517934,49214
ERR959952,5484
SRR6654241,3489
ERR1888210,72116
SRR6469601,116922
ERR1108760,142860
ERR853662,36988
SRR6032096,446235
SRR8788641,2191698
SRR11031290,315507
SRR10010364,60860
SRR13374859,102008
SRR6176687,72097
ERR1415051,53022
SRR11186455,1181002
SRR10753172,43946
SRR11777249,647308
ERR960815,10952
SRR6469569,48664
ERR1216040,157354
SRR11196601,381492
ERR871505,182
SRR8883744,89248
ERR596705,25522
SRR4124038,103085
ERR1621528,60010
SRR17183785,49285
SRR10862989,661176
ERR1442783,15902
SRR1872619,6234
SRR11869421,197508
ERR1475732,46828
SRR1872715,13434
ERR1889422,144880
SRR527838,860398
SRR6654808,16671
SRR16964691,234068
ERR1889813,70618
ERR1889056,187760
SRR514031,3548162
SRR11684006,12686
SRR11186416,477662
SRR19430236,235319
SRR6469152,98962
ERR1407591,21168
SRR1010329,4390
ERR2154759,8126
SRR8928797,17544
SRR6654587,19017
ERR1888412,509072
ERR596706,28458
SRR9610842,3387369
SRR12283718,528010
SRR1872608,34
SRR21034910,255068
SRR13015623,625376
SRR9899207,301072
SRR14915970,81204
SRR12083049,2324432
SRR8599813,1061112
SRR6468800,271046
SRR7662156,19226
DRR334961,4807746
SRR10126158,9085
SRR10117548,513192
ERR1857968,31336
ERR1821489,21398
ERR7720658,2044192
ERR1888408,10034
SRR12083058,1854372
ERR1215739,200746
SRR6829419,1369336
SRR5810726,2604
SRR9974560,146665
SRR6654267,13904
ERR1408864,85210
SRR7749239,17463
ERR1730607,21340
ERR492349,59626
SRR13437192,150181
SRR12194937,269060
SRR11302817,106
SRR15831133,461316
SRR16299587,44942
SRR13015576,591656
SRR11427362,192922
ERR1889013,150816
SRR16299070,12344
ERR959343,4156
ERR3446770,71004
ERR2723461,190598
ERR1099411,87028
SRR6469664,156620
SRR16195492,104718
SRR6888833,103472
SRR3381866,90040
ERR1857580,30162
SRR6176660,69798
SRR12338624,140737
SRR8383308,13986
ERR697854,42986
ERR998116,48
ERR022483,216986
ERR1757663,22278
SRR19627925,224856
SRR12614059,735292
SRR11214381,503070
SRR14559690,260290
ERR962932,252
ERR1124772,344162
SRR12661899,133350
SRR5441848,2889528
ERR1475738,34718
SRR1871945,14
SRR1062520,33578
ERR582866,240
ERR854866,78344
SRR18042674,135234
SRR17592788,276658
ERR1442840,12828
ERR657610,117058
ERR2154662,40110
ERR659825,66658
SRR10974018,57528
ERR780134,75720
SRR6469476,72172
ERR697989,50274
SRR10277619,168820
SRR16299198,26497
ERR960408,4356
ERR1407673,25878
ERR1889607,64812
ERR1431996,45644
ERR854788,115560
SRR6908670,18386
ERR1475610,32770
SRR6261585,635731
ERR1374732,17126
ERR1216679,27854
SRR7240606,23253124
SRR1872578,90
ERR998241,434
ERR853722,40760
SRR12125421,42505
ERR1442640,13866
ERR1374251,6140
ERR1857925,32172
ERR1759701,80030
SRR11302776,84
SRR8928837,15514
SRR6469443,60750
SRR13594957,15902
SRR6268060,39954
SRR10070693,92242
SRR8787719,63439
SRR16299582,38078
ERR1122830,67394
ERR1888553,483892
SRR8928915,131582
SRR14144773,707374
ERR718621,114404
SRR7749248,28025
ERR657628,103084
ERR1122731,226236
SRR10916828,103798
ERR1415276,61970
SRR1555531,2179
SRR12661678,129709
ERR960976,254
SRR17219893,12182
ERR853619,41314
ERR659882,88800
ERR1692571,57118
ERR1216640,63022
SRR11302528,762
ERR2723520,92494
SRR10151889,59114
ERR1621531,46218
ERR1204460,93932
SRR3544818,36960
ERR962931,3234
ERR1215984,134492
SRR5810879,990
SRR14340366,8612
ERR1216727,295564
ERR2154638,284008
SRR6020392,1410094
SRR13646732,373944
SRR11365197,120846
ERR659842,57122
SRR6814878,153922
ERR667590,48366
SRR14340363,8356
SRR22805225,224362
SRR13075141,63970
ERR1821980,19288
SRR1062504,32528
SRR8106353,128912
ERR959894,1404
SRR19764254,636772
SRR10070607,203386
SRR6469527,63162
SRR1062573,18573
SRR1062349,50523
SRR10151916,98330
ERR1407625,24208
ERR1374455,5222
ERR960257,4288
DRR084189,85944
ERR7179900,152743
ERR4968951,236346
ERR960974,412
SRR2968443,2106036
SRR15900246,2841206
ERR1888819,81152
SRR6654595,26426
SRR8106580,57960
SRR15204065,184508
SRR8312900,56328298
ERR1216383,156106
SRR11858751,422470
ERR670989,58482
ERR1415078,81886
SRR9189635,959806
ERR999450,54326
SRR1062524,31921
ERR667409,26620
ERR2723197,11204
SRR18063809,1202472
ERR1888710,83468
SRR13115062,1008884
SRR6654611,14298
SRR11427345,483904
ERR1396872,26608
SRR7089633,492088
ERR960089,5660
SRR7278700,334420
SRR850607,104218
SRR6654316,22342
SRR10117511,252902
SRR11785632,87409
ERR959191,3834
ERR959880,878
SRR1062792,96297
ERR1857648,28030
SRR10974077,82118
ERR1888754,133984
SRR12162918,362122
SRR7268953,160602
SRR998887,28688
ERR960133,75326
SRR13339169,209796
SRR14993673,440857
SRR11874799,83956
SRR7905360,4836498
SRR6654326,362908
SRR6469287,102010
SRR15204079,264099
SRR21758105,150548
ERR1620570,232186
ERR1889348,125430
SRR17499135,72018
SRR16299364,13003
SRR11785639,115569
SRR16299283,17007
SRR6020381,4447596
ERR1124616,312668
SRR10126282,30724
ERR1475544,34976
ERR1374473,2726
ERR1216780,334
SRR11303253,153
ERR667371,21860
ERR569556,1502
SRR8787583,261330
ERR1373466,14174
ERR716897,168624
ERR1888226,2612
SRR6654375,22705
SRR7410346,90442
ERR1427020,729500
SRR1872645,14050
SRR8106415,28270
SRR850592,135937
ERR1730559,11244
SRR18745495,1750864
ERR1426991,762036
SRR12661744,49188
ERR659938,131392
SRR8106443,21688
SRR6268066,54380
SRR6654353,21336
SRR9198728,32382
SRR6250138,99652
SRR9850672,14364
SRR11107232,313541
ERR667406,30790
ERR667508,37484
SRR17400069,152688
ERR1414862,46584
SRR5398202,204792
SRR1872461,10
SRR11427343,342728
ERR959750,5134
SRR11785621,120540
SRR6176746,171292
SRR6268163,128476
SRR5342779,560318
ERR960038,17874
SRR8787777,2269
ERR1475846,49210
SRR14428597,118923
SRR11186421,679938
SRR1872767,35080
SRR8787579,7628
SRR14217664,100839
ERR958840,22202
SRR13839960,69425
SRR13938364,120928
SRR7801969,334711
SRR15831132,479250
ERR1888284,28340
SRR6661140,114287
ERR232290,228476
ERR1426963,1219520
ERR1408866,562
SRR1872474,28
SRR1872176,34
ERR1621403,24806
SRR1872303,5980
ERR1124449,265688
ERR871310,260182
SRR3083729,373174
SRR14567474,1180508
SRR13074865,35185
SRR5443719,50813
SRR6289806,79750
SRR9333944,561316
ERR659972,107530
ERR1415084,1248
ERR1205301,80
ERR1251983,24228
ERR659971,89244
SRR2834933,165320
ERR1374847,1726
SRR9974571,98320
SRR1872338,24052
SRR22561331,256308
ERR1215546,259044
SRR1872914,30544
ERR1252187,18344
SRR6469733,153934
DRR161311,128550
ERR949659,146
SRR1872236,23474
SRR13938370,175704
ERR1215695,194
ERR1621509,22662
SRR6654462,12497
SRR998890,30280
SRR6451497,83254
SRR11427457,395494
SRR1609741,157476
SRR8106311,96488
ERR960992,246
ERR1857908,30262
SRR9849208,328108
SRR17604942,239087
SRR12998954,312208
SRR6654348,34493
ERR1124553,472074
SRR6176626,2320504
SRR18056676,578126
SRR8305653,789890
SRR1565811,306793
SRR5186145,223778
SRR870803,113735
SRR12774363,211663
SRR998924,32052
SRR13646792,447940
ERR1757497,23456
ERR667497,30240
SRR17547552,38499
SRR6025607,295794
SRR1871911,18372
SRR5579869,25300
SRR7664345,393252
SRR2138287,77892
SRR6469034,18414
SRR5639261,2471442
SRR1872900,27220
ERR659819,62856
SRR12340482,626728
ERR1730554,16304
ERR1122727,263972
ERR999345,85474
SRR8106288,91888
ERR1442879,12870
SRR17191191,143910
SRR10887573,264340
SRR6468990,53300
ERR1692524,42078
SRR12650410,129476
SRR10151561,51898
ERR1888748,310000
ERR1442829,11374
ERR1069118,242352
SRR6250024,38536
ERR959341,5280
SRR8811912,62440
SRR8106495,22252
SRR7468697,76833
ERR1889770,99520
SRR14703465,20410
SRR1872738,460962
ERR854856,220862
SRR7292734,154930
ERR999199,118
SRR7419848,23906
SRR18927000,580000
SRR5810788,2764
SRR3923678,148380
SRR14923964,86787
SRR22428436,5114
ERR2723294,306248
SRR498195,351080
SRR7789562,12196
ERR1757530,15246
SRR14217712,120461
SRR6655010,16138
SRR6468757,78486
SRR14308850,369575
SRR8298703,563608
ERR1891668,56698
ERR960743,1108
SRR12786071,235320
ERR1730762,30940
SRR8788652,577460
ERR1373379,19844
SRR8888281,836736
ERR1215521,230634
SRR16299054,29771
SRR11213715,542476
ERR1857582,27684
SRR8106549,28394
ERR1475637,49592
ERR1216745,128208
SRR8787707,2428520
SRR16964679,273458
ERR1203533,161902
ERR1442779,15086
SRR14867551,212436
SRR7299186,150390
SRR8377250,192030
SRR18297400,1741296
SRR6416912,233770
DRR189363,403756
ERR960445,2984
SRR8106634,156162
SRR21966427,127997
SRR21966829,221756
ERR1205316,84
SRR5921166,352350
ERR1821970,21736
SRR3679514,384010
SRR11519051,149934
ERR1426900,699058
ERR759386,189166
ERR830347,248158
ERR1621595,53480
ERR960543,2
ERR998345,21578
SRR10126173,16180
ERR1858022,25718
SRR6289675,75812
SRR17604950,74795
ERR1108159,110980
SRR9067638,1146380
SRR9198793,8001
SRR17745599,4164
ERR1889712,83106
ERR492357,44966
ERR1730542,15082
ERR2723379,176350
SRR16299298,5953
ERR925765,180
SRR13437204,165152
ERR960148,8946
ERR1540908,280454
SRR3679509,309004
ERR963128,38612
SRR13242472,27802
ERR1252237,18218
ERR962925,442
SRR6848349,274386
SRR13972071,72421
SRR5893084,22466
SRR12037470,9139
SRR5507577,261366
SRR7410379,92506
SRR13234651,57926
SRR6417970,349970
ERR273849,435958
ERR780109,122784
SRR11303317,755
ERR854787,120034
ERR1108066,122950
SRR10151802,66728
ERR10034051,424770
ERR1099391,60266
SRR11302809,91
SRR7268905,101532
SRR7268899,111730
ERR1892082,97314
SRR11303221,95
ERR1215874,193020
ERR1374785,3710
SRR13181582,410124
ERR1373747,35542
SRR1872071,304
ERR1204623,145634
ERR960363,3590
ERR958779,24920
SRR12194845,657780
SRR11869111,58441
SRR1062628,18294
SRR8928900,68266
ERR959642,738
SRR10151596,52032
ERR659800,116298
SRR6250293,96194
SRR16784084,1096016
ERR1069061,243406
ERR871549,237986
ERR999565,89246
ERR1858104,34354
ERR1408789,207922
ERR698004,98638
ERR2723251,75430
SRR5810924,398
SRR15831088,259662
SRR6450501,102570
ERR1124701,325048
SRR15048133,601780
ERR1216945,684376
ERR1427098,836862
SRR14217679,102659
ERR1218376,159928
SRR870751,38668
ERR1108790,220980
SRR13005709,412358
SRR5893088,8731
ERR2723714,116136
SRR16299540,2793
SRR4375302,47064
ERR1426955,823832
ERR1416101,21136
SRR10126118,18049
SRR16327294,195638
SRR15626594,4837706
ERR590752,47830
SRR8706244,1347338
SRR11214383,708246
SRR6334839,442964
SRR1531476,77992
SRR13074810,20982
SRR870972,120377
ERR1888593,39894
ERR959908,5450
SRR9198679,6799
ERR2723733,26262
SRR8928824,19816
SRR15347700,624918
ERR7131145,361915
ERR959608,2356
ERR737761,119168
ERR1216145,80566
SRR12661874,50895
SRR5004949,606854
SRR1872165,19046
SRR3381844,230108
SRR6469535,83868
ERR1426844,109384
ERR1099452,194428
ERR1410135,548096
ERR1426790,128584
ERR1888086,57384
SRR6249957,32518
ERR1124522,392112
ERR1692478,57118
ERR1251934,12250
ERR659848,87206
SRR1062599,18029
ERR1857668,27752
SRR8485410,16396
ERR960395,11534
SRR6249983,31114
SRR12436746,47888
SRR1121288,225464
ERR1415371,83736
SRR7268854,110062
ERR340714,285208
ERR689819,84004
SRR3393530,153428
SRR11801325,92953
SRR11585440,758064
SRR15871410,154692
SRR870787,173832
SRR1062812,19282
ERR2723365,89276
SRR1146563,276158
SRR18049405,18108
ERR999344,71286
ERR854851,154958
SRR8119910,185598
SRR7299174,160004
SRR11186472,1311552
SRR489489,97515
ERR573457,29966
SRR959346,26610
SRR2834956,126450
ERR853798,46748
SRR870871,179655
SRR12436812,78386
ERR1204340,125496
SRR9207163,206350
ERR2146920,314044
SRR17731347,144470
ERR1124868,734924
SRR12436745,58257
SRR8928820,10336
SRR11427426,336754
SRR14213371,155479
SRR1714465,2068990
ERR962958,466
SRR10903541,1125566
ERR2723293,93342
ERR697956,110506
ERR1857716,29686
ERR659909,105568
ERR1216056,142296
SRR17400056,157414
SRR21526552,1007846
SRR21518683,3141254
ERR594423,200962
SRR16299299,22241
ERR1857677,29002
SRR8129710,145866
SRR10070655,64094
ERR871497,196
SRR11427350,405500
SRR10151901,157148
SRR8867579,289930
ERR1431989,39328
SRR8137056,209891
ERR1374552,31546
ERR958985,2770
ERR1215902,219804
SRR5485618,214200
SRR11080805,838456
SRR17191192,348946
SRR870967,40505
ERR959360,13148
ERR1621543,46988
SRR7905393,331174
SRR8784154,11584
SRR1872898,21200
SRR7726443,1235213
ERR1891657,123894
SRR17547503,21343
SRR7886628,1208387
SRR2751005,264028
ERR716765,160464
SRR12749700,6048565
SRR2392489,1555874
SRR1062453,26884
SRR1872807,22770
ERR959664,8654
SRR13374850,493444
ERR659986,122476
SRR6289787,87164
SRR11362969,281608
SRR2146368,69874
ERR1396827,74515
SRR12661555,73900
SRR8928941,51414
ERR1475710,43620
SRR1871991,22456
SRR1062403,26521
ERR689848,58318
SRR6890902,246370
SRR870761,184306
SRR14923998,76764
ERR1373641,44956
ERR999519,66
ERR2723758,39642
SRR5893117,297512
SRR15626552,359176
SRR7061298,542442
ERR2723080,91120
ERR1204358,165226
ERR3446764,67060
SRR8106427,25758
SRR12436815,93135
ERR1215772,191920
SRR12037500,17118
SRR11302510,138
SRR19764253,335014
ERR1889537,80356
ERR1216504,78650
ERR1374413,9068
SRR489482,39170
ERR960717,36366
ERR1218437,222940
ERR737740,83416
ERR780068,132296
SRR13176107,1023140
SRR8928840,14668
SRR12672474,102673
SRR5810706,1102
SRR21518661,2265986
ERR960737,2468
SRR8868535,95482
ERR2723146,24876
ERR1410124,11900
ERR1205329,30
SRR1048071,9226
SRR12474680,1109598
SRR12876832,625398
ERR959533,1778
SRR17313507,218634
SRR15049566,140437
ERR2154818,1296
ERR525379,31712
ERR1204422,410730
SRR2043035,165406
SRR8788660,964094
ERR1821538,21882
SRR11186467,1495530
ERR998249,55456
SRR8591747,686070
SRR5810941,6476
ERR718650,117060
SRR3231358,382485
DRR032742,205286
ERR1067177,416042
SRR10126104,33246
SRR1062746,121760
SRR13724990,2620522
ERR340750,133238
ERR2723839,11148
SRR6814895,199022
ERR492325,9712
ERR1407715,586
ERR2402423,666412
SRR5818015,163833
ERR1757748,21106
ERR1692607,60842
ERR1427365,700452
SRR6289779,87314
ERR1124652,416988
SRR1872180,514
ERR1108091,385830
SRR1871857,16876
SRR5810869,742
DRR162472,48198
SRR5398206,102998
ERR2154645,168302
SRR6469572,8
ERR854825,102120
ERR1475641,32610
ERR1407562,366
SRR13998188,774792
ERR1857853,7364
SRR392976,80772
ERR959855,590
ERR1408794,918
ERR202529,672
SRR11812054,166040
ERR1374585,7480
ERR716801,164060
SRR5579866,30120
SRR10070594,179914
SRR13115053,1158076
ERR2146929,333130
SRR13796901,1810336
ERR925782,240
SRR1062652,19710
SRR10152007,151140
SRR19762949,203361
SRR10070716,77310
SRR19641886,271080
SRR5810672,470150
SRR6468941,56004
SRR12340119,987170
SRR2040572,95081
SRR2735232,836764
SRR12474627,267030
SRR8883813,471585
ERR2722979,2552
SRR7789594,19120
ERR1757613,27430
SRR10902598,169959
ERR1475724,24258
SRR11303313,88
ERR960704,21560
ERR959817,34
ERR1730662,25908
SRR2921973,118662
SRR6469715,602534
ERR1889040,40286
SRR6908699,1108750
SRR6144823,28671
SRR10550535,93862
SRR6468751,70628
ERR958971,4074
SRR8883781,878990
SRR18927198,50872
ERR1215752,224
SRR6308293,658268
SRR8071438,319166
ERR998155,46264
SRR9674299,116664
SRR9854017,9054141
ERR1395861,96
ERR780073,158724
SRR6908628,36066
SRR535986,6409
SRR1871861,10946
ERR1858052,26682
ERR1692545,57830
ERR958843,0
ERR1203517,180376
SRR1062209,38097
SRR7662126,16326
SRR3179609,220570
ERR411494,53700
ERR1442910,13920
SRR6469356,92832
SRR7419849,10593
ERR1889566,38152
ERR1821985,25076
SRR1871875,20978
SRR870794,176006
SRR7535416,27828
SRR1872017,64
SRR13777250,344954
SRR13234635,665093
ERR1475496,21042
ERR2304199,559176
ERR1888187,335288
ERR1816535,24856
SRR16299010,8904
SRR3498293,4258025
SRR4369373,107432
SRR6289670,68866
ERR1730605,23378
SRR9198849,4841
SRR5337743,47912
ERR963190,120
ERR1374559,5636
ERR2723774,137282
SRR17224791,235000
SRR11302597,30
SRR20746137,787028
ERR1374589,16396
ERR755666,230644
ERR2154789,65902
ERR7132851,316178
SRR5810843,1494
SRR11302523,109
ERR697925,84260
SRR363985,341039
SRR8526636,167212
SRR3371421,773582
SRR22747856,205688
SRR3083748,407496
ERR1218330,198332
ERR1414959,45550
ERR960315,6764
SRR4734162,118054
SRR10070593,735378
SRR6908646,912
ERR1416104,24474
SRR6250370,110032
SRR6215422,118818
ERR999406,38082
ERR1857973,36094
ERR853770,49212
SRR1871961,18044
SRR6890908,213371
ERR1396855,20680
SRR3655802,276767
SRR1872092,42
SRR12851619,86020
SRR2087769,151526
ERR590741,36088
SRR12933781,269356
SRR5810702,662
SRR9164643,65963
SRR10126023,23247
SRR9850660,13474
SRR19859440,289138
SRR6654600,24737
ERR999360,112
SRR5443706,89982
ERR1124726,329504
ERR10034091,416542
ERR273862,125644
SRR3018751,256869
ERR959467,3622
ERR1407649,1114
ERR998272,806
SRR16905275,849722
SRR5810738,436
ERR698023,103620
SRR11862885,1205964
ERR959344,5526
SRR6888839,833174
SRR10070766,140504
SRR1611970,66218
ERR1410211,92530
SRR4375097,6049876
SRR959352,34416
SRR6469301,90456
SRR9277357,99108
ERR582856,184
ERR999515,58
ERR1414980,68842
SRR11214421,409996
ERR1757597,23736
SRR3139114,3049882
SRR11427322,589050
SRR19638121,336890
SRR11302327,100
SRR7252513,590726
ERR1892041,77640
ERR1124581,367538
SRR870945,189530
ERR2154724,306
SRR22272446,248710
ERR960689,27766
SRR12661881,47495
ERR1205101,4338
SRR1872930,25208
SRR10040098,276336
ERR1108819,289810
SRR9596463,372528
ERR2723021,192454
SRR7947924,1162204
ERR759372,203640
ERR1415099,52002
ERR1124885,533870
SRR5382000,122579
ERR2983452,230614
SRR11302575,1132
SRR7905399,20066
SRR11033830,752756
SRR6888835,127522
SRR12070782,23956494
ERR959040,17126
SRR7410438,206742
ERR1475477,18030
ERR1888064,94970
SRR8106526,29696
SRR10126034,10016
SRR16604674,562282
SRR10527611,1126440
SRR13426329,162262
SRR9906821,169972
SRR7801974,574378
SRR12786075,378150
SRR11926669,906196
ERR1442884,17228
SRR20746139,728754
ERR1124873,584274
ERR1821813,24832
ERR659877,77876
SRR10868213,400216
SRR12023699,499298
ERR1821801,21408
ERR232300,339558
ERR1373561,53428
SRR18267562,244174
ERR2723215,252
SRR5017060,4620279
SRR8883805,1847389
SRR19594541,119257
SRR14233943,259378
SRR14217696,120769
SRR11542110,149439
SRR13115045,461464
SRR6469248,86590
ERR1373539,19764
SRR3159070,96370
SRR12974168,393064
SRR5810765,74
SRR12661556,99047
ERR2723903,44964
SRR6469831,264604
SRR6469463,58290
ERR1821547,24012
SRR11777252,507594
ERR1692441,69360
ERR1427081,789000
ERR590723,53022
ERR960122,9248
SRR7637838,531232
ERR667451,48764
SRR2027909,117444
SRR6655333,6626
SRR8888284,865282
DRR032752,172978
SRR18124375,130198
ERR590789,30614
ERR1892074,86822
SRR1062612,18735
ERR1374176,9194
ERR959935,828
ERR1889614,173502
ERR1858130,28592
SRR10151592,41928
SRR1555501,837
ERR2723970,40374
SRR2834946,131368
SRR6654968,8758
SRR11267491,273236
SRR9198711,30890
SRR17723100,352954
SRR392969,257306
SRR6654323,22717
SRR6469672,134306
ERR1396908,2806
ERR659859,72
SRR10735810,157
ERR853651,71310
SRR15831110,276450
SRR10393510,10921
SRR14679151,217978
ERR1442797,16414
ERR1475671,13132
SRR12492958,100871
ERR1475789,21900
SRR8298704,386542
SRR3420359,2239608
ERR1821531,21458
ERR1396882,213156
ERR1889837,40870
ERR1395951,2420
SRR9728714,516984
SRR12134634,566020
ERR1594700,223988
DRR189403,188087
SRR12356835,283420
ERR1373746,35276
SRR1872632,14240
SRR10151559,40642
SRR10203907,172180
SRR20083913,242034
ERR1888921,446748
ERR960147,2096
ERR1892058,93180
SRR12774416,152433
ERR1888778,28188
SRR6654982,8280
ERR525377,35984
ERR2146959,321700
ERR202598,230676
SRR5337747,32973
ERR1415364,73078
SRR6654401,48669
ERR1816505,20058
ERR1888973,151576
SRR11302576,128
SRR6289747,100518
SRR18124526,619398
ERR1373514,22844
SRR22558345,109686
ERR1475523,34038
SRR14285959,175075
ERR1216338,210534
SRR17547514,27460
SRR8928782,304878
SRR7789561,13121
SRR13839954,181783
SRR17529060,473830
SRR17630955,132771
ERR3489871,118657
SRR10974111,53628
SRR11874811,66844
ERR716747,106574
ERR959130,7730
SRR13998081,1453758
ERR1892050,85694
ERR2722989,188732
SRR11427266,559726
SRR11855603,465252
SRR17210882,152868
DRR189374,73606
SRR18054177,42178
ERR960035,18292
ERR1889352,213278
SRR10586526,279332
SRR11302426,170
ERR405184,138830
ERR1099546,162130
ERR271384,1588
SRR16183160,943462
ERR1218417,180470
ERR525415,88816
SRR2976525,458688
SRR1062304,19976
SRR7444124,629662
ERR1215519,54
ERR853458,52640
ERR1888214,177624
SRR6654560,28288
ERR999198,43610
ERR1216404,118030
ERR4968953,211230
ERR4911022,147164
SRR2089839,110142
SRR13339162,184346
SRR10117556,228712
ERR582862,246
SRR12464092,263216
SRR5893158,150102
ERR1407686,24332
ERR1857934,30882
SRR6132701,46670
ERR1397069,46230
SRR11305408,358761
SRR13115055,833926
ERR8517115,159928
SRR6784689,1056038
ERR2154768,46276
SRR6268102,18877
SRR21518669,1314728
SRR8383274,2895
ERR1443967,396548
ERR1427305,1025966
ERR959396,16
SRR7662123,12351
SRR6654680,17196
ERR1821888,22088
SRR1785159,625936
SRR11214456,462884
SRR6654435,2974
ERR2723673,2240
SRR14213385,99960
SRR12134633,403314
SRR9207186,190486
SRR6654911,6609
SRR10415535,455514
ERR1204227,169118
ERR1427052,1053884
ERR1204516,171184
SRR10151567,59560
ERR659989,94558
SRR17745563,9264
SRR22018577,240722
SRR8298688,457738
ERR998199,198
ERR2723145,40580
SRR10070540,60448
ERR1889630,92644
SRR870769,143002
ERR1888567,329416
ERR271391,396
SRR6908750,141514
SRR3228703,36193
SRR13938356,101520
ERR1858131,31026
ERR2723530,113412
ERR1373389,26318
ERR2723818,49478
ERR960466,3804
ERR958838,25838
ERR926014,430
ERR7720647,2144338
SRR10126053,14047
ERR1857838,41172
ERR1107967,150032
SRR13602439,279890
SRR6654320,87581
SRR10974056,61700
ERR1215931,185380
ERR4091974,335870
SRR7264588,14871373
ERR1124567,468968
ERR3489855,195938
SRR5893091,20627
SRR953577,570209
SRR5341542,63848
ERR1108768,325316
SRR4241866,620174
SRR11302830,52
ERR716918,126570
ERR3266358,26954
ERR1107948,141302
SRR6469193,50748
SRR10010342,86744
SRR6469812,145966
ERR1252108,23918
SRR8106358,1005078
SRR5810893,536
ERR871540,407702
ERR1892077,2038
ERR1888521,717990
ERR2154799,60722
SRR1555499,1432
SRR14551647,3323562
SRR8244086,142607
SRR5820059,100120
ERR7132860,367320
SRR22420214,345764
SRR11700446,72870
SRR1872341,33528
ERR998335,112
SRR1872806,12850
ERR1888087,32964
ERR959484,43214
SRR10151948,30366
ERR1373708,57634
ERR1373429,26450
ERR3489852,65977
ERR1415004,79304
SRR13839921,3892284
SRR18220764,50667
SRR7909922,2999290
SRR6468778,76394
SRR13115048,937166
SRR17499138,88210
SRR6654305,25694
SRR12661663,56463
SRR14217659,94815
SRR5017061,5002242
ERR999408,450
ERR1888254,39730
ERR1416189,56254
ERR1124618,159326
SRR1872794,47744
SRR11033805,30844
SRR15097770,144914
ERR1374417,10786
SRR8784180,212628
SRR5893152,14500
ERR1108751,58530
ERR10034089,280912
SRR3166959,67744
SRR8132756,207718
SRR13011473,1631002
SRR9849215,245658
ERR1215867,199126
ERR492337,68578
SRR6654780,14607
ERR1374248,6782
ERR1216362,180434
SRR8377210,464606
ERR1108771,289002
SRR18745512,1367100
ERR2723431,28998
ERR1215562,175180
ERR1475521,27582
SRR6655267,15354
SRR13447010,226333
ERR202564,526
SRR16784085,1615944
SRR22437986,204420
SRR13652350,140889
SRR9685040,76878
ERR1692544,49674
ERR999388,112
ERR1416199,72388
SRR12661537,70315
SRR17879856,374381
SRR6654831,10964
SRR10152019,80126
ERR2983453,72836
SRR12898814,419496
ERR1099383,100600
SRR11610430,193552
SRR12194976,368168
SRR10151827,113196
SRR6215412,376930
ERR697983,52000
SRR11427387,1546888
SRR9674322,194582
SRR7764537,795374
SRR10151740,214728
ERR2455364,311469
SRR6384890,241284
SRR10151945,87548
ERR1888794,136102
SRR959312,106847
SRR7410391,140000
SRR6268123,45243
SRR14915979,90743
ERR1692473,83624
SRR18192279,232254
SRR12661831,103921
ERR959742,4316
SRR2127901,610157
ERR3301004,328796
SRR17085060,668284
SRR1872844,15862
SRR12150551,193469
ERR1374838,19504
SRR499866,10331
ERR871298,404262
SRR1062413,27245
ERR871371,1072
SRR6469149,78486
SRR8182174,139200
SRR12194865,325328
ERR1069116,137310
SRR6469110,116514
SRR12971780,1444582
SRR6025621,338732
ERR1821845,24046
ERR1252124,15348
SRR11303114,86
SRR9336420,10275362
ERR1396859,94076
SRR7535407,34633
ERR1427280,911102
SRR11699734,182595
SRR13181568,508656
SRR797916,182256
SRR21518664,1916934
ERR959842,378
SRR1947876,103814
SRR12661729,99691
SRR10887436,336740
SRR2138290,104970
ERR1620476,636394
SRR7789558,17517
SRR8106308,150272
SRR10735813,155
SRR12874662,140886
SRR11302306,171
SRR870734,32070
SRR6655350,5024
SRR9692021,558966
SRR10887439,247214
SRR1872417,139986
ERR853753,40348
ERR1889403,209548
SRR4457853,112082
ERR1205236,66
SRR16339852,187130
ERR1416157,50550
SRR12658673,701300
SRR6268051,36009
ERR1475600,26230
ERR998251,51116
ERR1415431,105276
SRR16299584,21702
ERR1821867,25196
ERR716742,42288
ERR2865436,170474
SRR5805914,79986
SRR11933712,133223
ERR716804,128302
ERR202582,4868
SRR8106541,45868
SRR13221792,213604
ERR582876,180
SRR516545,84
SRR959316,137186
ERR959468,3114
SRR7905372,3418862
ERR1069133,424064
SRR6411470,144572
ERR716775,150906
ERR667574,52060
ERR1216132,77106
ERR569526,2284
ERR1216182,90342
SRR11267517,219294
SRR22805240,174068
ERR1122804,184972
SRR5855253,269286
SRR8991397,1150528
SRR1872748,27074
ERR999441,229552
SRR10125986,31324
SRR6846415,395226
ERR1252190,12778
ERR1204520,60028
SRR3622446,198706
ERR960615,1694
SRR11302515,893
SRR5382002,116575
SRR5519772,279862
ERR1443968,464896
SRR7119822,6900
ERR871435,250
ERR1216437,962
SRR519721,2675240
SRR12194948,448559
SRR10394607,335866
SRR10753247,30610
SRR16299062,8436
SRR8883729,34708
ERR1410131,449966
ERR959179,5928
SRR13393450,72185
ERR2723943,84226
ERR949656,2648
SRR4026148,667902
ERR1426758,132794
ERR960343,692
SRR6250161,78924
SRR5822005,164900
ERR1216718,101560
ERR1407675,24340
ERR1821586,19188
ERR1373759,56204
SRR1010333,3458
SRR12199232,209242
ERR1373497,34364
ERR737712,118614
SRR2751009,280210
SRR2976528,336992
SRR13381334,809275
ERR960369,15966
ERR2154640,31558
SRR8315379,317253
SRR11427376,279026
ERR1397015,3098
ERR1416034,21936
SRR1872856,1808
SRR5274770,271974
SRR19641860,704608
SRR6654467,43007
ERR2723575,142612
ERR1125049,488008
ERR959890,362
ERR1204428,327536
SRR352482,30099
ERR999315,128
SRR1872310,22194
ERR1124477,366750
ERR1889311,316752
SRR6654931,15630
ERR202565,5306
SRR1947863,56974
ERR1621499,68110
ERR1730631,18468
SRR15483582,126577
ERR716736,59430
ERR1821627,22984
SRR11519034,124166
ERR659993,110134
SRR3932206,222082
ERR1099532,90122
ERR962897,1028
ERR1410119,5308
SRR8928762,241680
SRR5270231,245467
SRR870804,148336
ERR1373748,37124
ERR1205359,328
SRR11427224,372692
SRR3932179,189336
ERR959984,592
ERR1124741,592016
SRR13724968,1877804
ERR1888772,7920
SRR2136162,190236
SRR9728730,435138
SRR10010339,141708
SRR12436754,109822
SRR1049956,233106
ERR1620475,237150
SRR3420420,1383944
SRR6468815,53624
ERR1889137,166832
SRR1062681,20073
ERR1396873,36392
ERR1252195,19398
SRR4734154,150014
ERR2723256,33598
ERR871517,270
SRR12661823,95695
SRR11590408,95919
ERR1373563,38550
SRR15927809,149244
SRR3166946,68834
ERR1251955,13882
SRR10737693,626050
SRR7662162,16880
ERR1205246,112554
SRR6468926,54014
SRR1291417,136642
ERR1124558,387896
SRR8928939,93006
ERR999279,112
SRR8106548,34882
ERR1692485,84388
ERR1757657,18594
SRR5006033,2203188
SRR5817916,2506534
SRR11302961,143
SRR9198813,8921
SRR1872999,90852
SRR8883733,13216
SRR6176699,83749
SRR8787727,38797
SRR1609743,133330
ERR959909,132
ERR1621574,17714
SRR6814894,204906
SRR7268799,108240
SRR6411466,290686
ERR697958,102388
ERR667537,41854
SRR8197483,174562
ERR1204240,68322
SRR1062593,18388
ERR4172791,379586
SRR12661563,97208
ERR1374452,9176
SRR1062345,117978
ERR4648668,108304
SRR9906792,151706
ERR1442791,15060
SRR1062708,18941
ERR1427033,1108162
SRR1872990,59060
SRR10887534,300456
SRR1062443,26117
ERR2723436,109856
SRR11303365,88
SRR12708449,382548
SRR7268914,117922
ERR1427288,1339014
SRR6469838,87924
SRR17282618,455006
SRR18927011,521684
SRR14217673,110388
ERR2722973,41812
ERR1889299,147208
ERR1108754,153134
SRR5469315,382510
SRR15831113,271940
SRR18885367,533674
SRR13238430,15675846
SRR8784158,250134
ERR1416112,43272
SRR6250345,100646
SRR11777247,764200
ERR1888858,55278
SRR6249955,52012
ERR1888238,29646
SRR10151610,43146
SRR16299556,12750
ERR1216055,146488
ERR657585,107798
ERR1395943,37648
SRR15927794,197204
SRR11302986,50
SRR10151851,52568
ERR596702,21484
ERR4910715,352990
SRR7891991,49250
SRR4734157,121604
SRR14883467,140876
ERR596625,29288
ERR1415232,98486
SRR11267492,297464
SRR10070544,168566
ERR2146916,11556
ERR467067,111644
SRR6468859,166220
SRR14703459,12494
ERR1621404,21834
ERR1427014,1024524
ERR1442763,13988
ERR1125046,640250
SRR15626536,235798
ERR1858040,27886
SRR6020386,1493260
SRR9198934,7467
ERR960158,6
SRR16905278,1075234
SRR12436837,114609
SRR10151710,41370
SRR14924009,22480
SRR13429151,116052
ERR1757581,22922
ERR962977,49840
SRR959339,30626
ERR999267,108706
ERR202517,2090
SRR9077089,296486
SRR7746638,50803
ERR1621580,68190
SRR6654991,26998
ERR1416079,21212
SRR11302705,122
ERR1888508,601454
ERR1730525,19636
ERR4648680,106808
SRR12037404,21649
SRR1872115,19266
ERR1692471,61616
ERR959819,1304
SRR6654855,15333
ERR1475812,30132
SRR6468796,79992
ERR1374548,5614
SRR6268074,44246
SRR8883740,21380
SRR9674266,133590
SRR9947425,247426
ERR1408812,320
ERR958813,23574
SRR6268159,90324
ERR2146921,286874
ERR4910717,313140
ERR1427383,664216
ERR1427060,1061932
SRR11302358,67
ERR2723672,19284
SRR7264585,7917824
SRR6469206,200978
SRR11186454,1202840
ERR2723033,29616
ERR1858051,28930
SRR1872833,16284
ERR780290,112742
ERR1204392,140720
SRR14077610,206746
SRR10836791,234882
SRR7801963,448364
ERR1889296,172258
DRR162502,43768
ERR1216499,366584
SRR6469406,72978
ERR1889568,804100
SRR15813440,234952
SRR20083927,227918
ERR596628,22838
ERR960818,4258
SRR6654601,23780
ERR1416072,37700
SRR1872284,26366
ERR1204511,87440
ERR1373644,43390
SRR11427347,462710
SRR11427252,521314
ERR716753,166380
SRR8787655,147381
ERR959678,20
ERR738302,87518
ERR517978,111350
SRR7410442,154262
SRR5805905,128740
ERR1821811,22296
ERR963148,114
SRR15373451,6838764
ERR340702,255010
ERR525374,43134
SRR17879854,351293
ERR1069121,217484
ERR232309,886290
SRR14066769,644094
ERR1216432,101070
SRR6654398,33267
ERR960832,1004
SRR6655164,30102
SRR20083918,289842
SRR13005708,470576
ERR1415244,70214
ERR998377,19846
ERR667487,29314
SRR6020357,56439034
SRR7662082,46961
SRR3536478,452478
ERR1621630,58828
SRR5921146,263925
SRR15498149,96705
ERR9077184,57022
SRR8883704,75686
SRR13181532,380428
SRR14679405,227550
ERR1396889,11910
SRR1205160,188570
SRR10550521,122039
SRR15712666,18182
SRR5833543,723058
SRR14915974,84687
SRR6654363,5622
SRR19846952,6263634
SRR21617360,200822
SRR11590435,407024
SRR12070735,24029630
ERR411503,40080
SRR13594965,17542
SRR9674333,1402854
SRR1555497,578
ERR659929,101040
SRR11016373,357080
SRR11554196,234383
ERR1252045,16252
SRR6654544,22968
SRR8106429,21982
SRR13646747,396778
ERR517862,81536
SRR16894979,276784
ERR1415391,91542
SRR499871,15831
SRR10989896,327432
SRR15831095,260916
ERR573441,27872
ERR202494,7286
SRR7662128,11804
ERR1215768,213866
SRR15927825,441546
ERR1730744,17110
SRR2225888,114063
ERR1205248,632
SRR1871986,26
SRR6132695,81222
ERR1889450,294502
SRR6654689,12065
SRR2040574,110194
SRR21966808,195202
SRR12037395,18871
SRR1531456,37864
SRR13565138,329476
SRR3381792,110608
ERR1692551,68592
SRR10060613,173184
SRR12999268,1495614
SRR10070732,37920
SRR6655274,13405
ERR1374713,6506
SRR11302765,295
ERR1205347,224
ERR2154822,19180
ERR1414836,58930
SRR1062375,108106
SRR10058772,258032
SRR6250228,99296
SRR1062640,13419
ERR1857912,32106
SRR9198999,10510
ERR1889356,257396
ERR1374751,1598
SRR10974019,65402
SRR8816381,485132
SRR6250265,117728
SRR8787738,10974
ERR1888191,368282
SRR8883847,73742
SRR13594977,6952
SRR9849244,234432
ERR1374467,5870
SRR7268913,118486
SRR1872069,23164
ERR1124990,875890
SRR8071437,783024
SRR7468681,71465
SRR12874660,112952
ERR780102,105360
SRR6416899,199458
ERR582886,252
ERR1692508,36116
SRR1872681,46732
SRR14217610,111968
ERR1203522,168616
ERR202612,1250
SRR9119512,1198522
SRR6289653,293116
SRR13849958,803596
SRR1062642,19005
ERR959259,11018
SRR11302512,1094
SRR1062424,19108
SRR11033834,1058894
ERR853615,49938
ERR1692465,49330
SRR8883731,90698
ERR1889619,196708
SRR7264566,13969480
SRR7264576,1750398
ERR411496,55628
SRR10151942,108820
ERR1889794,44878
ERR959464,4272
SRR16299591,4239
ERR959604,7730
SRR1872241,12988
ERR1889323,294568
SRR7613119,800560
SRR10126138,8248
ERR1107865,261904
SRR3498284,2021344
ERR1821935,21976
ERR1889170,285066
ERR871463,3738
ERR959752,3164
ERR1215837,208852
SRR11302305,71
ERR853542,39170
ERR960401,544
SRR13839976,35071
SRR4124040,58924
SRR17224784,26770
ERR962908,356
ERR999567,364
SRR6818808,406810
SRR1062489,31985
ERR582937,1772
ERR1415131,70144
SRR8298677,562880
ERR960508,8516
ERR998172,92
SRR16490786,13240
SRR10151608,65370
SRR8735312,419080
ERR1888653,18138
ERR582917,2036
SRR12661658,51499
SRR9198940,30867
ERR1203521,182484
ERR1475552,21172
ERR962919,46836
SRR7789590,15357
SRR8928822,20586
ERR1107992,93702
SRR8599808,1148546
SRR3228698,35895
ERR667479,39028
ERR1427245,832072
SRR953531,2584585
ERR960705,34552
SRR10753234,50976
ERR1218314,176926
SRR11302317,769
SRR6468825,89066
SRR1062460,32379
ERR7132847,357526
SRR6468933,48262
SRR372793,197878
SRR3231325,475808
SRR12070762,28667640
ERR1124550,340274
ERR1620513,4
SRR6469437,23606
ERR853691,37056
ERR1099448,133436
ERR1124420,307538
SRR7666344,230164
SRR5810697,2564
SRR10151578,39242
ERR1252142,17834
SRR9674292,120806
ERR1858037,38338
SRR19077304,532832
SRR10126074,21651
ERR1216180,71076
SRR9207194,119302
SRR7612981,255760
SRR1872829,19626
ERR582867,278
ERR1108186,211572
SRR12340457,1095190
ERR960232,5910
SRR21518686,8560798
SRR15927818,187954
SRR10040117,1668232
ERR1621686,22906
SRR3381850,419644
SRR15783453,379616
SRR12436750,160439
ERR1099567,152946
ERR1216703,108848
ERR1442676,14404
ERR1475803,45162
SRR7757828,2478634
SRR6289727,77194
SRR6818809,386394
SRR18049408,16702
ERR959166,10598
SRR8106414,24696
SRR10974040,66626
ERR960430,5784
ERR960246,118086
SRR6250220,73372
ERR958757,16708
ERR960305,25788
SRR21518656,2479898
ERR1427140,615806
SRR11542114,154566
SRR3231305,14303074
ERR1889772,138166
SRR7268962,178318
ERR1252062,14072
SRR16490792,13382
SRR14428556,121800
ERR1251930,12920
ERR1475669,14134
SRR6468767,73694
SRR2239184,197906
ERR1204506,56244
SRR797918,217759
SRR11040636,215202
SRR8106695,20910
ERR949646,2430
ERR2723593,335274
ERR1857926,27106
ERR959644,8
ERR1889349,212086
SRR10863015,2684128
SRR5921137,197842
SRR6215421,272252
SRR6469582,2
SRR9198680,20285
SRR16964677,282630
ERR1397045,50094
SRR19762948,193961
SRR5366718,1472962
ERR718587,96056
ERR1107943,162784
ERR1205331,66
SRR14217686,110178
ERR1251919,12508
SRR20001189,663146
ERR1416019,30542
ERR667627,46998
SRR14373550,14550
ERR1757718,24240
ERR853617,43092
SRR9608469,1319536
SRR5483535,286888
SRR18124371,287498
ERR1099417,114314
SRR17714710,410594
ERR1442663,11410
ERR1373422,28660
SRR1872765,24388
ERR1408787,198
SRR9119502,780140
ERR1124995,497314
SRR1872247,28978
SRR1524241,283060
SRR1821817,201677
ERR1218495,129850
SRR7883095,12364
SRR10990412,3674184
SRR10887583,241258
SRR11773510,7410883
ERR1889415,137342
SRR5810727,552
ERR216331,488566
SRR870938,228485
ERR1251900,13818
SRR18181448,636626
ERR958914,15004
SRR6469738,94884
SRR12037319,11268
SRR18731943,177134
SRR1872175,167822
SRR1062301,34107
SRR12661606,131874
SRR12037498,12038
SRR17282613,336246
SRR519748,4404478
ERR759375,262244
SRR21518657,2573336
SRR21966443,171444
SRR3139111,747844
ERR959865,2196
SRR12037447,75817
ERR958845,20530
SRR11590437,354602
ERR1099463,206440
SRR14993680,302524
SRR11303355,167
SRR14783848,1016415
SRR17400052,198414
SRR21518671,2213718
SRR18516949,26005
ERR1373428,30370
SRR5398456,1119208
ERR1215529,132228
ERR1204360,158426
ERR1888828,164450
SRR8286605,160868
ERR1821822,26488
SRR2751026,311279
ERR1124806,563084
SRR13674932,746650
ERR697931,77278
SRR10117593,29433
ERR2723401,5846
SRR11427287,301370
ERR959432,224
SRR12436839,110814
SRR7268950,161734
ERR1888512,571308
SRR6654426,722
ERR925728,280
SRR10408942,155480
SRR8106492,15124
SRR5893116,145909
ERR1396850,13050
SRR10899681,970989
SRR1647683,263860
SRR9850643,12646
SRR7947900,10416774
SRR18745503,1627266
ERR1099559,210430
SRR10070845,73494
ERR960940,1398
ERR1620433,191190
SRR6268120,30380
ERR718654,102260
ERR1621359,41416
SRR18788799,164030
SRR12023704,675968
ERR1730716,25096
SRR7789533,9317
ERR1252173,17896
SRR10070779,76010
ERR2723586,179176
SRR7942613,600364
SRR886451,1641382
ERR1475606,39704
ERR1888768,72882
SRR10550553,97412
SRR1062778,21957
ERR1373458,22732
ERR1205259,46
SRR12661523,46962
SRR12999265,1028408
SRR959331,99117
SRR11302908,119
ERR1889728,378476
SRR10887444,365526
ERR1407674,29388
SRR12125414,35293
SRR5443678,242220
ERR1107963,175076
SRR10948882,38616
ERR1218315,156842
ERR1888933,450000
ERR1251964,13476
ERR960984,170
ERR1889187,118280
SRR6654443,3277
SRR9906797,106384
SRR8106642,50706
ERR960912,816
ERR959834,31602
ERR1122780,96290
SRR8383279,6406
SRR6469514,123656
SRR5382011,133593
SRR4199303,200433
ERR1858034,28400
SRR7789617,21570
SRR16299551,15536
SRR7902421,38270
SRR12193583,326332
ERR1124657,316460
SRR8106269,399136
ERR1416037,20698
ERR697945,65968
SRR10070620,71628
SRR10887479,269510
SRR8782102,7873
SRR13388661,1222102
SRR1872227,15168
SRR13242468,11644
SRR22437984,246202
ERR2723679,94824
SRR12672476,148412
SRR7661991,47218
SRR11206287,61415
SRR3381816,192982
SRR13115056,1930088
SRR21420708,169188
SRR6908607,38676
ERR659896,76494
SRR15204110,209986
ERR1621596,85524
SRR18390903,1882184
ERR871296,262566
SRR13234652,72818
SRR13938383,100744
ERR1410126,362786
SRR6494615,1000700
ERR1408819,54424
SRR8250774,325232
ERR1888659,89274
ERR1416074,25800
SRR6249989,50022
ERR968091,1044
ERR1215690,18
ERR1889709,301242
ERR1373479,26240
SRR16327302,172432
ERR1427082,643572
SRR18220770,90471
ERR1108220,111758
SRR6468768,59404
ERR689805,67890
SRR1062377,116251
SRR17282605,379740
ERR780116,160802
ERR697973,113928
SRR12037343,14341
SRR10887572,575482
SRR11577246,37368
ERR1205287,44
ERR1889265,130268
SRR9728753,421212
SRR9674329,708288
SRR1872891,24176
ERR1124731,412172
SRR17183782,31849
ERR1218456,160464
SRR16681979,151162
SRR10828012,480972
SRR10887492,198616
ERR1857811,7922
ERR659771,94822
ERR960961,60
SRR12194945,380214
SRR11302650,201
SRR11700440,490747
SRR1872749,7630
ERR998114,162
ERR853631,47514
SRR8632332,645778
ERR2723570,251310
SRR6825152,267274
SRR11869112,58547
ERR1442741,14934
ERR517966,52880
ERR960830,5482
SRR5378561,199902
SRR17007610,650813
ERR1415387,102510
ERR4902957,223764
ERR1410115,405540
ERR449270,52544
ERR657567,59456
SRR13724916,119754
SRR10058763,265290
SRR11114792,67198
SRR8106320,1023190
SRR6654388,12410
SRR13269766,193430
SRR5115725,52719
SRR11303009,71
SRR10151639,38728
SRR9849228,280086
ERR1888697,123024
SRR10151702,58490
ERR854783,85458
ERR1757377,22824
DRR032744,170101
SRR13234629,196774
SRR10038915,558568
SRR18338533,286434
ERR1889387,289438
SRR10868217,300896
ERR667427,38192
SRR10989885,424646
ERR1427043,552550
ERR1426787,126200
DRR162503,39670
ERR1396981,8854
ERR871462,1834
ERR1427326,752206
SRR11303165,63
SRR12070807,25110452
ERR1218370,176712
SRR8787771,141601
ERR1475708,43908
ERR1442759,14302
SRR11909511,614822
ERR2723821,24352
SRR21966435,118269
ERR2154702,118464
ERR667363,18350
ERR1427309,946798
ERR1889071,133800
ERR1888234,39034
SRR3169297,644806
ERR1427267,758394
SRR13602447,219208
ERR2723830,49078
SRR10358701,883478
SRR5921043,320283
SRR5921112,196630
SRR10070545,592960
SRR22018598,756356
SRR12661558,96928
ERR697864,100934
SRR7049637,1198186
ERR1216321,139866
SRR8383315,10642
SRR5382020,150716
SRR6237743,81314
ERR963152,126
SRR870834,142310
ERR1888218,57254
ERR1373377,18736
SRR16299514,10605
ERR1427195,699576
ERR667375,28944
ERR1215978,145312
SRR5810805,2602
ERR667505,27918
SRR578904,231952
SRR6469254,116784
ERR1816506,27070
ERR963206,232
ERR1442875,15258
ERR1289937,146086
ERR1889511,50276
SRR11039791,138606
ERR202584,278
ERR1215691,135502
ERR1414853,54714
ERR659837,65956
SRR6469375,86786
ERR1427056,1179014
SRR22805235,188582
SRR7905406,3590184
SRR21177744,169004
ERR999413,46
SRR1062452,26490
SRR870815,145082
SRR1062700,20536
SRR8868550,529442
ERR145633,182262
ERR1889721,333754
SRR1062711,19358
SRR7662032,44260
SRR13979081,1821945
SRR5893080,138460
SRR13115068,338442
SRR9850668,1879
SRR10117513,280775
SRR19978693,358582
SRR1872887,37768
SRR11302862,99
ERR1621622,56050
SRR1562533,102990
ERR962964,96212
SRR1062363,115930
ERR1427422,933428
ERR1124804,367696
SRR6655191,12704
ERR977584,2666040
SRR16905280,2270214
SRR10151964,68258
ERR960157,2
SRR15927806,104412
ERR2723800,205656
SRR1872259,37572
SRR15376945,2018248
ERR1857985,27458
SRR10125975,27098
ERR830310,147720
ERR1204254,131854
SRR13839967,121753
SRR8298709,446296
ERR517864,77162
ERR1442817,12176
ERR1889001,246808
DRR162508,53210
ERR1692583,54454
ERR1475816,57734
SRR8106666,18690
SRR11303177,126
SRR11302783,85
SRR19638155,1458994
SRR1872173,41364
ERR959410,4676
ERR960437,4206
ERR1215536,183950
SRR1872550,99604
SRR6250057,38
SRR10974068,59832
ERR1205317,94
ERR4172790,460984
ERR1374701,11000
ERR1205374,58
SRR8816377,376884
ERR1374700,10782
ERR2723843,9270
SRR1062229,5413
ERR998338,41074
SRR7662024,31543
ERR1427039,729414
SRR4017371,1329464
ERR1888199,118242
ERR467066,99076
ERR960351,1310
ERR926017,336
ERR853795,57780
ERR1374481,3362
ERR1414987,63830
SRR8787773,9283
SRR8552550,153929
ERR1427399,844818
ERR999372,858
SRR13866626,186211
ERR525378,26692
SRR1049952,299384
ERR3446740,64638
ERR960736,3790
SRR10887531,64680
SRR11303121,86
SRR14567472,651088
SRR1555505,2205
SRR11293495,527650
ERR2154785,4272
ERR1108198,166776
ERR3489857,160652
ERR1373396,23818
SRR8106602,29552
ERR1216493,22784
ERR590720,32174
SRR8106323,553134
ERR1857724,28370
SRR1062449,27231
SRR6655194,7585
ERR1215715,26
SRR16299237,12710
SRR13015585,202214
SRR8106262,519242
ERR2723201,11282
SRR21782740,242674
ERR1889562,104748
SRR12898816,349328
SRR3166934,51590
SRR23064376,260400
ERR1204505,173510
SRR10078100,451278
SRR6655126,108225
SRR17400070,161296
SRR11926680,259360
ERR1374519,14954
SRR10393513,14066
ERR7131170,312425
ERR1215568,36
ERR1124671,315084
SRR1872626,15924
SRR16768275,278926
SRR9198973,9182
SRR7292726,578481
SRR10277630,231986
ERR7131151,289414
SRR21966441,144418
SRR2225572,110022
ERR1857749,702
ERR573458,33832
ERR960955,38
ERR1888831,30184
ERR1888140,44900
ERR1889388,214720
ERR1821766,21490
SRR2751012,189915
SRR6025608,391748
SRR11206283,68936
ERR1821510,25638
SRR10277625,225188
ERR525354,41224
ERR1252231,17160
SRR17282609,371873
SRR14567483,314974
SRR393002,61546
ERR716767,154306
SRR5893074,242267
SRR8787605,40840
ERR1475561,51450
SRR15813431,209462
SRR13039588,97948
SRR11033817,49846
ERR1620509,148840
ERR273881,2748
SRR14456965,184639
SRR8485405,67720
ERR1475790,25230
ERR1857981,32328
SRR3381825,154248
ERR1215849,384
SRR1872585,64
ERR1415441,71430
ERR1396862,16892
SRR11601827,1165670
SRR1871937,18
SRR8816379,393296
SRR6250074,75086
ERR1374154,1970
ERR1730558,18910
ERR1204421,280902
ERR1374276,12666
ERR959732,330
SRR6469096,49666
ERR4844840,147686
SRR6469173,104840
SRR3544822,23694
SRR11213702,42398
ERR1216454,38676
ERR1857587,29238
ERR1889205,17698
ERR949658,154142
SRR1872698,24580
SRR15204071,212500
SRR10323898,610212
ERR1888912,195694
SRR1062811,1089
SRR15293962,1704716
ERR2723058,58976
ERR1374831,4974
SRR10070816,164680
SRR10151884,127528
SRR6025614,196908
ERR1757403,16192
SRR12194953,281268
SRR5837499,228294
ERR1757476,21998
SRR10126313,18489
SRR5810826,2450
SRR870860,131399
ERR1124505,224330
SRR17262952,30354
SRR22018597,742686
SRR6289674,68638
SRR6654634,14426
SRR1872401,52
ERR657547,102438
ERR968036,202
SRR7662062,16037
SRR8298674,342720
SRR6334841,576845
SRR7789582,3128
ERR596686,24576
ERR2723745,54904
ERR1122654,128294
DRR029937,107678
SRR11303057,38
SRR8787685,51971
SRR11214426,336802
SRR5931559,159938
SRR7268861,109196
SRR8948491,238600
ERR1889233,55342
SRR3083690,943996
SRR3228708,188820
SRR11302541,190
SRR22270141,172046
SRR10126169,11727
SRR10527609,771828
SRR8526630,132312
ERR1621472,47652
ERR1620528,394122
SRR9331660,153802
ERR1252004,16610
ERR1730501,17520
ERR960025,1440
ERR517988,49092
SRR1872995,42
ERR1373618,64400
SRR10126021,18577
SRR13388649,1039624
ERR697861,45714
ERR1216137,119376
SRR11214413,399442
ERR958797,28252
SRR9674244,123064
SRR6250244,99028
SRR13646754,450022
ERR1215945,193822
ERR8516976,1327176
SRR1872961,5650
ERR4029253,831710
SRR8883860,131942
ERR780099,97600
SRR12654012,258919
ERR959976,6036
SRR1062528,32858
SRR5381345,438140
ERR871471,227668
ERR1374261,32940
ERR958851,2
SRR11302609,150
SRR11214378,625154
ERR1125004,378480
ERR1891719,13524
ERR1373671,59616
ERR959967,3406
ERR1891643,61420
SRR6654251,5588
SRR3166940,156360
SRR10735824,165141
SRR8591737,2416672
SRR19764251,612216
ERR689862,60048
ERR854833,84600
SRR1872427,46
SRR1555560,7020
SRR11302916,110
ERR1252256,17922
ERR1252248,3836
ERR1757715,18324
ERR667524,46846
SRR10117565,251214
ERR667573,60122
ERR959217,1390
ERR1821613,17704
SRR8182166,151600
SRR6250364,39132
SRR21218372,299223
SRR3498287,1991666
ERR1891664,57290
ERR1442764,14984
ERR830303,183986
ERR1215676,40
SRR8787622,14656
SRR8244084,153869
ERR1888346,326562
SRR11303282,99
ERR596624,22780
ERR1757726,30536
ERR1757392,34342
SRR1062441,27253
ERR737776,138796
SRR3231334,4574360
SRR6289778,62120
SRR12661844,79365
ERR949649,1912
ERR871585,208
ERR202528,125108
SRR8784486,28584
SRR953576,242935
ERR2723102,28442
ERR1124757,328440
ERR960200,4160
ERR1374469,3864
SRR8106503,16308
ERR1621588,69714
SRR11033831,644474
SRR15321085,1433980
SRR12436797,96594
ERR1373728,28306
SRR18049406,11832
ERR2723756,20598
ERR1215607,36
SRR10323900,618330
SRR16574822,310646
SRR14703461,11832
ERR959083,7380
ERR1373627,61894
SRR12464097,310544
SRR3231345,4474822
SRR1555516,1781
ERR1124760,404762
SRR5683308,643142
ERR1889743,89686
SRR6469739,123648
SRR8787741,2781
SRR10863010,181132
ERR2723949,37472
SRR18124529,608634
SRR630464,331246
ERR1821800,20350
ERR1442736,12890
SRR8784495,13870
ERR959145,5172
ERR1821915,21750
ERR1888707,192652
SRR5893066,1777808
SRR11303362,123
ERR273893,79614
SRR22489947,768814
ERR273839,635964
ERR959221,11520
SRR15049562,384009
SRR5086606,3047460
ERR1205398,40
SRR8457170,698146
SRR9674339,771654
SRR6250157,70146
SRR15373449,7611618
SRR12070811,27923046
ERR1427283,544530
ERR871427,103164
SRR5853089,250862
SRR11427436,217584
ERR1374434,4510
SRR6250214,62782
SRR6469090,41682
ERR1374764,14160
SRR11302445,835
ERR871328,160280
ERR999318,70
ERR1374584,7892
ERR517901,57966
ERR517960,66702
SRR6250337,87894
ERR1888914,238082
ERR1373484,25650
SRR10004226,43608
ERR999305,148
ERR202544,5710
ERR4910720,217468
ERR1730637,21648
SRR6020407,86062
SRR22805208,1919248
SRR12194796,469638
SRR3166963,45428
SRR18927195,72437
ERR1442628,13446
SRR10153638,260610
SRR1872599,28
ERR2723954,48998
SRR13388642,1012030
SRR8305638,488454
ERR659952,107658
ERR596632,21718
SRR8787708,3980631
SRR4017373,1417978
ERR958877,34162
ERR1621378,71950
SRR16298986,4180
ERR871381,189598
ERR2154753,16560
SRR10126005,34128
SRR11302428,1063
SRR8928831,15992
ERR1252103,16040
ERR998367,24198
SRR8106532,55990
SRR13646770,433002
SRR12005397,398970
ERR1857728,27772
ERR1124764,392438
ERR959112,1568
ERR716760,161268
ERR1414800,28566
ERR2723909,143972
SRR6020431,1071942
SRR16964674,347532
SRR6654886,11547
SRR5833545,630596
SRR12070771,27571670
SRR13005703,661318
SRR10126083,25235
SRR1872684,15678
ERR10047718,225978
SRR11033316,235414
SRR1872178,44
ERR958808,5328
SRR10117541,244783
ERR960186,2664
SRR3139110,2472696
SRR6176639,2232002
ERR1475597,33096
SRR10126000,8169
SRR12070728,26500666
SRR1062317,36836
SRR10151834,84954
ERR1216541,112708
ERR853576,78274
SRR6814873,179194
SRR9944760,990188
ERR5236195,233378
SRR6654756,15070
SRR870969,123439
ERR1373757,37258
SRR7662139,17783
SRR10151986,94368
SRR3581670,278610
ERR1475479,14902
ERR780027,77002
ERR1888416,469548
ERR1396835,2
SRR11684010,14456
SRR9906829,232086
ERR1416188,60616
SRR13176118,392920
SRR17714688,818152
ERR960364,568
ERR1730491,21744
SRR6908701,2271786
ERR1108736,233538
SRR13938351,70160
SRR17312073,6233160
ERR1373372,16474
SRR2541822,133374
SRR12429755,400430
SRR16299066,24125
ERR697975,88484
SRR5805897,30079
ERR1099557,122634
SRR7410354,344860
ERR1218478,146344
ERR999548,174
ERR1216934,612476
ERR689829,62876
SRR22018609,245216
SRR6654882,7710
SRR8888282,725204
SRR6468939,59978
SRR9944758,1412662
SRR15646747,353136
SRR13388655,997514
SRR1872065,36
ERR1442873,15580
ERR959851,2938
ERR1857630,29318
SRR1872457,38
SRR6469195,88490
ERR1125018,141046
SRR7244612,157136
SRR10070805,127374
SRR15347705,1273978
SRR13039580,111303
SRR12356844,117724
SRR9198970,9861
ERR202625,478
SRR11302628,55
SRR11427261,365424
ERR1442568,19790
SRR8787736,4752
SRR7662088,13610
ERR1442578,12476
SRR6469701,111568
ERR999411,528
ERR1407664,90
SRR15204066,199154
ERR998283,206
SRR11293496,1000500
ERR1757479,27336
SRR18305963,537096
SRR12436739,33970
ERR2724016,197508
ERR7131162,2057514
SRR8928869,35776
ERR1415422,78110
SRR8788690,2931650
SRR3038041,199979
SRR1872974,14844
ERR4968937,170794
SRR14139665,400256
ERR223602,936
ERR1205379,209524
ERR1857933,33780
SRR15813425,169361
SRR6469218,174788
ERR1621623,29580
ERR1396896,50838
SRR959307,108195
DRR334971,1046248
ERR1427368,927514
SRR2968448,711230
SRR17248537,234472
ERR2723773,61362
SRR18220777,41022
ERR1216578,22328
SRR6469067,48546
ERR340712,107540
SRR15931295,168675
ERR1889679,78818
SRR12134626,5331040
SRR10126081,14040
ERR9787515,267658
ERR596582,34696
SRR870888,138239
SRR2834940,129968
SRR10117528,185229
ERR517891,42548
SRR7264583,10723820
SRR10127648,2212196
SRR6469015,84736
ERR1215537,129142
ERR2723316,79532
SRR8784493,18304
ERR1204378,128888
SRR20651071,458536
SRR11140713,226560
SRR10151989,40786
SRR11303206,163
SRR8945524,121357
ERR1414988,48056
SRR7891998,32052
ERR525350,56934
ERR1122699,218456
ERR1706527,88426
ERR2724009,25502
ERR1426925,691192
ERR659871,190
SRR2776879,221041
SRR6020325,2595096
SRR12037387,15223
SRR1062491,32041
ERR959054,2924
ERR959671,3256
ERR1216415,108724
ERR1218448,162378
SRR7410366,192152
SRR16299076,286
SRR6784672,346028
ERR1475578,25648
SRR11186428,37056
SRR5921050,363202
SRR13376242,331632
SRR17604939,219569
ERR1857756,29812
SRR11519035,135181
ERR1373720,46764
ERR999324,124
SRR11814649,295226
SRR19892905,433568
ERR8516971,893732
SRR18731940,189346
ERR960969,216
SRR11427448,299224
SRR15458886,137164
SRR5805890,79999
ERR1373615,59052
SRR18192276,143158
SRR12125412,47979
ERR582855,226
SRR7662057,38849
SRR1872472,24920
SRR870904,154311
SRR11302534,107
ERR960001,1512
ERR1475705,30928
ERR1215603,62
ERR1427205,1225402
SRR10151648,78846
SRR21526549,314156
SRR16299064,179118
SRR8735313,361652
SRR9198712,13450
SRR6469104,29712
SRR6250366,53290
SRR7662004,8616
ERR999558,85784
ERR854818,81144
SRR22129127,1009498
SRR4026151,926230
ERR853530,40866
ERR1415452,55450
SRR2776883,132187
SRR7662006,19852
ERR596717,27706
ERR1821768,24040
ERR2723084,16862
ERR4029240,738528
ERR1757447,16822
SRR16964687,394682
SRR4457855,114030
SRR3169296,519338
SRR3228714,81158
SRR10527613,932598
SRR8928891,131560
SRR6477202,644378
ERR1889730,283706
SRR11601829,1397142
ERR1374149,16246
SRR10152003,30506
ERR1757370,21472
ERR1373518,26586
SRR10989887,439314
SRR7240605,50686316
SRR10151673,42946
SRR9962800,273484
ERR1757546,12796
SRR1062433,21630
ERR925710,376
SRR6020369,7496
ERR573449,33826
SRR5893142,2380
SRR18352678,46933
SRR11302613,148
ERR2723317,61150
SRR7235533,556892
SRR11263281,201344
ERR596612,41328
SRR3228716,256170
ERR1889828,9318
ERR1416047,39500
ERR1730649,11606
ERR1889337,101140
SRR6654719,14764
SRR1062467,32058
SRR5441898,989052
SRR9728745,436554
SRR1871916,11794
ERR1215907,70
ERR1857918,30030
ERR871367,194
SRR11302777,392
SRR6798777,1147608
ERR1757390,29110
ERR1730677,26120
ERR998203,109162
SRR1821795,326983
SRR17386282,422966
SRR12654009,210398
SRR11302775,132
ERR2304204,363234
ERR1888885,290180
ERR854826,125468
ERR1415105,1100
ERR1757572,21970
SRR6655234,12329
SRR18516948,19008
ERR962990,80700
SRR12150548,182854
ERR999398,954
SRR7041869,133964
SRR8244075,121395
ERR1122683,227760
SRR14993667,372003
SRR9198814,6676
ERR573461,32386
SRR6469418,43782
SRR11302896,60
SRR1062705,22122
ERR959019,2708
ERR959160,3150
SRR8106494,17788
SRR15376932,1372778
ERR1373591,65344
SRR11016378,126964
SRR15910173,152713
ERR2723822,121890
SRR13646739,386562
ERR1215748,193172
SRR14217707,110196
SRR870793,165477
SRR6289818,89400
ERR1216393,119436
SRR1609750,70328
SRR12661832,71028
SRR13339165,180996
ERR1215894,168
SRR14923971,111821
SRR9198644,11333
SRR12037381,15727
ERR1216577,35582
ERR232365,1525972
SRR11725211,24824331
ERR963186,40
SRR1062512,32448
ERR667454,35682
ERR1427371,830960
ERR737782,128580
SRR6250151,76950
ERR202572,346
SRR13234676,56015
ERR667379,23672
SRR10126003,16814
ERR1889433,162326
ERR998104,22730
SRR9962810,484723
ERR1621488,47696
SRR11090029,53639
SRR18220767,25078
ERR998434,42
ERR1374130,3662
DRR084188,85673
SRR8926595,237690
ERR1888443,108382
SRR16604663,463360
ERR1215541,171830
ERR1205279,224
ERR1442902,14350
ERR1892073,2378
ERR960066,1988
ERR999301,288
SRR12037441,11236
ERR1374291,3556
SRR13780555,325612
SRR11302466,115
ERR1099510,82576
ERR3838748,86566
SRR15048125,647926
SRR17714682,195370
ERR1888908,313254
ERR582899,278
ERR1816523,23996
ERR2723998,240424
SRR10550565,76891
SRR8883713,117716
SRR9849212,256100
SRR8983316,186254
SRR10070595,24766
ERR958785,27772
ERR1124578,958906
SRR15871415,179810
ERR1475500,27628
SRR6877472,435204
ERR2154802,34538
SRR5579868,25598
SRR7892026,39260
SRR6654943,8595
ERR1216357,71044
ERR1620496,74306
SRR10312411,620412
SRR8883835,83946
ERR1426917,859754
SRR9199021,9638
SRR6250373,6748
ERR1427300,1303418
SRR12194901,441127
SRR11777187,221075
ERR871333,191822
SRR10511877,108222
SRR7410439,222148
SRR6469442,58640
SRR17994490,238502
ERR2154698,47952
SRR5810818,1474
ERR999522,1188
SRR10887459,526200
SRR8559983,319892
SRR16299188,8353
SRR6289665,347388
SRR11302968,135
SRR18788790,156040
SRR13706181,208871
SRR489479,64073
ERR582946,1844
ERR958906,21194
SRR22044645,391326
SRR5821998,168511
SRR12008030,347330
ERR1407601,26746
SRR1205172,187677
SRR1611973,71653
ERR657518,63856
SRR8106530,28766
SRR15691870,28024
ERR960918,322
SRR16964672,385330
ERR1408828,56348
ERR1205356,68
SRR8928812,17342
ERR3838738,147174
ERR689838,78960
SRR7119866,22321
SRR1062685,20082
SRR6468982,55988
SRR10070798,12560
SRR11302409,91
SRR8312795,149929
SRR8383272,4552
ERR1888327,668596
ERR1108048,211478
SRR5127971,207393
ERR871507,1700
ERR962900,41398
SRR9211483,140314
ERR960611,22530
SRR1062458,31892
ERR998433,32808
SRR6652907,1044194
SRR8106461,25010
ERR999523,74
SRR5235642,246608
SRR3381834,212976
SRR5125771,973660
ERR1107944,168802
SRR6655331,5914
SRR14217708,91464
SRR17400062,205162
ERR1427150,825868
ERR1416106,50980
SRR7886615,1711534
SRR10974101,133472
SRR12037353,13012
ERR1218357,124570
SRR9198667,5026
SRR5855246,268996
ERR871317,148180
ERR1821933,24644
SRR3381720,154954
SRR12113709,405563
ERR1396842,3252
SRR8883775,11346
SRR7746644,59864
ERR1692529,60310
SRR16676618,237976
SRR6469340,41948
ERR960930,6
SRR10151904,133046
SRR3996127,3326
ERR1374314,9174
SRR11206295,61678
ERR1730746,23914
SRR8787759,6134853
SRR6170095,1243762
SRR6654660,18529
SRR6811826,427298
SRR7015880,204894
ERR959896,6008
SRR13311747,2965212
ERR667422,51670
ERR1107902,189520
ERR926019,242
SRR9849240,203460
ERR1427259,1289868
ERR1124936,1022266
ERR657520,50790
ERR1397068,8344
ERR1888255,45688
ERR2723466,109684
SRR9077095,254160
SRR11427364,209282
SRR15626568,335642
ERR1414892,31456
ERR2723191,2058
ERR1415114,56436
ERR1427362,1247656
SRR5837505,242932
SRR8106293,386962
ERR1730597,26472
ERR1395894,42912
SRR1062479,32182
ERR1757632,4142
SRR13565157,237968
ERR1889573,20304
SRR5810792,1946
SRR11303153,50
SRR12661851,77302
SRR700537,792616
SRR5810889,302
ERR780120,173724
SRR12070733,27546126
SRR5683294,448076
SRR8833705,150311
SRR11185416,261124
SRR2180297,194307
SRR7223670,343616
SRR942764,95490
ERR1204260,132028
SRR5186143,156600
SRR17282621,372488
SRR2136167,255210
SRR13374839,146976
SRR5810904,474
SRR6654461,9223
ERR1426922,943680
SRR13594973,97358
SRR3932192,174112
SRR6784690,546396
ERR960005,3858
SRR5483541,271874
SRR22270151,310914
ERR2724004,146224
ERR1204430,245422
SRR11427271,245762
SRR10434087,484816
ERR854777,103512
ERR1821740,23274
SRR6250150,86530
ERR4910730,198797
SRR1872140,88706
SRR12194970,657642
SRR12578020,641904
ERR959453,630
SRR11427304,392478
SRR6469799,201570
SRR6654303,19089
SRR8987978,213252
ERR1857886,1786
ERR1730522,22006
ERR1475754,35996
SRR13602449,290942
SRR6654954,10518
SRR8526602,126042
ERR1757395,20014
SRR12661858,48162
ERR960441,874
SRR16298943,8772
SRR18687243,313242
SRR7942630,54304600
ERR1374547,3400
ERR1857823,838
ERR1757583,26424
SRR7268909,120838
SRR17604952,62297
ERR2723388,70490
ERR202536,94044
ERR1888114,64884
ERR1204551,128624
ERR959485,1066
ERR1107885,138768
ERR959800,2
ERR853491,46932
ERR1889172,58580
SRR1062263,532644
SRR6655142,20404
SRR8377234,171048
ERR999466,80790
ERR1857810,558
ERR1416125,59570
SRR13559190,240131
ERR1889789,85886
SRR1062750,121716
ERR1216620,105496
ERR718609,95712
ERR959233,9732
ERR1889662,66218
ERR1218429,182990
ERR1415058,56494
SRR9198859,10704
ERR718600,100964
SRR19661796,164988
SRR5320517,304392
ERR959912,1610
SRR1871932,44412
ERR959271,724
SRR1146569,449651
ERR1216058,132706
ERR1216001,89308
SRR14573849,836726
SRR6654746,12725
SRR17499137,108702
ERR7720653,709998
SRR8867576,554106
SRR11302885,1043
ERR1427183,791810
ERR960081,9546
ERR1888887,452008
SRR8811913,63834
SRR11302660,174
ERR596699,24480
SRR7905381,2830218
SRR10989904,275712
ERR968088,2074
ERR959818,514
ERR962953,560
ERR1108146,370512
SRR1872963,9528
ERR1204640,50
SRR14139671,423378
ERR1821890,21006
ERR925779,2732600
SRR10550561,93400
SRR6654633,23199
ERR9077193,49548
SRR9879918,3323526
ERR1252155,16620
SRR1785162,686380
SRR18885358,442634
ERR232363,1671992
SRR15204101,148074
SRR1872591,46
ERR1858103,29402
ERR340677,130436
SRR22443587,801536
ERR1889386,153792
SRR18042700,174074
ERR1374852,3402
SRR5666981,289060
SRR3355805,5056
SRR1167761,517608
SRR6494611,1620418
SRR6469638,37540
ERR1124498,343592
SRR1872211,23718
ERR4091973,260530
SRR17547494,47252
ERR958825,23744
ERR999224,37596
SRR14362886,18965
ERR1888402,524938
SRR6654858,11821
SRR19641861,925100
ERR1216339,185710
SRR1647681,223610
ERR1407574,264
SRR2834935,74042
SRR9199005,9587
ERR4029249,1618600
SRR17691937,157334
ERR697882,73020
ERR959511,1206
SRR18935958,122554
SRR13729828,459140
SRR3465546,191737
ERR960204,1518
ERR960550,21842
SRR17731336,161038
ERR1373736,24224
ERR960350,5488
ERR10180592,826636
SRR8503426,158596
SRR1872651,19710
SRR7662063,60530
SRR3231271,3110484
SRR1872089,34388
ERR1442730,14066
ERR2723237,168
ERR1730721,20466
SRR5893149,185971
ERR7132858,356448
SRR8106551,18524
ERR1888277,30858
SRR17600927,216106
SRR1146565,386325
SRR9119513,1235478
ERR963210,17706
SRR17691955,154155
SRR11303297,178
ERR467076,74946
SRR13437193,216443
ERR1069127,587694
SRR6231895,1378718
SRR6655059,8369
ERR1374311,11826
SRR18042697,166140
SRR870878,173337
ERR1442744,13586
ERR963137,1896
ERR1427006,776654
SRR1531463,2359002
ERR1692588,42228
ERR1427156,770778
SRR17846333,113216
SRR12436730,28187
ERR1621667,52630
ERR960327,150
ERR1410122,512494
ERR1395929,4292
SRR10126027,17992
SRR17235499,11
SRR9674342,715420
ERR925744,346
SRR22805244,174182
SRR7419860,51866
SRR8883838,94420
ERR1757650,8098
SRR5341539,74619
SRR10836772,176624
ERR1757400,24090
SRR7637828,447284
SRR5378558,197812
SRR15048138,64360
SRR17000960,819398
SRR19761449,227422
ERR1427290,992420
ERR1857641,708
SRR11303372,101
SRR22805237,141546
ERR1251931,14100
ERR3266387,25592
ERR960490,10086
ERR1407672,60
ERR1888112,203910
ERR1621397,55342
ERR698018,113482
ERR1889472,61802
SRR3622453,61733
SRR998916,34313
SRR22825756,5329586
ERR1443970,431008
ERR1122790,143814
SRR12037416,13645
SRR8883748,213716
SRR12436813,80488
SRR3228701,63982
ERR1888854,71442
ERR1069093,303072
ERR1889224,28412
ERR963180,74
ERR1888185,145274
SRR2834945,130938
ERR2723143,39826
ERR1442683,17798
SRR12661659,46828
ERR1888518,664144
SRR8936999,552150
SRR7268798,109072
ERR697851,27064
SRR5398232,23547
ERR1107933,182656
ERR1427071,65936
SRR11801331,130287
ERR926016,155716
ERR1620577,141626
SRR5337744,72150
SRR7882019,937580
SRR5805902,92306
SRR12661794,63360
ERR780030,62778
SRR6020443,927080
SRR17604937,147003
ERR871419,91394
ERR2723119,17784
SRR8106280,103904
SRR18124385,136934
SRR1736697,52808
SRR16298947,10026
ERR1252022,13232
SRR11427404,495658
DRR067143,1739042
SRR14300251,1964360
SRR17218101,28735
ERR871385,272124
SRR10863030,192134
ERR1889197,36850
ERR1408773,58142
SRR10151763,48946
SRR11302361,250
SRR10230310,179484
ERR1374506,5552
SRR12194848,326086
ERR1891732,1332
SRR18254623,3070499
SRR1871912,16638
SRR3498286,1198116
SRR1062202,24513
ERR1124814,886246
ERR7131149,440737
SRR6334488,1991282
ERR10034090,259530
SRR1188159,104249
ERR1125081,558594
SRR11303302,138
ERR1857772,31056
ERR1858087,27892
ERR1889462,51332
SRR3231309,3844280
ERR1757647,12468
SRR11577255,73145
ERR718611,97532
SRR10152002,31334
ERR1108216,92104
SRR13559186,314504
SRR13181592,284998
SRR11186437,413670
ERR1888253,26702
SRR11303052,80
SRR12037461,9229
SRR8298684,477808
SRR12661580,84533
ERR1415410,86786
SRR1872614,298214
SRR2087775,199080
SRR6655357,8646
SRR6908694,349838
SRR8383302,4762
SRR12469141,315272
SRR8377246,5812
SRR8787813,2799985
ERR999481,436
ERR1757575,25460
ERR1442591,15798
ERR959868,34882
ERR667408,19952
ERR1692550,27084
SRR9906823,22722816
ERR959281,164
ERR716894,157334
SRR1871969,25794
SRR7942634,24969598
ERR1857765,458
ERR1427018,641574
SRR12661904,75689
SRR1872000,26
ERR1426975,797776
SRR5810774,1266
SRR13724987,2654334
ERR854771,99278
SRR17745600,872424
SRR8883864,220732
SRR3179611,100798
ERR1396990,2208
SRR6250170,110534
ERR1374579,9684
SRR22744759,238902
SRR10868207,670062
ERR4321718,622222
SRR17879863,316576
ERR1407696,744
SRR8787749,6835
ERR667468,28322
ERR949631,130
ERR2723242,29572
SRR11302561,330
SRR10887487,297808
SRR6841468,446602
ERR1891647,59116
DRR224548,481474
ERR1475541,45156
ERR998416,35174
SRR7883081,42715
ERR1374742,14330
SRR959344,26746
SRR15376936,977188
ERR667477,28724
SRR8788718,99108
SRR10737695,900964
ERR1442561,18618
SRR10117523,228704
SRR11302581,87
SRR10741401,787250
SRR10151910,83276
ERR1204286,75658
SRR17879858,305377
SRR12194920,722328
ERR1108721,3118412
ERR780111,133794
SRR6841463,530428
SRR10902874,3593534
SRR6468887,731268
ERR960546,4
ERR1857960,27140
SRR2087778,147868
ERR716807,137450
SRR1821796,332228
ERR1252240,15608
SRR13938366,90068
SRR9336419,8265084
SRR14923996,76846
SRR6469408,67652
ERR1821519,24266
SRR13402907,96854
ERR1757430,25982
ERR517996,98780
SRR8787680,91303
ERR1395890,39374
ERR1374466,5166
ERR1416062,28914
ERR1205319,74
ERR1218459,158248
SRR6176635,1195272
SRR13707161,146160
ERR1821548,25272
ERR1442871,12498
SRR7419871,24247
SRR2989575,332448
SRR6760978,668462
SRR6020421,554582
SRR6468806,91770
SRR12070790,22201488
ERR1396924,8024
ERR1216557,21792
ERR2723415,453212
ERR1395828,27390
SRR13594981,157610
ERR1252249,15128
SRR16195486,121892
ERR1889115,464874
SRR5270235,190834
SRR5113033,598462
SRR6246045,307056
SRR5119942,59894
DRR189388,58511
ERR1215941,222708
ERR3266354,23561
ERR853448,43856
ERR716931,152256
ERR1857575,25488
ERR960444,6028
ERR1373761,33026
SRR7240613,101702950
SRR11519044,108735
SRR3179614,106218
SRR2776887,132340
SRR15910171,160714
SRR11577249,55666
SRR11302867,106
SRR10204642,695830
SRR12070766,28722970
SRR15813422,164315
ERR1108111,419366
ERR871594,140
SRR15711651,637766
SRR5893138,72055
SRR16299517,18263
ERR232289,1407952
ERR1124650,197430
ERR2723052,79246
ERR1374210,27344
SRR12661787,65274
ERR525386,51470
ERR582948,1312
SRR5810756,104
SRR8883761,38584
SRR4468779,211488
ERR1374257,16184
ERR2723341,224474
ERR1218468,144358
ERR1124982,136764
SRR3932193,160514
ERR1432017,177668
ERR1373798,33826
SRR6654249,18289
SRR13972072,75478
SRR9050630,212908
ERR1889700,52420
ERR1888464,406950
SRR6469769,135620
ERR1415155,170
ERR697974,86192
SRR5810740,2896
ERR959646,18664
SRR9674302,155012
SRR9850653,13182
SRR6468791,105550
SRR13729826,797654
SRR19077305,850902
ERR1374334,3796
ERR1373525,26284
ERR959891,2946
ERR1374287,5892
SRR6469355,97024
ERR1204409,149214
SRR8928879,202592
SRR8735311,276892
SRR1062538,34921
ERR517849,83056
ERR1396937,91368
ERR10034070,285306
SRR7662148,21524
SRR7410357,110258
SRR9622316,200649
ERR1621363,58858
SRR8883845,193644
SRR6466457,110664
SRR11917467,1221038
SRR5113026,143856
SRR6289656,149520
SRR1871946,20920
ERR871534,53720
ERR697944,49534
ERR2723225,71580
ERR984487,57404
SRR5341541,64323
SRR6249987,43412
SRR17375071,593941
ERR1216139,86770
ERR1373779,31592
SRR17745576,23028
SRR13724960,1355846
SRR11427288,289472
ERR1205365,189916
SRR5382019,145170
ERR1475835,49656
ERR1620415,631204
ERR1816531,25612
ERR959546,54
SRR8928860,298628
SRR519747,1643338
DRR067139,338780
SRR13376239,250814
SRR8928793,2380
ERR1414888,28428
ERR1888231,139068
SRR8106301,375282
ERR1442845,15064
ERR1216094,148588
SRR7662081,154674
ERR2723764,83448
ERR1204416,324010
ERR999309,33022
ERR1374463,8114
SRR10126304,9534
ERR1374757,5782
ERR1621493,20316
SRR6661147,146357
SRR15662007,258625
SRR8961086,204766
SRR3381746,606048
SRR10532694,119903
SRR11302565,45
SRR6469621,89358
ERR667470,19480
ERR1426924,1038454
ERR1396877,5334
SRR9692018,442852
ERR1757737,10184
ERR1252220,15808
SRR5810802,1404
SRR8749824,17149
SRR6814874,175140
ERR1374433,3698
SRR11777251,777802
ERR960371,94544
ERR960502,20126
SRR7789521,7742
SRR12971278,2865786
SRR11302990,105
SRR6655201,4296
SRR1797767,161778
ERR1889367,398052
SRR12424272,686230
SRR16973875,261280
SRR6176640,890784
ERR2723823,68414
ERR1205312,32
SRR6908733,123240
ERR2723409,54626
ERR1416168,58862
ERR1205116,616
ERR1374716,7672
SRR1062718,21096
SRR3139108,2413234
ERR1857721,31114
SRR17630948,168517
SRR1872300,36
SRR1531475,698040
ERR1216090,91450
SRR6144807,35650
ERR1730703,25454
ERR667610,66308
SRR1872944,68520
SRR11951250,156023
SRR6249970,37930
SRR10852227,245493
SRR5379362,237904
ERR1374280,4758
SRR4026142,972446
SRR11302905,104
SRR17547505,28826
SRR11540945,435639
SRR2751031,310424
ERR853686,45684
SRR8928943,152816
SRR3923679,80113
ERR1215968,118612
SRR19641881,320618
SRR499864,14863
ERR1396803,1
ERR1442901,15836
SRR2919461,39032
ERR5961086,492534
ERR1858143,28672
SRR9207176,184630
SRR14679407,510668
SRR10151857,61344
SRR12371365,181544
ERR998244,35836
SRR18745497,1390550
SRR14993684,387102
ERR2865435,162610
ERR3909551,119751
SRR11206289,67159
SRR16299597,36229
ERR1395941,36662
SRR1555578,2112
SRR5507573,246074
SRR10887597,126254
SRR11186434,249912
ERR1124597,1044102
SRR11427207,201496
SRR11951236,158704
ERR4648693,87588
ERR780133,79718
ERR960100,43936
SRR11926648,411118
SRR1062318,37233
ERR1414822,55116
SRR11206286,61568
ERR4910709,227934
SRR10887611,156042
SRR8135915,179164
SRR10887570,1051870
ERR871577,72346
ERR1410195,65422
SRR1062444,26680
SRR2927822,899604
ERR1889024,126168
ERR1410133,410984
ERR1216019,105188
SRR11303338,161
ERR1374629,4046
ERR594422,226356
ERR1757489,21162
ERR697848,37986
SRR16299118,16886
SRR8883754,17544
SRR1265749,873611
SRR13724989,2684924
ERR960264,8540
ERR1888615,9352
ERR959061,98
SRR7789626,4598
SRR8591741,964530
SRR6072784,104018
SRR2735236,654104
SRR7882024,907708
SRR1062486,32665
SRR15600963,97668
SRR11033787,66612
SRR10070654,86998
ERR1620531,284674
ERR1821799,21914
ERR999249,85922
SRR2834968,101002
ERR1432004,119664
SRR17968077,518820
SRR21228035,140944
SRR18516719,315193
ERR959331,4320
SRR3179610,203276
ERR1205297,201740
SRR16905276,622572
SRR7909908,352664
ERR1888095,160550
ERR1407656,19474
SRR7410447,353098
SRR8591742,478156
ERR1252181,19186
SRR11427245,310056
SRR12141850,126422
SRR9198684,6756
SRR6469783,57406
SRR9198819,6654
SRR6654721,11218
ERR1857661,32962
SRR16298968,4319
ERR590792,23530
ERR1857606,27928
ERR1124536,672446
ERR1216921,654990
ERR1108789,265108
SRR13565185,1189344
ERR1692463,75812
SRR8799028,297296
ERR1108183,148478
SRR10070812,148632
SRR3179617,118166
SRR6655242,8842
SRR9854026,92259
SRR10151715,30904
SRR1872572,36
SRR17218117,434403
SRR10126011,20385
SRR8928913,41454
SRR11186461,145672
SRR5837498,191274
SRR546817,105118
SRR11040635,350613
SRR658539,132822
SRR8883742,64548
ERR1821674,22156
SRR6829425,1938096
SRR8106709,89412
SRR14217585,135847
SRR16299060,10188
ERR7131156,604781
ERR4029256,693874
SRR7268902,102342
ERR960019,15774
SRR8936993,4502054
SRR1062271,117469
SRR9735176,386336
SRR7223663,429774
ERR1215826,215814
ERR960219,9456
SRR7410415,247928
ERR1621663,1106
SRR1062465,31926
SRR7061302,812518
SRR5398205,105522
ERR1373709,66038
SRR21518679,2169508
ERR1426791,169344
SRR11814651,474466
SRR5485625,236869
SRR1872939,7992
SRR13015607,368940
SRR7883082,42705
SRR8888288,601164
ERR1730562,7980
ERR1410182,47688
SRR6268105,27187
SRR10070774,201048
SRR11302492,160
SRR3679532,342900
SRR9674323,193480
SRR7909899,355306
SRR7785381,478746
SRR15100863,3597724
SRR6072790,115669
SRR3420375,1855330
ERR1414860,39136
SRR10151970,85516
SRR12974171,476413
ERR1620430,518446
SRR13181520,499410
ERR1888564,337152
SRR11303117,14
SRR5044684,107122
ERR959252,4764
ERR405179,105156
SRR1062324,109546
SRR22825763,9520334
SRR4342169,53665
ERR340734,156894
ERR1757645,24788
SRR10735836,113092
SRR6251103,6278
SRR7662017,5582
SRR14217675,108447
ERR1888726,63098
SRR22018600,242772
SRR10126302,20253
SRR11302845,44
SRR13839953,131813
SRR11874795,85906
SRR5520643,240281
ERR1124883,704610
ERR1730682,21360
SRR10151897,113152
SRR5914678,3358870
ERR1108215,116910
ERR1858004,28418
SRR12141828,95824
SRR16298942,6599
SRR15483586,516470
ERR1374605,10228
SRR8552544,281262
ERR582942,2332
ERR1407531,22302
DRR189393,53546
SRR1062575,12468
ERR968118,57838
SRR6469211,76296
ERR1252059,14132
ERR1857974,29080
ERR958801,24126
SRR5687193,14848
SRR6469679,52858
SRR11213692,74709
SRR6654707,14977
ERR1475796,37548
SRR1872116,28232
SRR8928884,216032
SRR8106593,31658
ERR1218395,182948
ERR1396857,4610
ERR1373405,29758
SRR6469314,60460
ERR2723559,215610
SRR11577271,54942
ERR1416025,40118
ERR232361,145392
SRR1062665,19839
ERR689864,83218
ERR1730822,11222
SRR3231265,3468658
SRR16905282,1437690
ERR2723975,33628
SRR6215424,341732
ERR1620424,907400
ERR1216084,112820
SRR1872157,48
ERR1857611,32172
ERR1821968,22668
ERR1374754,3414
SRR10151761,117380
ERR1620504,350732
SRR3923682,91425
SRR10151858,113860
ERR657543,91570
ERR1888534,719122
ERR1374636,3388
ERR3413869,227612
ERR999288,92
SRR13865268,198538
SRR2968453,1796998
SRR5810839,1146
SRR3231289,6590780
SRR1821800,342945
ERR1251895,19296
ERR949636,198
ERR1218455,154212
ERR1415219,29450
ERR1125054,215678
SRR11302307,149
SRR17691948,154614
SRR1872671,8966
ERR1397024,58456
SRR11033820,303078
ERR492344,60808
ERR871516,284
SRR6654608,11218
ERR1215802,202574
ERR2723851,63708
ERR1099524,192372
SRR15236533,338554
SRR19859443,1266486
ERR1888655,82472
ERR960507,298
SRR1062376,115944
SRR12194861,323012
SRR7410414,202930
SRR18049404,16936
ERR1124590,622942
SRR8883712,113282
SRR9610837,150407
SRR10958333,246125
ERR1692448,58524
SRR7699152,373818
ERR1416131,47506
ERR871482,212
ERR1889081,251812
SRR15710928,174502
SRR11427323,499180
SRR5457065,1320470
ERR1204566,111596
SRR850603,176875
SRR10070645,481960
ERR667631,60248
ERR4910707,182102
SRR6654479,3688
SRR6261583,773934
ERR596708,21732
SRR15813441,277582
SRR18063806,516698
ERR1407604,25538
ERR854861,230854
SRR10070832,166274
SRR14923992,65398
SRR11303286,152
SRR10151938,143654
SRR8787713,25683
SRR12037349,16274
SRR1872583,106
ERR960919,376
SRR6654997,6748
SRR8787627,478761
ERR853699,59008
ERR1204570,96510
ERR1395930,93076
SRR489492,27632
ERR1757582,26984
ERR340719,209216
ERR1215533,259280
SRR1871936,38
SRR6250082,97230
SRR6494602,801418
SRR870940,195765
SRR13646748,362736
SRR9198768,11095
SRR5125621,205522
ERR737781,138798
SRR8106719,18950
SRR17248541,337112
ERR1204463,146528
ERR1620479,341080
ERR1891650,51192
SRR18220786,54296
ERR1204458,485600
SRR4116048,813294
ERR1889672,202778
ERR959602,3012
SRR10151725,131056
ERR573462,24416
SRR6908674,68472
SRR18837602,273568
SRR6654627,5722
SRR11090021,49407
ERR1407712,27690
ERR1821946,24368
ERR716798,107916
ERR871312,232568
ERR998446,33038
ERR4321714,938444
ERR1821798,21446
SRR11302810,89
ERR1621564,64834
ERR8516967,873086
SRR10010373,52794
ERR960320,19850
SRR16299187,14216
SRR11303103,84
SRR17499130,137707
ERR3838730,108014
ERR1108758,184068
SRR7268894,116214
ERR1252214,15074
SRR3228725,207105
SRR6654988,8486
SRR2834983,87516
SRR8298682,523048
SRR8137046,375824
ERR959804,7114
ERR1857791,33600
ERR853692,43620
ERR1427248,1171332
ERR1397070,53668
SRR17731340,138178
SRR1265765,1611919
SRR8485423,36275
SRR10611684,4782960
ERR1416197,72008
SRR10070714,44316
ERR1821702,21344
SRR1872551,76
SRR18352694,23309
SRR7905358,1018114
ERR959457,2164
ERR1122740,257770
ERR667560,43522
SRR7061291,7629102
ERR596670,70890
ERR2402428,706252
SRR10070602,195444
SRR5810908,800
ERR1888897,460592
ERR1426938,1301620
SRR8106521,33832
ERR667455,17052
ERR1757536,4150
SRR3381796,207518
ERR949647,212
SRR7789542,7392
SRR8173224,1374254
ERR1410217,78552
ERR925741,376
ERR517920,80042
ERR1373536,20954
ERR1426960,861252
SRR870872,146457
ERR1251978,15680
ERR667565,52042
ERR1475727,40560
SRR1039872,1307489
ERR1692513,47514
SRR10070541,657576
SRR6250175,152234
ERR1821688,21582
ERR411470,156998
SRR19086715,95786
SRR12708439,668082
SRR5810862,652
SRR6469245,83884
ERR1218353,184424
ERR1889332,197834
SRR8787800,32870
SRR6032094,417634
SRR12661670,146961
SRR9211493,247980
ERR998359,32180
SRR16299598,27255
SRR17400048,172254
SRR1299125,715180
ERR1204495,156012
ERR518003,80754
ERR960075,5496
SRR16299274,42718
SRR11302343,194
ERR1442755,14840
ERR2146962,387364
SRR16298981,9235
ERR2723125,5498
ERR853674,48692
SRR6176740,19597
ERR1124467,180038
ERR2723423,163514
ERR1397036,1224
ERR1107928,222222
ERR737726,90228
ERR1889030,404028
SRR15927796,401866
ERR998167,47356
ERR1216769,35216
SRR12998962,265128
ERR1046065,131676
SRR5058317,185625
ERR4140029,250677
SRR6469033,54114
ERR1821791,22554
SRR10136105,614768
SRR1647680,197500
SRR5810746,1414
ERR1427381,861294
SRR17547485,31907
ERR960893,7468
ERR2723914,35204
SRR7410413,232820
ERR1692501,43536
SRR17400053,179334
ERR1046080,99176
ERR1888932,540054
SRR20869103,56547
ERR1407667,25974
ERR1124658,331758
ERR273827,122168
ERR449276,39144
SRR12493012,119612
SRR10151907,78020
ERR853697,38134
ERR998325,72
ERR1124688,349876
ERR1395889,10
SRR6267988,922480
ERR1069101,400372
ERR853593,48282
ERR1215835,191560
SRR6289745,79392
ERR737763,432
SRR12774418,406032
SRR1555550,4255
SRR6468962,44004
SRR3038044,1020
SRR516132,49808
ERR963167,718
SRR5810914,1582
ERR959843,1020
ERR1888195,192468
SRR12464107,329330
SRR13015588,225484
SRR5810708,1838
SRR10136110,636953
ERR4968944,243570
ERR667527,38856
SRR6176667,53656
ERR2722985,6716
SRR1872082,23162
ERR1442912,18350
SRR9849211,289142
SRR10989888,413684
ERR1373792,36102
ERR1407614,25874
SRR11801323,136357
SRR12037333,4006
SRR3231296,3261250
ERR1888549,260312
SRR9906832,166096
ERR1889139,31452
SRR12661776,82258
SRR6261590,820721
SRR12340471,347488
SRR17745569,3066
SRR6374798,440348
ERR1252160,17512
ERR1407548,130
SRR5893077,53533
ERR1889283,112680
ERR853590,44836
SRR6261584,1377356
ERR2723813,141942
SRR12874649,165598
SRR6469852,76188
SRR10550569,55308
SRR17720320,501751
SRR2392482,646104
SRR14376447,287482
ERR1442574,11542
SRR6469699,133694
SRR14993685,160360
ERR659914,79298
SRR578921,13875
SRR17654952,122836
ERR780319,98438
ERR1218476,110652
SRR3231261,1977304
SRR6469295,56518
ERR1621644,116
ERR1216375,172246
SRR12964273,160134
ERR689847,59182
ERR1620426,279006
ERR667534,37524
ERR1124626,467828
ERR1620593,36
SRR18788793,160716
SRR10974004,456660
ERR1442767,14680
SRR13234650,49952
SRR14428581,162740
ERR667433,39688
ERR1395852,30892
SRR10070784,84780
SRR9906793,92044
ERR959393,16
SRR997330,481616
ERR959963,640
SRR10070827,98000
SRR3231322,454532
SRR6654415,226
SRR7268896,112606
SRR13319605,247868
ERR689885,64992
ERR1205288,50
SRR12464100,260970
ERR1122819,179430
SRR8883809,691464
SRR19641894,337946
ERR1889183,134742
ERR1251893,23806
SRR12614068,427256
SRR14217704,95676
SRR13074854,12570
SRR3231258,1226574
SRR499869,10301
SRR11303310,110
SRR18927004,569268
SRR8137049,241944
ERR582923,1654
ERR2723093,390
SRR12125405,45777
DRR189371,254154
SRR2968432,1805526
SRR20746131,665335
ERR1124709,346018
SRR14456966,183307
SRR10010370,65492
ERR202506,26136
SRR8526608,193050
SRR6655062,18749
SRR1062236,60473
ERR232296,16408
ERR1216763,29228
ERR1205270,172372
ERR962940,226
ERR9077186,54441
ERR1888247,12550
ERR737709,90702
SRR13015575,1280820
SRR22558351,108448
SRR1872921,16078
ERR1218317,239690
SRR6654834,7779
SRR6468785,75716
SRR5127966,783127
SRR12194952,393848
SRR1871892,644
ERR925725,57192
ERR960846,58
SRR14055358,2369034
SRR8928957,78628
SRR7419818,689019
SRR1872012,90
SRR7888758,998458
ERR4132489,220347
SRR6654246,16620
SRR2968437,912802
SRR6298094,315902
ERR1251946,14994
SRR8787638,71402851
SRR2087773,211428
SRR11302331,112
SRR9198713,13818
SRR12060519,334796
ERR1757525,24590
ERR657622,94044
SRR8106527,14902
SRR6469150,73462
SRR22270147,181070
ERR1891678,70498
ERR1099562,77860
SRR835172,10126
SRR17630939,169681
ERR960378,672
ERR1730604,27178
SRR13729834,295546
SRR5485641,141690
ERR2723628,269920
ERR2146966,299800
ERR2146969,368080
SRR12578023,584112
ERR960409,5388
SRR12037361,17401
SRR15458888,175478
SRR9906840,284566
SRR22207161,148044
SRR5376369,952654
SRR1914393,219592
ERR1124484,210542
SRR6654644,13743
ERR960111,442
ERR1888994,361420
SRR10106417,119687
ERR1124770,351028
SRR1062476,31940
ERR1215926,203992
SRR9312979,104752
ERR4648682,107990
ERR3266373,27314
ERR1252026,12830
SRR6289689,53794
ERR1124679,437010
SRR6132693,61342
SRR8928817,11890
ERR1205326,228696
SRR8383307,3919
SRR7292735,143910
ERR1396949,4266
SRR1872644,12202
SRR8937002,642132
SRR17547548,26510
SRR3932187,162642
SRR15871416,159108
ERR1888821,58402
ERR1407545,56
ERR1821544,24376
ERR1108061,99310
SRR11862877,2223228
ERR999316,94
ERR1891662,62858
ERR1427408,710466
SRR10956569,841824
SRR7764528,926352
SRR3231348,3652142
SRR3231318,1773206
SRR5381998,142591
ERR1203527,220926
SRR8787704,4521309
SRR5006025,2175280
ERR1204601,80018
ERR1816566,23210
SRR12492959,98772
SRR10863020,397866
ERR2154652,1158
ERR1374235,42382
SRR8811921,55288
SRR10010379,79406
SRR9961216,598944
SRR18054182,72944
ERR1426823,147414
ERR1216742,39078
ERR1414801,34834
SRR1821832,324960
ERR1620450,305652
ERR959570,5496
SRR8526603,120700
SRR7699148,296727
SRR5921085,253556
SRR10038907,569790
ERR999323,48
SRR6250026,49790
SRR6654444,9116
SRR6289712,70820
SRR3231283,2129986
SRR12774388,335462
ERR1408816,694
SRR10990394,337630
ERR517877,71762
SRR519722,1835524
ERR1215863,178412
ERR022487,310106
ERR1124480,165086
ERR1692512,66176
ERR4321713,964572
ERR1216053,125564
ERR1889161,63104
SRR13181525,367528
ERR202606,186540
ERR1857609,27886
ERR977593,1596324
ERR1442711,16250
ERR590743,32338
SRR9961213,757274
SRR11080804,462642
SRR15338447,298108
ERR202507,3042
ERR1216108,73008
ERR1373394,29898
SRR6417973,446620
ERR1889238,89760
SRR10753170,32776
ERR1374679,15096
ERR959472,2062
ERR1216151,84054
SRR10126207,13649
ERR959730,1286
SRR13160661,231584
ERR1374471,6246
SRR17731338,169304
SRR19638116,527058
SRR13979031,78265
SRR11302926,310
ERR1374624,2770
SRR12005393,663564
SRR6250188,211206
SRR3381818,192414
SRR5931546,155420
SRR9077096,273016
SRR13594982,173142
ERR780304,108432
SRR9198694,65203
ERR2723912,14770
SRR8883798,954579
SRR5381353,1723878
SRR11302917,218
SRR8106661,24620
SRR17499133,117598
ERR998148,52500
SRR13979092,1814957
SRR19364716,804092
ERR1620460,382242
SRR5045900,242782
SRR12005396,421402
ERR1475507,25000
SRR8868539,77406
ERR853504,50268
SRR2750979,328201
ERR1888645,174914
ERR1888448,327204
SRR9674281,114076
SRR5683314,287722
SRR2776884,125187
ERR871320,324846
SRR16299131,15667
ERR1889757,335426
SRR12661651,47684
SRR12493020,128329
ERR1374549,2752
SRR13297048,587684
SRR8106623,27626
ERR202554,1626
ERR1374724,11988
ERR1407606,23472
SRR12023701,1394380
ERR477366,38196
SRR18687242,79020
SRR13074827,23999
SRR6654864,7417
SRR11302899,92
SRR12201912,272264
SRR9198891,16376
SRR7468696,33203
SRR14066779,397824
ERR1475547,49676
ERR1888473,546354
ERR1374126,1176
ERR960270,18884
ERR1821696,22472
ERR1857797,2068
SRR17221754,1224846
SRR6825151,499222
SRR11033833,219146
SRR8787628,14076
SRR12356842,275598
SRR16299289,9521
ERR1046082,436
SRR22129115,989748
SRR3109810,21375
SRR17600930,215152
SRR16298999,47283
SRR6654294,48959
SRR9277355,104842
SRR6469528,304188
SRR13074813,19558
SRR1062753,121363
SRR7252253,734798
SRR2735226,534222
SRR17386284,551902
ERR1757527,24506
SRR7268879,83674
ERR1216114,95710
SRR1872745,15006
SRR17400063,188058
ERR1108079,146382
SRR8787783,16898
SRR10126006,32544
SRR10974138,61640
SRR1609742,162184
SRR17219929,4218
SRR8106507,40362
ERR1889320,41842
SRR6654966,18091
ERR7720652,649504
SRR1872155,7204
SRR11302522,159
ERR962948,40096
SRR19892907,144514
SRR16299185,8443
SRR3113943,727200
SRR9207175,187222
SRR8552564,51161
SRR6289744,94866
SRR9198853,6276
SRR11302368,147
SRR6655110,52616
ERR1889126,374030
SRR11933714,126106
SRR5342766,4039050
SRR8991399,1500402
ERR853663,68462
SRR6654339,34479
ERR1540901,260026
SRR15927802,110346
ERR1757401,24246
SRR5163816,154583
ERR1397035,55386
ERR999210,1394
SRR21228022,122298
SRR12672469,124707
ERR959716,19060
SRR12201313,336318
SRR8928938,223076
ERR525347,53778
ERR1204590,134604
SRR13234662,84702
ERR8516969,6794448
ERR926059,140106
ERR2723479,68926
SRR6848344,813263
SRR16195487,65716
SRR16299400,51636
SRR13074833,22389
ERR2723403,9014
ERR854848,148102
ERR232306,31624
ERR1757399,28958
SRR6469247,70094
SRR15831128,481806
SRR11302489,993
SRR6176682,111831
SRR9974568,145078
SRR8787774,35573
SRR14713037,290413
SRR5893139,38130
ERR968121,53444
SRR850593,6813
ERR1205372,88
SRR18042692,1450
ERR1203486,140284
ERR1395912,105066
SRR16905264,1061558
SRR5342794,630124
SRR8485404,65181
ERR1395901,38804
SRR6469647,96550
SRR6289694,52116
ERR1416084,28570
SRR5485628,145804
ERR737766,108666
SRR9854021,183083
SRR11585439,911958
ERR1857590,30892
SRR20083921,265400
SRR6469728,31812
SRR6468845,84924
ERR1426784,151794
ERR960708,4430
SRR2835255,103450
ERR1621423,55940
ERR830328,156838
SRR13674719,180090
ERR492303,62508
SRR6469806,429108
SRR6469494,54208
SRR13938392,126698
SRR5338226,4662
ERR1888903,255628
ERR959362,14
SRR12023700,379504
SRR10550546,112812
ERR1252129,18082
SRR8867573,174362
ERR999432,180
ERR1857870,27866
SRR6020305,225682
SRR12661743,40454
SRR11302446,79
ERR1252032,15364
SRR1265759,2435359
ERR949671,1154
SRR11554202,118213
SRR959325,61197
SRR10010348,95168
ERR1427337,529498
SRR11874804,86950
ERR1216594,39078
SRR13565188,1520696
SRR11684008,15662
ERR925757,300
SRR6908644,2624
SRR10728573,323930
SRR3381843,393198
SRR7266725,696617
SRR14075700,215746
ERR1821714,23464
SRR13979034,86185
SRR13269768,216394
SRR10070817,218726
SRR11917485,372383
SRR1265750,633484
SRR5382044,135549
SRR1010321,2842
DRR162534,111640
SRR1872295,78
ERR1757702,26324
SRR12037394,13663
ERR1374475,2480
SRR10126224,24136
ERR659817,181894
ERR1426964,839144
SRR8928923,52700
SRR19638120,334572
ERR960971,22
ERR202550,472
SRR1872630,31102
SRR10070854,81370
ERR1821708,20242
SRR17259774,2032516
ERR2723494,146380
SRR3290611,359800
SRR2567894,74826
ERR6690618,521190
SRR9198737,65364
SRR13015604,188674
SRR6468946,63582
ERR1857896,43758
ERR1857843,32450
SRR11926643,95077
SRR2834960,125772
ERR2723635,290878
ERR1889698,44646
SRR10753241,44588
ERR960970,48
SRR11427434,265348
SRR11974583,56840
SRR3381864,132528
ERR963205,40
ERR697874,81316
SRR8552554,122424
ERR1889641,132652
ERR853808,51932
SRR2834954,130658
ERR1891729,55564
SRR13297041,568422
SRR9906842,237514
SRR5099112,109668
SRR11267527,202744
SRR8928800,16430
SRR10267094,374544
ERR716770,135650
SRR10215489,53921
SRR10070644,12408
ERR1857577,27110
ERR1757629,21428
SRR6020441,583214
ERR2402427,867404
ERR1888894,337184
ERR1888539,617990
ERR949632,168
SRR578918,12819
SRR12436821,47867
ERR1215722,238
SRR6654490,13928
ERR411480,92194
ERR1251886,21628
ERR853586,68244
SRR17201125,467246
SRR12492973,111092
SRR5810901,2118
SRR16964684,242102
SRR17210888,110933
SRR17210876,173127
SRR9906811,391384
ERR1757373,21382
ERR1889185,95524
SRR10151613,48744
SRR9875042,77676
SRR7145921,3190298
SRR1872141,20552
ERR1415028,69454
SRR1555507,4150
SRR6250255,4
ERR1122733,211822
ERR1889211,38304
SRR12661664,55018
SRR10151816,45726
ERR968104,158
ERR4132488,253616
ERR1821856,22938
ERR1889313,4920
ERR1205350,472
ERR780090,78536
ERR232366,34334
ERR1889272,104916
SRR8788674,1252228
ERR1252135,16366
ERR1821686,27828
SRR12037493,17523
ERR1414810,25018
ERR1427330,864810
ERR1099485,75246
ERR1252217,16652
ERR202540,1070
ERR1216522,380
SRR11427414,541458
ERR1215890,228
SRR11302578,48
ERR1373498,29408
SRR5805899,78698
ERR1692502,46718
ERR2723211,122452
ERR1475592,32302
ERR854789,177148
SRR7789606,302
ERR960700,17034
ERR1122716,217248
ERR1415120,1722
ERR1427311,1594698
ERR1374808,7426
SRR5810861,214
SRR12661747,45764
SRR1049953,318326
SRR16097999,425986
SRR8106339,225676
ERR960531,2216
SRR15626546,267958
SRR8788688,967782
SRR12436780,62908
SRR527833,64603
SRR11519031,155452
ERR1888439,210210
ERR1889739,274952
ERR1069117,240664
SRR5921029,198555
SRR6654621,14003
SRR3381761,374718
SRR10344672,90076
SRR6250235,98366
SRR2735238,724494
SRR5504150,243265
ERR960179,3376
ERR1888649,15136
ERR1374401,8290
SRR12037439,22544
SRR1188153,96251
ERR925704,692
SRR2567876,63008
SRR3581739,96777
SRR8787584,105924
SRR9966394,703726
SRR7905392,365382
SRR1872028,27678
SRR17259778,1008854
SRR1872942,27582
SRR18042703,175476
SRR6250013,58068
ERR1888068,209916
SRR17247910,320624
SRR11302989,130
ERR960575,23110
ERR1218377,168244
ERR7131124,310489
SRR6469012,68126
SRR13181522,265562
ERR977399,593124
SRR7410465,168944
SRR14693488,91912
SRR2567896,99410
SRR10974125,180620
ERR1252017,13070
SRR9875030,115790
SRR6268109,46324
ERR582882,64
ERR1427393,842412
ERR1205257,191994
ERR1216117,124570
ERR960473,5528
SRR8106672,23736
SRR9622315,83808
SRR10127667,265724
ERR1374129,4692
ERR1442819,16274
SRR6654312,21696
SRR15626573,397068
SRR19364733,844678
SRR1146567,296590
ERR853601,37764
ERR1692577,67692
SRR11585436,1161380
SRR10150438,23456
ERR1410109,428860
SRR11909495,206838
SRR22018574,756372
SRR6039230,1409984
ERR1620420,207632
SRR8883831,155896
ERR1857673,27104
ERR1216039,115582
ERR1124566,1270916
SRR22428433,108866
ERR1757733,25580
SRR6818810,348938
SRR18518539,214526
ERR853578,48254
ERR1889217,806
ERR1888566,268114
ERR1408821,56764
ERR1821668,23256
SRR12672463,131162
ERR2723311,21802
ERR853694,38534
SRR14055355,806794
SRR10887505,188976
ERR667593,32434
SRR13181565,625488
SRR4330937,404030
SRR8787611,11523
SRR12340459,752456
ERR667486,26118
SRR10125976,233262
ERR1888824,104828
SRR12661826,75185
ERR1215781,36
ERR1692484,82418
ERR1416174,65652
SRR12371367,175354
SRR11302643,76
ERR1757505,23928
SRR10060614,137738
ERR1621567,44448
SRR15831114,256702
DRR032735,202162
SRR10040086,659918
ERR517885,57092
ERR1107941,247416
ERR1730699,25920
SRR11302953,414
SRR11303235,162
ERR738233,83434
SRR6654466,47
SRR9182354,440130
ERR1204359,154352
SRR18053114,698296
SRR14217692,104846
SRR9198880,4691
SRR8135960,264666
ERR1122712,221862
ERR1124792,189570
ERR1216028,117430
ERR1442747,92
SRR14213387,51209
SRR10126262,9376
ERR1124944,771192
SRR12874633,566562
SRR11080816,390912
ERR1396994,44158
SRR6654731,14128
ERR1757375,24180
SRR1291416,102564
ERR2154678,9686
ERR1374771,2988
SRR15910167,141190
SRR5837497,201028
SRR6469262,59408
ERR1125008,541688
SRR6654454,16708
SRR5893105,7252
SRR6250200,68176
SRR17239853,699227
SRR2226742,181743
ERR1415031,87160
ERR1216127,109566
SRR18927196,52678
ERR1888967,143316
ERR1374567,7382
SRR1872747,22924
SRR7751614,384926
SRR16195490,141816
SRR1028003,220752
SRR12194974,621160
ERR998414,19982
SRR6654865,6510
ERR1857992,29710
SRR9198892,8660
SRR13565173,335356
ERR1373546,21354
SRR6469592,35112
SRR1872786,188
SRR11427400,502378
SRR18063378,423284
ERR1373545,23326
SRR6497181,416866
SRR17900891,133291
ERR1692557,51400
SRR7154531,30490
SRR1872668,5216
SRR9050620,262100
SRR1871893,52
ERR960273,2856
ERR960014,3504
ERR1046077,100508
ERR1475557,43072
SRR5921019,188810
SRR8106687,27904
SRR8106475,23662
SRR10974057,78524
SRR18124380,207510
ERR1692581,78656
SRR1872217,34616
SRR7699169,290300
SRR6654980,33877
ERR1216761,23162
ERR1374536,6162
SRR6289698,53516
SRR13839964,40971
ERR1888537,306330
ERR697913,83118
SRR11303149,63
SRR11855605,455608
SRR6477200,703288
ERR2154787,47566
SRR22018567,3903192
SRR12661797,81049
SRR19897798,320270
SRR6289718,73748
SRR870808,46073
ERR977592,289826
ERR853466,25586
ERR1475851,54990
SRR12661541,73773
SRR5810847,766
SRR6890860,72512
SRR14428598,100169
ERR1888569,717358
SRR5125204,275020
ERR1889167,89102
SRR1872186,66646
SRR11523566,237100
SRR8883735,18798
SRR12125394,34799
SRR3342391,269446
ERR2723633,328418
ERR1205410,46
SRR8106699,20428
SRR5342783,539236
ERR780031,58246
ERR1108084,295516
ERR1821819,21866
ERR1215747,221912
SRR18352680,17410
ERR1203528,132546
SRR7410453,230338
SRR9198838,18181
SRR14428573,136301
SRR13015608,389388
SRR12661909,359452
SRR1871995,52
ERR1374571,21032
ERR926021,320
SRR10836774,181936
ERR1889530,23218
SRR6654782,19930
SRR5579870,37528
ERR998270,50864
SRR5893119,34387
SRR3095295,1258481
SRR6654527,16158
ERR960858,4454
SRR10125984,31756
SRR10058770,524698
SRR6654292,20938
ERR1620436,600104
SRR13706183,171485
ERR1858135,38678
ERR960948,86
ERR1891746,63702
SRR5893072,112719
SRR17413280,104249
SRR13297039,543996
ERR1373535,23662
ERR3841994,986089
ERR1099474,95744
SRR17691944,132592
ERR667611,47688
ERR1396811,768554
SRR3083714,305010
ERR1216571,29058
ERR1396919,151362
SRR11578951,822616
SRR11427419,377876
ERR1888727,127022
ERR232320,1984818
ERR1442822,18738
SRR10151955,106986
SRR2968446,2892664
ERR1821706,22896
ERR1204352,152294
ERR5056253,69308
SRR6469798,88392
ERR4321729,119902
SRR9198824,3493
SRR15204105,259350
SRR10126324,20567
SRR6250143,122212
ERR1692457,70686
ERR659790,101366
ERR1620468,255454
SRR9198809,14200
ERR2723182,21462
ERR1816565,24654
SRR10151705,44568
SRR12340478,663192
SRR3666779,663144
SRR1871872,18
DRR162527,24604
SRR6176681,97264
SRR10737684,746070
ERR1204401,230270
SRR6890889,217831
ERR1204464,170182
SRR1872024,18638
SRR5921151,365385
SRR870830,172687
ERR1407603,358
ERR1888683,39914
SRR998888,31152
SRR13716312,155860
ERR4910708,175405
ERR1442825,13776
SRR16768266,345340
ERR273886,8420
ERR202585,16766
ERR1289942,196116
SRR11302914,94
ERR959458,794
ERR2865437,261332
ERR1692452,53590
ERR1414946,36844
SRR12103772,413588
SRR1872220,43542
SRR11684022,2725356
SRR5006037,1762664
ERR2723218,104
ERR3266353,23366
SRR11590436,519656
ERR1374383,1678
SRR5482153,1261582
ERR1204253,90496
ERR1857936,28762
SRR10222487,329692
SRR1872340,20598
ERR273841,1252406
ERR960361,3788
SRR2146366,54088
SRR13012316,1662474
SRR10126145,4581
SRR10887554,474460
SRR10550574,69042
SRR11164691,51139256
SRR3581729,145405
SRR12194940,376316
ERR1757591,27062
SRR1062407,25516
ERR1442773,18950
SRR5320512,1835846
SRR1871923,15714
SRR17745557,4038
ERR1396854,4034
ERR960205,3568
SRR6654412,15726
SRR1872179,22910
ERR1414864,60926
ERR1888757,108478
SRR6469216,119220
ERR1416170,66790
SRR6144811,22798
ERR1252150,14192
SRR8928931,7744
SRR8106678,29516
ERR1442856,15560
SRR19571656,60459
SRR10862993,420466
SRR13074823,29894
ERR1373581,55654
SRR11214417,630792
SRR13381151,277658
ERR1108529,189444
SRR10044900,48786
SRR1872878,19642
ERR1108003,96378
SRR1872790,17978
SRR6268089,64769
ERR698020,89272
SRR12708444,738156
SRR10151722,99232
ERR1108520,270012
ERR960287,2
ERR1374746,4168
ERR1427247,1099030
SRR12661581,84772
ERR1122761,100914
ERR525420,45376
ERR959517,7276
SRR12464108,298282
SRR6250111,118634
SRR11302548,1092
SRR1872277,44878
SRR11542112,163720
SRR7947893,5777727
SRR10204641,699552
ERR2723993,27350
SRR1609758,146100
ERR871514,193810
ERR1046086,155382
ERR959964,2474
ERR1757751,15648
ERR1216403,365932
SRR8106453,36482
SRR11303224,105
ERR1205306,70
SRR7268834,101176
ERR659780,61262
ERR960467,4036
ERR1692546,61640
ERR1408835,194
SRR10151690,18108
SRR6469477,74012
SRR6250002,53322
ERR958792,14388
SRR8787632,64375
SRR10070629,73326
ERR1216751,17380
ERR1216406,103724
SRR14217621,98203
SRR4369383,175694
ERR340741,150080
SRR10151959,86594
ERR1216346,125492
SRR870831,142439
SRR6144814,24324
SRR5163097,296517
ERR1889087,108298
ERR1099421,106380
SRR2146360,12845
SRR14060974,183391
SRR6250109,103646
SRR8937000,1250650
ERR853447,43008
SRR10199493,200234
ERR1620505,326050
ERR1891710,56736
ERR1251917,15066
SRR6268129,21489
ERR1204457,336920
ERR1122836,218620
SRR14915980,94028
SRR11090042,36156
SRR6250118,72762
SRR13402905,106719
SRR527836,840378
ERR1415383,91256
SRR6468936,36236
SRR8811917,39728
SRR3381735,299034
SRR15626598,1632794
SRR8787692,25555
ERR1889845,130584
SRR3381791,191846
SRR1872589,99606
SRR6908683,33762
SRR8788680,1570688
SRR12134637,5465726
SRR5817922,3185477
SRR6039682,1039298
ERR2723481,184218
SRR3166937,89200
SRR6655058,13718
ERR1373717,53740
SRR1872737,15492
SRR13760196,6337404
SRR19762961,197142
ERR2723791,219068
SRR7419841,23409
SRR10990398,365158
ERR1407564,1016
SRR1872600,58
SRR2243161,197452
SRR15338449,319830
ERR1730784,31302
ERR1099571,89686
ERR1888590,687410
ERR1540903,288470
SRR1872066,51406
SRR5810838,1260
SRR8647258,423068
SRR10151674,44836
SRR10151755,51970
SRR6250166,88468
SRR10126123,14327
ERR2723985,22814
ERR1215935,219036
SRR6654291,23172
ERR1215882,233702
SRR6469140,77944
ERR1475584,26424
SRR5855250,296254
ERR1415006,108
ERR1374205,126406
ERR525330,26648
SRR9861064,543684
SRR9974567,137795
SRR9854012,110342
SRR6249979,40844
SRR13724936,2064734
ERR1427083,845994
ERR3838745,35666
SRR12070792,18168292
SRR13777252,302912
SRR1872344,19418
SRR11303045,75
ERR1442731,18158
SRR6054093,1455728
ERR1889416,264098
ERR1692460,37024
SRR12712229,230029
SRR3498279,101628
ERR1889668,147004
ERR1124769,372566
SRR21228033,209910
SRR11303234,1131
ERR3489864,577847
ERR689861,68390
SRR6654372,37556
SRR6818812,294006
ERR853766,35934
ERR1888482,439386
ERR1216382,130274
SRR17219941,9700
ERR853773,50510
SRR1062517,34202
SRR12569151,466498
ERR1374810,2122
SRR10126094,18387
SRR6890873,58770
SRR8417674,212196
ERR1821812,20724
SRR8883765,3328
SRR9674232,116012
ERR871582,162
SRR5921031,310210
SRR2382596,138992
ERR4910328,225918
SRR11577251,39194
ERR968065,61782
ERR667443,41566
SRR9198998,25743
SRR10836794,347274
SRR13181557,461678
ERR202555,9752
SRR11214371,489864
ERR1408840,58304
ERR1692456,58524
ERR738259,80132
ERR2723694,78962
SRR7419835,24806
SRR23064373,172906
ERR960723,4768
SRR16574823,305664
ERR1821773,24100
SRR6469202,104030
ERR1621530,57502
SRR8383285,37898
ERR1889850,140912
ERR1821861,23236
SRR11114782,40722
SRR6469387,51866
SRR1062511,33472
ERR1816533,21334
ERR590760,39408
SRR11303023,34
ERR718634,96908
ERR1099455,196448
SRR14703445,490960
SRR1062415,17136
SRR1695730,408510
SRR8305642,599338
SRR10070857,299648
SRR12661566,71070
SRR9077085,267714
SRR18687251,73159
SRR10151757,71922
ERR1215885,210412
ERR1891712,59342
SRR11267522,329382
SRR489490,31085
ERR1427282,980444
ERR1427139,643120
ERR2723283,128444
SRR9336404,217862
SRR3179612,100906
ERR1374158,2540
SRR17219931,5809
SRR6908753,123490
SRR15626532,381704
ERR2723474,144302
SRR11303210,44
SRR3290613,387220
ERR960687,810
ERR1620402,13922
ERR998210,256
SRR13998265,1399751
ERR1124432,160194
ERR1621451,48370
ERR960844,4048
ERR4321722,688232
SRR6654940,8893
ERR590729,39798
ERR1374408,6344
SRR1872305,33044
SRR14066770,146362
SRR5337748,23513
ERR1888712,357408
SRR11302739,106
ERR959437,1336
ERR1821832,22456
ERR1107970,124672
SRR3083745,323752
ERR968041,2806
SRR6250130,648
ERR1373608,53490
ERR959014,7102
SRR11427335,182708
ERR1124557,881052
SRR11302287,75
SRR5817926,755362
SRR23064374,199842
SRR17818764,775972
ERR871300,326540
SRR6469107,83510
SRR6025592,300448
ERR1475509,21204
ERR958869,31726
ERR1888905,561116
SRR10126149,10198
SRR6334490,1654476
ERR659885,96976
ERR1414968,49668
ERR1442608,12360
ERR1757412,33132
ERR1442860,15364
SRR15048131,64564
SRR6469720,124764
SRR6654296,23173
ERR716820,163456
ERR1475551,35756
ERR1888153,136988
ERR1889756,42614
ERR871529,930
SRR10151666,79886
ERR1373725,28622
SRR5810942,6424
SRR1872206,82
SRR13238434,455246
SRR13238447,2300256
SRR5127993,273107
ERR959551,1016
SRR3231336,4468326
ERR1205299,46
SRR12340472,634308
SRR8867575,163294
SRR8928741,223976
SRR18124524,623872
ERR1374474,10554
ERR738244,83012
SRR19430245,259783
SRR6655050,12555
ERR1415240,70456
ERR1757513,23438
ERR1205088,132016
ERR1857600,27498
ERR960586,1242
SRR12070804,29100704
SRR2751036,374213
SRR1596061,726639
SRR6249968,58292
SRR9735177,399578
SRR8787609,59316
ERR1374495,15794
SRR9198820,9730
SRR8928799,16704
SRR13979043,109109
ERR1889559,53546
SRR12060555,43194
ERR1124796,283830
SRR17299046,446742
ERR4029230,250446
SRR7410444,181504
SRR6289754,100270
SRR15204096,219466
SRR5485619,251610
SRR11302438,232
ERR1204288,149478
ERR1373682,60340
SRR13074852,7540
ERR667472,18680
ERR1621629,51354
ERR667382,23234
SRR6267979,993470
SRR9693182,429052
ERR1442832,15412
SRR17714703,503502
ERR960785,68
ERR1415234,85368
ERR1442886,15162
SRR19638110,455102
SRR6334487,3202432
SRR1871998,138
ERR830356,160746
ERR854794,153718
SRR7886639,1182552
SRR6387407,253569
SRR1872143,38242
ERR1215778,237436
ERR659953,76366
ERR1216767,26246
ERR1821484,21522
ERR1821690,22280
ERR667381,19834
SRR12661686,44967
SRR6468968,58194
SRR9825124,249618
SRR7942637,729652
ERR1397075,1808
ERR1395849,35252
SRR7268975,15730
SRR22805222,938494
ERR1892081,3750
ERR1442582,11404
SRR959358,31615
ERR1889618,101394
SRR8106439,43518
SRR2735229,792326
SRR10126319,13384
ERR1816573,25280
ERR1373735,29842
SRR8928892,35160
SRR1146570,552361
SRR5921185,296025
SRR1188162,86718
SRR8106628,46124
ERR596597,36768
SRR13938349,130596
SRR6268059,49249
ERR1730804,15822
SRR10887523,133062
SRR15606835,247156
SRR9735171,515854
SRR10126299,43646
SRR3231308,3860718
ERR960978,304
SRR7905386,586604
ERR1205237,80
ERR1204466,176962
SRR12672450,134640
SRR8312797,9182
SRR8782103,5680
ERR1205341,644
SRR5533725,215998
ERR1069129,490064
ERR1205234,183312
SRR17600928,235132
SRR4468783,248588
SRR870776,113167
ERR590786,35420
ERR716809,197908
SRR16299277,18413
ERR2723829,21998
SRR11801335,156586
ERR1857699,516
SRR5855251,234964
SRR5320518,1357996
SRR10151767,90640
ERR1475745,55696
SRR11302852,88
SRR9708001,87888
SRR18837601,285642
SRR10974051,165866
ERR1107959,148748
ERR1889390,306512
ERR1888139,120784
ERR4648696,95184
SRR11303231,92
SRR5810687,900
SRR11213698,100808
ERR1108788,243836
SRR7662090,13645
SRR7905352,1568674
ERR1621381,53818
SRR11090049,41189
SRR535850,41320
ERR959023,7046
SRR13979071,1112377
SRR14217730,125437
SRR6506181,296728
SRR13839957,96197
ERR10368633,273451
SRR10836777,265584
SRR12877273,163498
ERR1821684,21924
ERR1858089,26450
SRR10974055,95122
SRR6176694,80105
ERR1889632,84214
SRR14428561,110473
SRR1871944,400
SRR10126125,17041
SRR4469353,88944
SRR18181455,1464184
ERR1204559,136070
DRR315798,249148
SRR14217657,96881
SRR16299307,8523
SRR5921055,411188
ERR1889602,42206
ERR854839,115552
ERR1889762,43242
SRR1062667,20231
SRR870941,139110
ERR960056,6186
SRR6211490,76140
ERR1475830,35794
ERR1888592,45592
ERR1415059,58274
ERR716889,172772
ERR963135,45892
SRR6268190,639667
SRR11303347,129
ERR2723458,192164
ERR525338,51000
ERR1414804,21686
ERR4910324,425139
ERR1216057,146638
SRR17183790,37671
SRR11427290,415258
ERR2723640,360366
SRR13979066,83746
ERR1821719,17406
ERR1426970,876440
ERR1889536,62988
ERR2154719,188366
ERR1427161,942574
SRR12661643,45684
SRR7223667,328828
SRR5810698,750
SRR10434662,4005686
SRR6469430,82554
ERR1427307,1100926
SRR6469364,74040
ERR1414905,57716
SRR12125387,31834
SRR9198743,7446
SRR19641895,222652
SRR11302823,97
SRR11090055,42126
SRR9336416,5757640
ERR1218425,216700
ERR959346,2328
SRR8106546,38876
ERR1821840,24890
ERR1215975,130664
SRR6250160,64472
SRR16298962,438
SRR4240532,229089
ERR1431984,97864
ERR1415140,25206
SRR13234658,269509
SRR9850662,7533
ERR340670,68340
SRR1062488,34752
ERR1216396,112196
ERR1218307,228666
ERR659764,89066
SRR1188150,88480
ERR960620,31014
ERR2723269,200
SRR11302285,1046
ERR1215595,38
ERR1397038,18210
ERR1821934,24080
SRR870736,14909
ERR1892027,88426
SRR6469309,90870
SRR5058316,204830
SRR6468826,47162
ERR1374639,3528
ERR999541,92598
ERR1216762,22964
ERR1426856,623754
ERR1706520,156052
SRR3139106,2468574
SRR10974038,66520
SRR10117588,231237
ERR1757394,21398
ERR1892065,104174
SRR10117512,260174
ERR1108139,227954
SRR13374851,223642
ERR1757568,37068
ERR3454278,2848692
SRR16647481,494900
ERR871377,268
DRR084191,72490
SRR11080800,271512
SRR3018756,237670
SRR7268797,111612
ERR1415091,602
SRR16298967,9225
ERR573419,33780
SRR7746635,46128
SRR16298982,14643
SRR1872588,90102
ERR1216419,119792
ERR1122793,170130
SRR16195508,81846
SRR16905271,1115236
ERR2865438,207100
ERR1857634,3664
SRR10863018,312214
ERR1216782,26256
ERR1203479,175870
SRR19892911,168224
ERR1857818,28110
SRR8811930,63513
SRR14915977,83805
SRR11427228,426202
SRR12569149,750844
ERR1216704,119712
SRR12464095,251390
SRR6327866,449204
SRR14326885,290118
ERR569529,1972
SRR8129704,57426
SRR21966811,177608
SRR12194923,428734
ERR960772,1268
SRR5683307,2574390
ERR959434,566
SRR3231319,1953906
ERR959983,6
SRR6469722,86884
SRR10070555,27744
SRR7947909,4129744
DRR075402,108559
SRR15831116,397572
SRR8383304,5317
SRR6494614,1589256
SRR6469473,46256
SRR11951239,168674
ERR999239,60432
SRR1062510,32293
SRR6020404,2873134
SRR8441463,411994
SRR14993675,410586
SRR17247014,249412
SRR6655332,8140
SRR5810790,3758
SRR22018586,235010
SRR2751017,87939
SRR15236524,284024
ERR517883,78390
ERR1426980,869802
ERR2723274,105780
SRR6250339,54642
ERR1218434,166540
ERR999262,100474
SRR726542,118756
SRR17846331,98048
ERR1218341,222624
ERR1427372,710572
ERR517860,75562
SRR7789551,20705
ERR737707,100438
ERR1888548,785360
SRR15927814,285736
SRR658535,159574
SRR11302966,38
ERR202497,9432
SRR15483588,140558
ERR1821587,24356
ERR1204305,138742
ERR1857804,3670
SRR6289768,69288
SRR5944015,232716
SRR19671830,523420
SRR10550539,108942
SRR7162662,45085
ERR757851,187228
ERR1407663,38012
SRR10151865,65760
SRR6469253,105952
SRR3932183,224754
SRR6261596,522584
SRR17723114,388120
SRR9199018,12113
SRR11302879,21
SRR14923980,118926
SRR9198818,10519
ERR1888186,109512
ERR1730541,18134
SRR11302681,36
ERR4648679,94900
SRR10974113,60198
ERR1892054,5988
SRR12070731,25037344
ERR1124561,600388
ERR853729,45270
ERR1216509,98794
SRR4240533,141162
SRR1871897,15792
ERR853655,40158
ERR1373425,27324
SRR10152006,111460
SRR7882030,468202
SRR11302921,80
ERR1373434,20994
ERR1373789,41908
SRR5086600,461302
ERR659913,95864
SRR10974021,70008
ERR2154820,25040
ERR1407710,2352
ERR1204234,135870
SRR9849193,309648
ERR1108182,195932
ERR1216418,97734
SRR6468781,77152
SRR10117529,16210
SRR1062715,19362
ERR999393,586
SRR3018745,186087
ERR1108148,134738
SRR16299399,11776
DRR162481,54412
SRR12125404,21451
ERR1414920,46690
ERR960629,8120
SRR19764260,1149338
SRR7268930,110454
SRR12287392,135520
SRR6784691,1136218
SRR7008295,50796
ERR960018,1394
ERR1215918,172
ERR1888965,67032
SRR6890904,282034
SRR372791,252786
ERR1203480,74446
SRR7789522,9217
SRR4199302,182991
SRR6249950,62462
ERR1107945,171540
ERR1108735,251862
ERR1442894,18102
SRR10863047,1294691
SRR1039878,702880
ERR1203499,227916
ERR960960,290
ERR1251971,16074
SRR1872009,19738
SRR11302284,98
SRR8928854,8978
SRR10070659,70478
SRR1205154,218062
SRR6144825,29448
SRR6655202,11800
ERR2722994,525484
SRR6289730,78142
SRR11302674,993
ERR1621367,45720
ERR984483,2368
ERR853669,72842
SRR12432922,237716
ERR998373,15052
SRR9674313,148238
SRR18927188,57355
SRR18181440,1215962
SRR7535422,84375
SRR5125786,728182
ERR737785,109448
SRR7535424,87737
ERR1099572,91772
ERR1407587,136
ERR1416134,41960
SRR8244076,116376
SRR6469322,68078
ERR853589,44816
SRR6469160,83254
SRR9198821,6516
ERR1889156,56086
SRR6469771,113166
ERR949678,135436
SRR6654787,24745
ERR1442638,12462
SRR10887593,160308
SRR16195448,150280
SRR17714691,293592
ERR1889341,150690
SRR9906846,265710
SRR8787698,6498278
SRR12313633,226330
SRR10126015,58099
ERR1730796,18024
SRR11427390,337044
SRR17714715,211424
ERR1857714,28610
ERR1397049,3456
SRR11302816,100
SRR8106499,66762
SRR5893164,962400
ERR1857831,30054
ERR659796,77122
SRR658545,204357
SRR9198919,12912
SRR12661640,51826
ERR960026,632
SRR6469274,76932
ERR1730496,21656
SRR6468841,711256
SRR12194822,447368
SRR7410417,248410
SRR1062651,19166
ERR1692523,104054
ERR596684,15890
DRR162518,70318
SRR12774401,330044
SRR15691862,69768
SRR5125205,242956
ERR968057,3640
ERR697936,66856
SRR1062245,412738
SRR22018565,243616
SRR11214432,338892
SRR1872782,19330
SRR9674276,136948
SRR7468674,53607
ERR667366,41254
ERR3909547,158191
SRR6469872,26414
ERR2723392,74234
SRR7888760,2360898
SRR17604944,8360839
SRR7061293,1090452
SRR15427698,673651
ERR998316,41054
ERR2723456,130248
SRR10151972,83682
SRR11427299,276910
SRR18054181,36181
SRR1821849,19142
ERR1218384,119690
ERR998339,37784
SRR6289651,305113
SRR4369380,136789
ERR3838728,563486
SRR11092483,351747
ERR960376,1138
ERR1889680,207520
SRR11302518,189
SRR1146564,323707
SRR7119868,30976
SRR6469517,102218
ERR1621601,54162
SRR11303184,44
ERR1374524,8126
SRR13074812,12914
SRR850608,220881
ERR1889656,399154
ERR4321725,881032
SRR2989574,246636
SRR12070772,27128832
SRR6814877,165980
ERR968115,52110
SRR10125997,22461
SRR8928739,135894
ERR830350,251364
ERR2723556,179066
ERR1395893,34444
ERR1821681,23898
ERR1888353,391306
SRR11090037,50776
ERR960189,4864
ERR1621607,21988
ERR10368630,467902
SRR11427307,714350
ERR1204399,141448
SRR13269767,213876
ERR2723537,100578
SRR13181554,409122
SRR8456906,727182
ERR1620522,208728
SRR1872991,28800
SRR10974097,56164
ERR1821869,24232
ERR1888454,645272
ERR1374225,35392
SRR870728,21613
SRR14993668,417754
ERR925784,104794
SRR797910,147770
ERR1205386,134
ERR4029254,1001222
ERR1204346,136338
SRR11519032,128922
SRR10511894,120267
ERR1427214,968542
SRR5961764,103612
SRR6268145,330099
SRR6848348,250014
SRR1872534,36
ERR1442697,12166
SRR9198777,6636
ERR1692446,102984
SRR11302559,100
ERR7131147,523987
ERR1426929,773596
SRR11578955,812460
SRR21966814,242790
SRR6654307,29549
ERR1414834,61682
SRR10126022,32819
SRR11858748,296560
ERR968141,62316
SRR6654778,16420
ERR035548,393956
ERR1252073,15876
SRR797912,197954
SRR5893156,13296
SRR9198893,4564
SRR6025584,7111240
ERR716728,56364
SRR11303298,404
ERR2154754,42628
ERR1122697,222744
ERR1889068,87118
SRR13115064,1637032
ERR1889294,62110
SRR1049946,255168
ERR1889308,24324
SRR10902877,666326
ERR1730695,26764
SRR10887518,335940
SRR8706257,218184
SRR14340365,4148
SRR12194978,318108
ERR1410220,114974
SRR10151579,70178
ERR716754,96936
ERR1395860,132
ERR1757431,24924
ERR1889587,29160
ERR2723485,166494
SRR6921829,448134
ERR716781,146656
SRR11540950,170123
SRR10887617,326764
ERR1821920,21956
SRR19661798,163450
ERR1857663,29960
SRR15600943,225376
ERR1757608,22638
SRR3381840,164796
SRR6468965,104790
ERR5056248,84256
SRR20283710,80869
SRR18181454,1370958
ERR960874,10794
ERR3266363,40406
ERR1888829,88168
ERR1108041,167910
ERR1821499,25424
ERR1889201,20590
ERR853572,66836
ERR1108219,174494
SRR7905362,2654504
SRR14923994,96339
ERR1415425,102242
ERR716783,132606
ERR1621429,20824
ERR1888700,219112
SRR17499141,45850
SRR18053106,1971926
ERR1124459,567612
ERR1889459,431406
SRR8441448,648858
ERR657600,65062
ERR830313,224860
SRR6655257,10167
ERR960890,3898
SRR8587736,281466
SRR15204091,325817
SRR516139,37652
SRR12971276,868842
SRR4240531,213363
SRR11302414,734
SRR2089842,87072
ERR1395925,2442
SRR1872849,24348
ERR1124832,630556
SRR8928947,171324
SRR10956576,792908
ERR1218477,163526
SRR8106568,34476
ERR1730567,18188
SRR8788679,1292866
ERR737706,84426
SRR17007611,722852
SRR12971782,967714
SRR6313723,1149224
SRR6654907,4858
SRR1872314,240098
ERR659915,119840
SRR14376446,304690
ERR1821753,21574
ERR1427172,1003698
SRR13234647,265643
SRR11305412,339648
ERR1373716,48324
SRR5127984,182543
ERR1889785,6220
SRR10151604,50086
SRR10903545,1180410
ERR962955,244
ERR1621592,51772
SRR12661720,41942
ERR1621659,290
ERR1891709,58478
SRR14217576,108462
ERR1888608,112304
SRR13979108,1924007
SRR10151861,21614
SRR14217716,83597
ERR1374366,4702
ERR854832,82504
SRR11590411,162152
SRR12194946,411495
SRR12005395,466808
SRR5805895,57799
ERR1426797,1322212
SRR8787606,66855
ERR697988,45136
ERR1857991,27520
ERR1216135,109102
ERR1426804,141438
SRR3231321,1900688
SRR10127652,2088158
ERR1204598,148100
ERR1621578,52244
ERR2723923,62432
SRR10010345,86368
ERR596709,25268
SRR10151833,68212
SRR6250005,35858
SRR6654740,11685
ERR718642,138638
ERR1621688,58192
SRR1062474,31586
ERR959835,6894
ERR960552,1540
SRR18927205,49620
SRR12474619,1186767
SRR11303255,113
ERR716716,81108
SRR14376450,228572
ERR1108738,327064
SRR22805216,823264
SRR7535409,25789
ERR1730719,27442
SRR16299465,18769
SRR8928933,35528
SRR8009939,574850
ERR340740,155416
SRR10344677,165709
SRR1555517,2927
SRR15900241,2395474
SRR7764532,942526
ERR963122,51040
ERR999551,288
ERR1891640,76682
SRR13646774,276812
SRR14213372,95042
ERR1442603,14418
SRR5163821,145840
ERR202556,235034
SRR11590402,161768
SRR10586532,786494
SRR12443350,334470
SRR11302698,95
SRR1872492,58
ERR738264,88372
ERR1252268,23522
ERR7132853,430826
ERR667606,41880
SRR6249978,44124
SRR6654867,7775
ERR1888626,1044834
SRR2751025,81108
ERR340689,4950
ERR1730687,29418
ERR1215578,228728
ERR1889360,178810
SRR8526612,119088
SRR19387524,1164726
SRR19364731,584278
ERR667453,34434
SRR6297668,1911542
SRR10990423,650088
ERR1426772,211002
SRR20218330,272920
ERR1415043,522
SRR22129116,288630
ERR716764,154352
ERR959087,11286
SRR1872909,23942
SRR17239852,2896971
SRR7789566,14265
ERR689833,70916
SRR14930245,311492
SRR12661718,42976
ERR960747,936
SRR6655138,22988
SRR11302756,105
SRR16964685,360532
SRR8787623,52661
ERR1889326,157366
ERR1821573,21150
ERR960034,1378
ERR1858066,27966
SRR12194887,376475
SRR11427340,422708
SRR7892033,20618
SRR6469566,4
SRR1872693,13316
SRR10151879,21112
SRR6469562,63314
SRR12786079,246400
ERR3266367,28692
SRR12661922,96139
ERR1730483,25654
ERR959111,330
ERR1889389,274766
ERR1730612,21904
SRR6469147,59610
ERR1215784,506
ERR1621642,51742
ERR1889189,66462
ERR716776,159582
ERR1108071,189548
SRR870875,181606
ERR1124992,508316
ERR959079,2
SRR7264573,80524153
SRR10550576,72821
ERR273843,929406
SRR6416907,277610
SRR16964673,435150
SRR6032091,519853
ERR3365998,168922
SRR6469068,46122
SRR11303019,195
ERR1662955,3100
SRR5443714,47379
SRR21034905,212254
SRR8526635,162590
ERR4910325,243754
SRR22747844,215890
SRR8632323,80896
ERR1432021,188298
ERR853816,61874
SRR6655273,38161
SRR8732840,348016
ERR4911019,240420
SRR6267976,464754
SRR6289680,76750
ERR853742,37260
SRR1872265,27624
SRR10126134,10655
ERR830353,222420
ERR1858053,25232
SRR20746127,629065
SRR6468886,56712
SRR11427441,339152
SRR8587702,6370
SRR6930575,44174
SRR1039865,888358
SRR8106599,21650
SRR3166935,65106
SRR998886,28699
ERR657521,62734
ERR1621364,31380
SRR11302929,1087
ERR697992,62692
ERR1757376,39706
SRR1205167,224711
SRR11114780,50628
ERR1730756,38542
SRR1062360,112973
ERR1891739,59668
SRR10070677,449540
ERR1373773,32194
ERR2723600,192464
SRR6250281,95706
ERR737723,102642
ERR202589,404
SRR1062326,109267
SRR10735818,1461974
SRR6039677,861927
SRR10550529,100624
SRR12185266,226084
SRR6032099,619785
SRR3038039,61662
SRR9728754,465198
SRR1039873,770496
SRR11309042,3147804
ERR1620574,64078
ERR1373474,15948
ERR999354,62
ERR573437,33384
SRR1872580,69940
SRR7662048,47155
ERR1108549,280250
SRR1062281,20803
ERR1692464,67364
ERR960150,8998
ERR854809,212628
SRR16973870,273504
SRR1342217,204400
SRR11427246,357130
SRR5382056,113946
ERR1888430,552934
SRR16647474,470956
SRR17714687,408710
ERR2723031,32704
SRR499865,17184
SRR10513898,458388
SRR6921828,519520
ERR1204548,109274
ERR1692602,71962
SRR8928958,41612
SRR1871949,45362
ERR1124463,579118
ERR596603,55826
SRR1872652,22918
SRR9844307,767474
SRR5879409,97710
SRR870726,21562
SRR8526622,152604
SRR2567897,87332
ERR2154683,115146
ERR1475838,36806
SRR11302872,127
SRR10126284,28075
SRR16339849,253097
SRR13938374,98246
SRR6250043,894
ERR1757501,24276
ERR670986,65620
ERR1099427,137552
ERR1374707,27388
SRR1062296,32520
ERR1216684,360
SRR20869078,50721
ERR959139,13228
ERR1857883,28766
SRR6655075,66792
ERR960791,6068
SRR2567886,74800
SRR5251437,53377
ERR1816550,25492
SRR8106418,13874
SRR12037476,12298
ERR1821490,21688
SRR6890897,147843
ERR1415167,86080
ERR1475677,64406
ERR1203508,193378
SRR18305964,743032
ERR1757470,27634
ERR1857829,1006
SRR3179615,134782
ERR960915,282
SRR8591317,441124
SRR1062686,19384
ERR960041,4150
ERR1099523,144972
ERR718582,101200
SRR17600931,214392
ERR1432005,182200
SRR7119864,24347
ERR1888551,695706
ERR958908,32594
SRR14551648,3035622
ERR1124953,645018
ERR960896,3032
SRR7410472,191472
SRR8883878,187012
SRR7749250,12583
SRR10728571,300214
ERR1889499,155062
SRR13297035,549030
SRR11114789,38782
SRR1872834,14138
ERR1888570,407052
SRR8106285,211884
ERR596668,26506
SRR2733359,1575094
SRR22254567,281862
ERR960878,152
ERR2304208,491638
SRR10126058,25600
SRR8587725,1032628
SRR16518317,139464
ERR4568386,183176
ERR960059,4016
SRR11039783,139732
ERR780291,115020
SRR10151675,22778
SRR1062604,19079
ERR4568380,226758
SRR7162665,60879
ERR7179901,239442
SRR20746135,540388
ERR1595110,226256
SRR6250335,53604
ERR1215853,100
ERR2723142,10366
SRR7789622,12545
SRR11917478,288639
ERR1414911,64476
ERR1416167,59644
SRR12876831,563240
SRR17879861,364121
ERR4910722,301699
ERR1124847,625758
SRR7905368,2683648
SRR942774,314846
ERR1204414,400672
ERR582857,212
SRR352486,69661
SRR8106607,49058
SRR10126012,15670
SRR9198758,9690
SRR10070569,172814
SRR13972082,314086
ERR998165,88
ERR1410187,29642
SRR10425374,172594
SRR5485636,173286
SRR7008292,90806
SRR6020373,3262940
SRR3381769,291238
ERR1124976,570620
SRR15204086,228715
ERR1594706,142308
ERR959864,856
SRR16574824,241384
ERR1888939,488198
ERR1108136,175050
SRR10312407,169484
SRR9159935,496722
SRR5921059,387954
SRR9198844,6319
SRR5119945,103172
ERR963200,72
DRR224539,361066
SRR870966,86499
SRR7909912,1580748
ERR7131144,154651
SRR10916833,99857
ERR596602,45916
ERR998121,45880
ERR1374779,3612
ERR1857649,35570
SRR870752,38673
ERR759357,151418
SRR870774,115989
ERR998164,31536
SRR5113015,442622
SRR6176680,93093
SRR11302633,81
SRR13998082,2533058
SRR3166964,31812
ERR1888997,138096
SRR19086707,492424
ERR1374386,11198
SRR3159079,81451
SRR12474648,1363480
ERR1216550,38384
SRR7015882,246260
SRR11427223,367932
SRR8883797,422510
SRR17723101,512774
ERR1888485,554732
ERR959273,26560
ERR1416022,25290
SRR9850645,17110
ERR1216712,139420
ERR1415388,73974
ERR1415389,89842
ERR1124425,227038
ERR689845,81962
ERR2723543,215148
SRR1188161,184526
SRR18297398,1278196
ERR1069072,611554
ERR3011944,86376
SRR12070749,29985186
SRR11016377,131138
ERR405185,83396
SRR2013392,39275
ERR959446,2072
SRR516560,64
ERR1216449,85994
ERR1475820,42000
ERR716929,156088
ERR4648671,107084
SRR4242434,300308
ERR718626,60300
SRR17191184,172836
ERR960291,114
SRR7785383,852598
ERR1427092,1141094
ERR999329,100
SRR11302536,195
SRR1871904,8698
ERR525392,49996
SRR9849221,291714
ERR2723792,321948
SRR959371,30717
SRR5942262,104671
SRR6469788,93628
ERR1252063,14074
SRR12436773,57397
SRR1872797,19978
ERR1374531,4922
SRR11140719,242792
SRR10151618,68860
SRR9974566,119161
ERR1889340,276678
SRR11090040,34860
ERR1374684,19428
SRR16098000,424726
ERR3842001,739114
ERR1888847,125592
ERR667556,46430
ERR2723375,73262
ERR998297,11872
ERR1857670,25824
SRR18052578,36415
SRR4369376,180129
SRR1872272,23784
SRR7410437,308328
ERR4648667,75452
ERR960897,28052
SRR6025593,295744
SRR2776881,184433
ERR1427223,1017970
ERR340742,157924
SRR6654694,3153
SRR5810776,4992
ERR2723555,173792
ERR1888780,26762
ERR1692568,84054
ERR340728,177380
ERR1888172,152044
SRR8868554,463072
ERR1216133,96142
ERR1408799,280
SRR10151645,19444
ERR1125014,554100
SRR18296203,194050
SRR5341524,71240
ERR958844,28762
ERR1889133,34070
SRR8129703,104300
SRR14804252,5201322
SRR2927823,985174
SRR1791573,248506
ERR1891653,103456
SRR1872860,10206
ERR1621462,46268
SRR8663321,41584534
ERR830333,271670
ERR1821794,21040
ERR960274,2532
DRR189362,483388
ERR1218383,116880
ERR517945,56650
ERR1892060,98910
ERR1427244,1205416
SRR8928857,307574
SRR12774376,164432
ERR998322,30974
SRR1523215,133912
SRR13447015,242433
ERR1252121,16780
ERR4029255,968312
SRR10230313,170764
SRR15600916,95650
SRR10127669,218876
SRR13015571,379462
SRR7419858,12215
ERR1205119,123298
SRR17312074,4926563
ERR569552,1558
SRR10151918,23150
SRR8106723,39620
ERR2723079,260462
ERR959833,11228
ERR2723731,12164
SRR12070750,30706000
ERR1373604,65680
ERR1125048,569122
ERR232312,44792
ERR1099453,116410
SRR1872138,32
ERR667506,29790
SRR10863049,2700509
ERR1205266,224982
ERR999325,100
ERR960173,2152
ERR1857869,29932
ERR968131,49668
SRR7154555,39821
SRR9312993,102926
ERR1427380,541738
SRR17879855,345824
SRR15910166,115977
SRR13332323,272816
ERR1215548,36
SRR12874637,144916
ERR1124690,420540
ERR1889878,242044
SRR17400073,171680
ERR1857928,27766
SRR3465545,159889
SRR6654545,19979
SRR6469543,83348
SRR12661623,49819
ERR1821914,21598
ERR657522,68452
SRR516128,156416
SRR6654922,9727
ERR492306,68458
SRR1872753,13620
ERR1216647,24148
SRR1062706,19900
SRR3207417,225085
ERR596671,23118
SRR9331662,267274
SRR6654328,13630
SRR11090019,45962
ERR1475498,32102
ERR1888625,85464
SRR6469538,87948
ERR737752,65032
ERR1889140,37906
ERR1374720,11840
ERR1397074,2290
ERR1251947,15092
ERR959787,2374
ERR999263,89628
SRR20958397,117288
SRR11090039,34291
ERR1888509,456740
SRR12356833,255366
SRR11603952,467386
SRR22489946,641214
ERR998169,1004
SRR1872383,38
ERR1889644,122858
SRR7801951,408986
SRR9674325,590554
SRR1043687,69002
SRR5921044,313258
ERR1414847,43486
ERR998305,35212
ERR1889860,45940
SRR489481,754643
SRR15931296,160977
SRR15646742,387008
ERR1821951,23098
ERR517903,78336
SRR8587723,735790
SRR11427275,238734
SRR9674270,123058
ERR1888062,145608
ERR960652,24556
ERR697948,50000
SRR6654589,13125
ERR925785,282
SRR7236668,178958
ERR1215906,207908
ERR1108015,140566
ERR1475829,33680
SRR7268800,105352
SRR10126279,11702
ERR925783,250
SRR5810785,578
SRR14285956,208066
SRR3231363,250047
ERR1889067,232648
SRR6289798,69494
SRR12194918,286981
SRR1062259,530329
ERR1889232,96482
ERR1395843,18808
SRR10004225,484824
SRR12436820,39093
SRR8883823,68163
SRR7662043,38637
SRR6289756,196216
SRR870802,109113
SRR11873955,462042
SRR10753253,28588
SRR519755,3917450
ERR492356,62670
ERR999492,696
SRR10415530,453666
SRR10735839,111323
SRR9198977,8044
SRR10117575,218436
ERR1396883,61534
SRR8787742,14912
SRR14923974,284372
SRR12764352,122774
ERR959727,594
SRR11601824,1055060
ERR1373388,31578
SRR10070727,35848
SRR1104059,2738612
SRR11090044,14061
SRR14993672,386326
SRR10958334,289088
ERR871439,272
DRR224553,917782
SRR11092491,370766
SRR18745517,1339312
ERR1374135,3896
SRR1872835,12568
SRR12194921,641325
SRR11302273,738
SRR8250771,292810
SRR11186451,1346276
SRR6469632,44604
ERR958934,26964
ERR853783,48198
SRR6655114,67230
SRR19638162,1290354
SRR14559684,213658
SRR12037428,18410
SRR8106579,38996
SRR9277360,83589
SRR3544817,36174
SRR6469299,63598
ERR1621577,48754
SRR10344678,98567
ERR1215892,209178
ERR3838753,86714
SRR11302864,64
ERR1889297,43854
ERR999266,114
SRR9844303,768568
SRR1872775,26302
SRR12661517,30828
SRR6020312,47160456
SRR6289721,61234
ERR959297,6390
SRR6020424,537824
ERR1099469,151758
SRR3923674,103575
SRR6468809,61528
ERR1888703,122386
SRR6469330,59820
SRR9822880,2028880
ERR959731,1108
ERR2723582,232004
SRR18220756,44389
ERR1442734,14744
ERR853560,37774
SRR8298701,335158
SRR5810833,1218
ERR1427091,956088
SRR6020375,68666
ERR1373504,25414
SRR6654933,37258
SRR6890914,219671
ERR1857969,27148
SRR10125992,19285
ERR1427260,610474
ERR1621664,55354
ERR2402429,833964
ERR1888413,618074
SRR18516712,234357
SRR7268931,108732
SRR6469575,167256
ERR517858,70556
SRR13311749,3390690
SRR1062800,20023
SRR15931298,952539
ERR1442866,15312
ERR1374627,3546
ERR1821610,20892
SRR1062332,34219
ERR958979,23584
SRR12661714,42287
ERR1889716,211976
SRR11213710,61268
ERR960404,1190
ERR3489879,110598
ERR1889177,49652
ERR1475842,41338
SRR10887474,312610
ERR1203487,159002
ERR667550,66210
SRR3622455,143589
ERR755701,230462
SRR9198867,6486
ERR1889718,60712
ERR1204582,1086
SRR13780566,316242
SRR13785100,12585310
SRR16299549,16173
SRR15413361,1219462
SRR9947423,245218
ERR1407566,74228
SRR6654789,16674
ERR998120,138
ERR1620503,135896
SRR6469328,51942
SRR12661875,49209
SRR8788715,83259
SRR10151595,15704
SRR11777181,208463
SRR9621255,1456
SRR1871881,14738
ERR960489,3042
SRR870928,129061
ERR1108523,276086
SRR5810767,2020
SRR6144821,25051
SRR21119114,234158
ERR1889647,152358
SRR13724963,3871218
ERR999554,908
ERR1108804,162346
ERR925721,266
SRR12661611,104039
SRR9674263,132112
SRR10070793,274468
SRR5810725,5780
SRR1872273,52
SRR7661996,46515
ERR1888923,815342
SRR5482147,1147560
ERR5961087,788438
ERR780117,160962
SRR11577278,43611
ERR1408844,86298
SRR6469761,103770
SRR1872964,10980
SRR19761447,168212
SRR835163,107156
ERR1204335,142490
ERR1415440,99310
ERR998233,45204
SRR3393529,307089
SRR1555591,8542
DRR162496,57496
SRR17499150,176331
SRR10070725,52242
ERR697959,98836
ERR2723701,116896
ERR1621519,32408
SRR6654799,14545
ERR340732,127510
ERR7720660,901860
SRR15347709,373654
SRR9899209,332582
ERR1216737,86096
SRR4342165,52218
ERR1099458,118788
ERR960424,8790
ERR830277,222430
SRR16299303,4893
ERR1889550,46972
SRR22561332,298576
SRR6468812,42860
SRR8928802,19396
ERR718605,102640
ERR1204337,136090
SRR3139121,781914
SRR1793800,34437
ERR1252196,20886
SRR6469588,135176
SRR13039583,109495
SRR7613114,548801
SRR6655195,12848
SRR6250357,105560
ERR1888126,20554
SRR10151695,122944
SRR10586533,868266
ERR7132857,337068
ERR1889734,7490
SRR3083728,414292
ERR738242,91658
ERR1205095,540
ERR718646,100904
SRR10070681,87662
SRR363984,515492
ERR2723133,123874
SRR5810735,918
SRR10366889,491736
SRR8526648,131628
SRR8936992,4255564
ERR590777,31156
ERR1374511,15400
SRR16574812,304200
SRR6655102,55222
SRR11537841,2458282
SRR12134636,4956418
ERR1888073,541864
SRR6468932,60254
ERR1594698,176404
SRR17235497,10
SRR12037463,50174
DRR334970,996922
SRR12037348,23356
SRR2067886,179556
ERR1415142,25860
SRR6654529,21369
ERR1108135,155530
ERR962962,59678
SRR12876836,722030
SRR9331657,155792
ERR737700,104200
SRR3231304,14711758
SRR10903540,1202516
SRR6289742,94184
SRR13616484,2400336
ERR1821731,25522
SRR6176734,128631
SRR11974578,69334
SRR9058959,2264690
SRR6654586,25421
ERR1108540,307072
SRR12070741,24693156
SRR6655139,19399
ERR871590,176
ERR1857734,26510
SRR7041786,117926
SRR12661562,97928
SRR5084080,206342
ERR1203492,79892
SRR6654797,13849
SRR10511892,105125
SRR14428592,170767
SRR10117550,275238
ERR1205401,186
SRR13839961,41816
ERR667601,53030
SRR10151821,37178
SRR1565819,306253
ERR659806,81374
ERR1426923,833172
SRR392998,80601
ERR1889826,42046
SRR13528192,1419644
ERR1821658,29446
SRR11303285,123
ERR657569,68782
SRR11092493,204714
ERR1730841,27184
SRR15204075,286802
SRR13005702,525158
SRR3355808,5224
ERR596701,29258
SRR13015601,564958
SRR5921191,314995
SRR12287385,384178
ERR1889058,197844
SRR10741403,162576
ERR3300998,323888
ERR1757747,8078
SRR10222488,283694
ERR273824,3809270
ERR999455,76
SRR13297043,506356
SRR7266722,2039748
ERR960715,8372
SRR6176696,148208
SRR10126325,14280
SRR11303369,1028
ERR1888633,653676
SRR8787806,3313868
ERR1407537,132
ERR780034,74482
ERR1373378,37432
SRR7410360,106098
SRR6250052,19248
SRR13115046,496628
SRR17400059,172450
ERR1889720,128772
SRR870824,140906
ERR1415246,90418
ERR1821503,23834
SRR6469359,63058
SRR15831124,480082
SRR1035238,556169
SRR9849855,5692828
SRR11427373,338740
ERR1857971,27782
SRR11302606,78
SRR5443692,50782
SRR12191840,265102
ERR1427201,896316
SRR14722566,21560476
SRR14233933,325398
ERR780114,128376
SRR10126334,15510
SRR5810945,10052
SRR5892566,379345
SRR11926653,426606
SRR13958294,256308
SRR11926620,136693
SRR2013388,36559
SRR22968684,182216
SRR13074870,18685
SRR10070764,12574
SRR11214427,349956
ERR998225,51746
SRR1872032,24192
ERR1857687,28716
SRR6846414,330290
ERR1888771,9152
SRR13374858,123212
SRR7419846,52062
SRR15691859,61970
ERR1891696,61278
ERR1730814,26952
SRR6811820,318366
SRR6176689,81875
SRR20283712,64627
ERR525401,44928
SRR18745506,1695614
ERR667538,42390
ERR1821711,21122
SRR6654999,7889
SRR10550537,73269
SRR11303159,53
SRR13181580,342942
SRR12125378,27825
SRR11302662,114
SRR3381846,229810
SRR18042693,163048
SRR2751023,354679
SRR1048058,38544
SRR10010337,71648
SRR3231281,2189698
SRR1872074,27118
ERR1857813,510
SRR6469011,58
SRR13015596,276752
SRR16299287,15730
SRR11148653,204052
ERR1620404,21574
ERR1857794,566
ERR853755,31966
SRR12661707,40994
ERR1069107,366274
SRR10070661,47904
SRR630467,165538
DRR067138,398342
SRR1048072,17920
SRR8106518,33642
SRR14559685,195966
DRR162493,56816
SRR11302601,1189
ERR1888676,58548
SRR5366719,798796
SRR12672468,125484
SRR15390206,2641192
ERR1396969,245020
ERR1888741,254900
SRR1872101,25834
SRR5599699,301932
ERR960190,246
SRR11303056,119
SRR12464071,310122
ERR1621682,42820
SRR7942606,520176
ERR1730714,15314
SRR12661570,72640
ERR1620529,505808
SRR6469830,155858
SRR13565156,232344
ERR2723814,122240
SRR11033809,85482
SRR12194811,957160
SRR8928811,17988
SRR6655063,31125
ERR755686,172100
SRR11427411,774488
SRR8106426,37038
SRR11578958,1116426
ERR1407595,24280
SRR7119846,11485
SRR18053123,710280
SRR8928862,15018
ERR960645,72946
SRR17994491,202918
SRR17210887,143833
ERR1216168,72328
SRR6250362,126492
SRR6268085,5464
SRR12661859,47210
SRR15663235,314606
SRR6654743,13302
SRR11302480,106
SRR5270232,252742
DRR189402,121449
SRR17547546,27136
DRR162498,116894
SRR12650409,165294
ERR1426891,941358
ERR4844843,118792
ERR1892085,1784
SRR7882014,276722
SRR21034914,238170
SRR10854657,337016
SRR16299291,16838
ERR1442915,14154
SRR11092494,2847053
SRR11186460,18530
ERR959488,3056
ERR1692622,47580
SRR1872093,32394
ERR959184,29898
ERR1124962,795856
SRR3381801,177786
SRR13015626,967790
ERR1216773,30228
ERR1621615,102216
SRR6655256,18307
DRR314107,508662
ERR871502,138
ERR1124516,28316
SRR8132757,207066
SRR13780559,319214
SRR12037366,18564
SRR10127671,219444
SRR10863027,187106
ERR657572,57914
SRR16298923,19006
SRR12338626,133387
SRR10151941,111796
SRR6469661,116846
ERR582901,1474
ERR998449,190
SRR7662106,19840
SRR11302996,90
ERR1216732,126776
SRR18220783,46339
SRR2136161,271544
SRR10863054,635834
ERR1427249,806054
ERR1396971,78764
SRR15236535,330640
ERR1107874,241318
SRR2968430,2318886
ERR1373649,49116
ERR1888421,592532
SRR10887522,121966
ERR853604,43416
SRR7749240,15304
ERR959416,0
SRR1555510,1936
ERR1427132,651798
SRR9850675,20127
SRR9621258,189
SRR6507307,34926
SRR10151686,57038
SRR9198839,18221
ERR1069142,497928
ERR2723644,6942
SRR5599690,289500
ERR1415405,97908
ERR1888410,641972
SRR5113027,136850
ERR960377,1026
ERR1216942,606156
ERR999307,94
SRR6468993,61160
ERR590794,27084
SRR6888837,447246
SRR8928873,35298
ERR960710,598
SRR3098581,774330
SRR15600952,102982
ERR1215916,228334
SRR6654804,16186
ERR1857873,29122
ERR853814,37816
ERR2723035,47834
ERR854822,123920
SRR12964274,222186
SRR19897790,307780
ERR958973,154376
SRR11700448,112183
ERR1397042,1534
SRR9198649,10967
SRR12436752,172169
SRR3679541,397444
ERR999326,94
SRR13242480,27662
ERR1891735,61428
ERR1294271,55723
SRR9849275,478926
ERR1692479,54846
SRR11523569,306912
SRR8377230,37820
SRR11206255,55613
SRR5342773,457996
SRR6655082,218579
ERR854830,156334
SRR20083920,272722
SRR12774374,294456
SRR6655065,41304
SRR8883709,45076
SRR11427320,422028
SRR8298676,552472
SRR6261600,48579
SRR9728713,485678
ERR1442602,452
SRR6176647,2420534
SRR19667655,175772
SRR5044685,98034
ERR999271,62380
SRR1872147,35368
ERR1373445,17816
ERR1107995,102328
SRR11926666,534808
SRR7659034,453436
ERR1251926,13298
SRR10916817,90266
ERR1757606,25666
SRR17219971,8693
ERR1888936,337918
ERR1621587,43634
SRR13074863,30633
ERR999397,156
SRR8883716,70404
SRR8305618,971734
ERR780286,98626
SRR3083682,316660
ERR1888618,290018
ERR1692604,60110
SRR11114790,74810
SRR6654395,3360
ERR2154635,247874
SRR5382013,118541
SRR6289810,81832
ERR1730725,12394
SRR10127646,189298
ERR1108018,138612
SRR18338532,279318
SRR5113035,596552
SRR16973876,104084
ERR737691,87424
SRR16195471,57812
SRR850601,164597
SRR1188156,110067
SRR7757837,1350714
ERR853745,42828
ERR406885,86412
ERR1475527,31626
ERR1108054,236162
SRR1555524,2632
ERR984502,48558
ERR1889006,355180
ERR1757397,30622
SRR11302511,1115
SRR8530755,99238
SRR10490661,10223
SRR13089282,354656
ERR202607,620
ERR1415143,28036
ERR1204293,53884
SRR3996110,87334
ERR1757743,12894
SRR16195474,44302
ERR1373745,22522
SRR13015579,661884
ERR1889112,41458
ERR525342,52292
SRR1872728,14678
ERR1204542,157058
ERR1415218,28022
ERR1373730,22544
SRR7661981,44325
ERR1374437,3450
ERR1215574,200022
SRR12194883,305724
ERR1374726,11286
SRR10151926,7048
ERR1415016,50570
SRR2255626,51054
ERR1888541,399296
SRR10990411,4174530
SRR6257761,744490
SRR1736713,59240
ERR853517,44850
SRR6469643,96642
SRR13724917,110956
SRR5382015,140040
ERR1888637,216992
SRR14272178,365645
ERR1216141,125986
SRR14077608,260292
ERR1889154,34512
ERR737703,93944
ERR1374429,3570
ERR1215948,242408
ERR1692449,71258
SRR9198982,10328
SRR5810943,6078
ERR1757445,27652
SRR9903402,752273
SRR14077611,205920
ERR2723948,28572
ERR1396942,2012
SRR22805241,175712
SRR1871964,14310
ERR999258,60600
ERR1888979,291528
SRR1821786,381337
SRR11427247,490894
SRR10753187,31050
ERR4648702,97622
ERR1888998,214800
SRR12774400,265217
SRR11302519,186
ERR596633,22546
ERR968087,312
ERR1125072,416614
ERR1204310,183564
SRR17259775,3698120
SRR10753194,67014
DRR162526,28974
SRR12150549,191477
SRR6654957,37864
SRR14217632,121606
SRR6250268,173496
SRR18745514,820580
ERR830287,252196
ERR871520,392
SRR10151756,12720
ERR1373778,33246
SRR11267508,215964
ERR926033,218
SRR14217604,60533
SRR2751024,290479
SRR7419826,286258
ERR9077196,54797
ERR959284,23778
SRR17720612,236764
SRR6654989,13166
SRR16195459,82101
SRR10126315,15362
SRR12899703,1111548
SRR11267519,212982
SRR15626540,243430
ERR1218363,158692
ERR1216017,143952
ERR202617,418
SRR1872117,22
ERR582919,1678
SRR1872616,79790
ERR1889613,32748
ERR1442754,12828
ERR1416103,21996
SRR6908620,17396
ERR5005141,516704
SRR7236655,7340146
SRR17547517,41151
ERR023143,96098
SRR18049402,16834
ERR1099512,111172
ERR1888647,121862
ERR1397043,2082
ERR6501834,458628
ERR7131128,258788
SRR5251444,116069
ERR949637,876564
SRR18745494,2457776
SRR5921171,428002
ERR1442905,14428
ERR477365,46672
ERR573434,34658
ERR1396876,193006
ERR1415048,50956
ERR962979,268
SRR13388656,1174802
SRR8106629,30788
SRR15097766,126214
SRR8134461,102830
SRR6654510,20402
SRR11926670,992282
SRR12340468,881452
SRR19892904,202334
ERR1124512,1114058
SRR1872209,35976
SRR2040573,83802
SRR9198908,23447
SRR1062722,21956
SRR15831109,282910
ERR1125021,574854
ERR1427271,912918
SRR1062783,22172
SRR3083678,316838
SRR6469288,47066
SRR21429714,212012
ERR1215810,328
ERR959385,2882
ERR960847,1578
SRR11302729,63
ERR1124481,523328
SRR12712223,174348
SRR5320545,295406
SRR10887467,353332
SRR2919459,2534
ERR960010,2580
ERR1407651,16786
SRR5883564,1498997
SRR8244109,136156
ERR963151,92
SRR12661778,67091
ERR960197,11004
SRR7154544,34364
SRR7292737,151702
ERR1442833,15294
ERR1891636,70520
ERR1889859,72250
SRR6469185,117810
ERR959136,14450
ERR667536,25792
ERR1889829,5476
ERR1408809,96140
ERR582935,1166
ERR1216643,28714
SRR5381354,1882154
SRR15626533,590596
ERR1204387,55286
ERR1374465,4896
SRR14902689,260826
ERR1891674,55750
SRR17529063,421146
ERR2723885,8744
SRR11427262,348868
SRR3381783,102588
ERR871567,794
ERR1204390,146754
SRR870974,112780
SRR1062221,21228
ERR590793,26886
SRR10735841,134137
SRR7419891,29356
SRR5818017,59993
SRR9947426,263942
ERR1205267,472
SRR11777167,140349
SRR1871920,80
SRR6289803,79564
ERR1888865,356202
SRR6655336,51467
SRR998891,30927
ERR1251937,15570
SRR15036054,304622
SRR7749234,12625
ERR1888790,36262
SRR11186449,1288782
SRR8106515,20464
SRR19762951,273949
SRR516134,82965
ERR959550,776
ERR1408779,166
ERR1204550,126750
SRR2087762,171376
SRR870865,140504
SRR20083911,229692
SRR10990409,533622
SRR13796912,3085120
ERR1620555,736778
SRR10974025,71952
ERR1099527,121740
ERR2723617,2742
SRR1872332,24572
ERR960283,3132
ERR657532,63744
ERR596589,40254
ERR1730619,23960
ERR1426865,577410
SRR11214447,344626
SRR12436802,89594
ERR960789,1730
ERR1205123,672
ERR1374162,2902
ERR959798,1030
ERR1443969,441328
SRR10151928,47112
ERR1757535,14380
SRR870892,138181
SRR15293961,1552144
ERR1442893,15886
ERR1857929,35514
SRR17085057,461974
SRR22270145,226046
SRR13938345,169602
ERR689826,77188
SRR10151706,9884
ERR2723690,83194
ERR1216947,768324
SRR12661838,81366
SRR9610839,238315
ERR1692558,45318
SRR8383280,10228
ERR1373442,24048
SRR8244074,117882
SRR10222484,432170
ERR1757588,26368
ERR1889181,47358
SRR8315378,253577
ERR1216440,78338
ERR1099439,125672
SRR5921051,370394
ERR596609,38010
SRR17218096,115722
SRR8928740,133748
SRR7468684,56606
ERR1888288,129734
ERR960335,85592
SRR6811817,186031
SRR19897793,383180
SRR8787684,100103
SRR4423748,2226442
SRR9198723,16541
SRR3381856,101968
ERR1124913,785134
SRR18042707,144956
ERR1475770,18686
SRR14217579,103560
ERR1205323,64
SRR6250283,108752
SRR11302667,60
SRR11851890,527062
ERR7132852,391836
SRR18042688,196258
SRR7535418,85324
SRR8530754,110742
SRR9728716,422062
SRR21120212,24030
SRR1821846,362187
ERR1426916,889258
SRR7891986,161238
SRR16299296,21075
ERR1821516,24256
ERR959119,5840
ERR1204443,267282
SRR2750983,331581
SRR11427338,782500
SRR16183159,617832
ERR1374761,6978
ERR1889621,127968
SRR2567887,55016
SRR12610270,104989
ERR1374844,3752
ERR202594,179854
ERR959695,2534
ERR1124689,421756
SRR10010393,48656
SRR19572325,409248
ERR2402425,583998
SRR19571651,145322
SRR3095292,690447
ERR925711,1088
SRR6494600,782904
ERR1414843,79596
ERR1108075,110754
ERR2723332,201550
ERR2723997,303616
ERR1215718,82
ERR853761,59824
SRR5593159,72284
SRR12070803,27412236
SRR19077307,661942
SRR12436735,39588
SRR1062600,18206
SRR13015570,387954
SRR13426332,149236
ERR1125001,383652
ERR737767,114640
SRR14217652,10727
ERR1427348,782036
ERR1289947,140104
ERR1374313,27964
SRR5893160,32067
SRR1062420,26366
SRR6655229,10457
ERR1621492,23488
SRR11773521,79190
SRR8788716,89345
SRR8106348,230236
SRR11601828,2630770
ERR1124886,376594
SRR10117539,212989
SRR6020394,968278
SRR9674337,973555
SRR11303248,275
SRR10151627,70646
SRR10974060,58318
ERR960256,12006
SRR11214411,834126
SRR9735189,548044
ERR1414976,84234
ERR590722,26528
SRR14703463,17536
ERR1475480,29692
SRR11302640,28
ERR1757472,38158
SRR5398231,21686
SRR9662030,78066
SRR1062537,33252
ERR2723439,104334
ERR1415136,31494
ERR1414830,46218
ERR926030,164184
ERR1821814,23108
SRR1872057,99230
ERR3841999,638392
SRR14703428,47296
ERR1620495,444926
ERR998217,55052
ERR1415187,75132
SRR12023703,486642
SRR11585434,2871240
ERR1816554,22436
ERR755716,213938
ERR1215999,121648
SRR5125630,676210
ERR738261,69746
SRR15927795,341838
SRR6469213,95368
ERR1204369,136808
ERR998386,11472
SRR11851893,681198
ERR4029232,420068
DRR084194,74318
ERR1415188,73268
SRR11178127,1974868
ERR1124565,402046
SRR7749224,12583
ERR202495,4936
SRR13015615,477238
ERR2723558,178126
SRR15927830,230784
SRR1872410,25198
ERR1215549,248
ERR1124514,877968
ERR1407571,798
SRR8888289,567760
ERR759368,178484
SRR6020403,3808336
SRR7154543,35204
SRR1872752,16108
SRR1872415,29348
SRR5418447,1210
ERR1416050,34356
SRR8953736,36197828
SRR3381775,162870
SRR18124374,116968
SRR6655322,5325
ERR1205396,30
ERR1124809,557354
SRR17218118,442884
SRR6176618,1978350
ERR1888677,152232
SRR8587737,583568
SRR7268850,102070
ERR1858028,29414
SRR19667664,145020
SRR1872270,26198
ERR1415402,104014
SRR6469500,89294
ERR1374326,9504
SRR7789614,210
SRR7268885,103664
ERR2154808,102934
ERR1889657,254976
SRR11092477,86816
ERR492295,68260
SRR6654351,6309
SRR9198927,22336
SRR6468927,88768
SRR9662013,294694
SRR6250301,5934
ERR2722992,169644
SRR6469641,135892
SRR5626507,170751
ERR1124914,638108
SRR17497227,177754
SRR9198656,8960
ERR1215517,40
SRR14924001,59797
SRR10151603,48536
ERR1427327,924164
ERR1395927,72388
ERR1252222,14782
ERR1889253,223160
ERR1757625,12118
ERR1888343,173618
SRR5320513,880076
ERR689884,78150
ERR1857620,29564
SRR1872853,17282
SRR1555494,837
SRR14285958,198631
ERR853803,41936
SRR6289734,90086
ERR1215928,225192
ERR1621479,48680
SRR8441451,421076
SRR6654768,14723
SRR13249628,114504
SRR10151984,141410
SRR10070795,158358
SRR10366898,454830
SRR9198799,9854
SRR6908611,38294
SRR6268080,51015
SRR13234617,197469
ERR1108196,129468
ERR2154757,22000
SRR12037468,19775
SRR8883757,18478
SRR9199026,11991
SRR17247906,283390
SRR8106437,25916
SRR10902867,336020
ERR960538,2
SRR2567890,53564
SRR6469124,76392
ERR1373791,38948
SRR12650411,197596
ERR1216452,16702
SRR1714464,2252496
SRR6655107,77264
SRR1062770,22370
ERR1857757,4266
ERR959459,1222
SRR9211482,166790
SRR19520282,2615402
ERR1821646,24022
SRR6324384,255838
SRR10070728,140444
SRR6469708,184588
ERR998343,60
ERR1888252,19492
SRR10126113,18419
SRR13374841,271402
ERR1621346,63802
SRR6890854,55676
SRR8787666,6811630
ERR1205325,38
ERR1216572,17270
SRR10741398,271418
ERR998158,1168
SRR6250089,109960
ERR1204536,148364
ERR1889580,107318
ERR853718,38642
SRR10117582,284864
SRR14428570,134412
SRR7947922,1016650
SRR633543,260086
ERR1891703,64688
SRR10887483,215952
SRR850602,14769
SRR18927006,572558
SRR1555535,4668
SRR1062719,19474
SRR7905396,274462
SRR2473235,657734
SRR9198862,7366
SRR870949,220511
SRR16299523,11043
ERR1475749,34808
ERR1730512,41260
ERR1889752,83998
SRR7268872,106530
SRR9198705,6600
ERR960839,27260
ERR1889107,281002
SRR5893095,8460
SRR3159077,153631
SRR7292728,591300
ERR1124831,685834
SRR2293664,2031450
SRR8106536,32456
SRR9198736,12013
SRR11806489,12044980
SRR12661572,91321
ERR1757678,27236
SRR13242467,28441
ERR1888739,106914
ERR4029250,1635572
ERR960570,2950
SRR1872039,10
SRR7886606,260384
SRR7699144,241114
SRR12083052,2191884
SRR7905389,818446
ERR202520,245028
SRR18192277,196244
ERR1215988,87888
ERR667461,38714
ERR667629,52118
SRR5944012,176823
SRR7905351,2560310
SRR5921134,312485
SRR6908742,113814
ERR3446733,63546
SRR16299194,7083
SRR12661710,44558
SRR14923979,46874
ERR1889473,612774
ERR984485,1988
ERR1888169,232010
SRR11933713,147694
SRR3393532,143288
SRR16490788,13804
SRR7264587,31686522
SRR11554198,108703
ERR1889109,140100
ERR1216595,364382
ERR1821907,21932
ERR1046071,151828
ERR853498,37528
SRR12493016,133348
ERR492292,61306
ERR1215871,194630
ERR381745,78556
SRR9211501,164388
ERR1889454,27588
SRR10070797,160480
ERR4648686,108576
ERR1416045,26218
ERR1408862,76534
SRR8883695,25514
ERR492316,63500
ERR1730489,20388
ERR1108132,173808
SRR12037445,10501
SRR7757829,1304322
SRR10887538,275958
SRR17400051,182920
ERR718568,110262
ERR1426958,617578
ERR1124934,174116
ERR1442753,12566
SRR12340116,1132028
ERR854828,114608
SRR12786081,222314
SRR6469871,75396
SRR10126271,9252
ERR1374346,2216
SRR19846951,1992716
ERR3489859,220990
ERR1621394,75812
SRR11309041,4253620
SRR1872030,4058
SRR8788626,2220342
SRR19661789,1526694
ERR659890,71628
ERR7131134,203799
SRR6655116,64441
ERR1204345,134178
SRR6261589,1071230
ERR2723464,104446
ERR2154745,19810
ERR3266384,25998
SRR15626593,1607464
ERR1816570,23448
SRR4734153,174212
ERR273879,89196
SRR6890896,175917
ERR963132,100
SRR13674931,124246
ERR2154742,59858
ERR959031,866
ERR1252192,15410
SRR11554201,147394
ERR1204373,133908
ERR853610,41896
SRR5683309,215810
SRR10728572,316400
ERR2723152,33744
DRR084190,91084
SRR17499134,56937
SRR22270154,243818
ERR716927,97790
SRR19387526,604494
SRR12661828,101645
SRR10737689,627738
ERR959767,0
SRR10511881,189277
SRR11926668,616360
ERR2154811,32830
SRR10513905,408596
SRR12037413,15647
SRR7789529,9000
SRR6308290,1160842
ERR667501,22704
ERR960525,808
ERR1395921,85456
ERR925724,1268
ERR1374349,5508
SRR10126042,17880
SRR12083057,1969326
SRR8788645,674054
SRR6655035,8696
SRR10151754,33562
SRR10230309,46084
SRR1872913,28212
SRR16299078,31530
ERR1125007,465776
SRR6890875,73345
SRR7061297,462612
ERR1396923,14466
ERR998147,118
SRR23085086,199414
SRR6469242,82056
ERR697932,72076
ERR2723020,32910
SRR1871939,15188
ERR977586,416120
SRR1554492,2581021
SRR8787660,77202
SRR16604668,607740
SRR10408934,95194
ERR998420,31962
SRR11302309,111
ERR1889124,138608
ERR1204315,146848
ERR2723994,76092
ERR1396853,3550
ERR1475612,48638
SRR17723117,392458
ERR1415107,57788
ERR1662952,480666
ERR1215585,126190
ERR1414883,26200
SRR1871943,10
ERR1216616,133994
SRR10151824,26540
ERR1124923,462292
ERR959928,3028
SRR8883820,953872
SRR8377221,56506
ERR1099514,130606
SRR10854656,318336
SRR6654418,150
SRR7268966,195758
SRR16299599,68742
ERR517964,107796
SRR5931501,89622
ERR998337,666
ERR1108100,356152
SRR17400055,167592
SRR9850671,6505
ERR659873,94664
SRR11302727,1079
ERR1374662,15356
SRR6469653,126102
ERR1215587,202382
SRR17191198,202798
SRR516126,169533
SRR11590430,120577
SRR12654014,776468
ERR998253,488
ERR697938,51488
SRR13646718,227702
SRR13076833,89166
SRR3371422,665038
ERR1621620,46142
SRR6655251,13591
SRR1062261,526909
SRR5119943,67625
SRR10862997,395246
ERR1888931,526094
SRR5342791,539892
SRR7612994,263497
SRR16298996,8788
ERR959669,9422
ERR1252258,16610
SRR6811825,181542
SRR10990396,309526
SRR9707998,108072
ERR596604,35892
SRR10070539,92550
SRR11186420,730880
ERR3266379,27150
SRR6250258,6
SRR5163100,223782
ERR1857647,31068
SRR1872487,117426
SRR8833704,144557
ERR1891743,9676
ERR8517226,154020
SRR8928901,76848
SRR3666782,1291278
SRR3231294,9719984
SRR17968066,311776
SRR12070765,28208186
SRR7662143,12846
SRR15600921,149712
ERR998099,33744
ERR1889595,9048
SRR8868558,184280
SRR8936995,6853220
ERR667442,74170
SRR5593169,122747
SRR10152016,130528
ERR1888962,248724
SRR2089835,5080
SRR14217680,27834
SRR5270234,307145
SRR11267487,329884
SRR10956577,926532
ERR1692519,60050
ERR949674,181240
SRR6921825,376180
SRR3228710,172142
SRR8784153,1939641
ERR1108028,148520
ERR573429,39082
ERR1621369,55512
ERR202623,4702
ERR1621586,57160
SRR5810763,3022
SRR11293493,1123236
SRR6334491,1636814
ERR853781,44576
SRR10323891,1852370
SRR14923999,47778
ERR1889281,133090
SRR14139673,322336
SRR6469014,47630
ERR960163,2042
ERR340745,124938
SRR7764530,968096
SRR11302591,48
SRR17247905,211150
SRR11858749,331920
SRR11302822,954
SRR6908711,489704
SRR8106455,35440
ERR1373489,23340
ERR1373395,24356
ERR1124426,227556
ERR2723472,124546
ERR1216521,107402
ERR232336,8188
SRR11427423,343112
ERR1888271,47924
SRR11590406,99224
SRR11427391,609432
SRR8787748,316635
ERR960339,11590
ERR492359,71604
ERR854860,181252
SRR11785637,94242
ERR759387,220812
ERR1252208,14966
SRR6469482,44340
ERR1621562,55330
ERR1888083,14084
SRR23036880,143538
ERR1757730,15798
SRR1872740,15700
SRR5086607,540282
ERR2723956,28270
SRR11951240,145327
ERR1396902,150658
SRR9728715,575456
ERR1216054,114004
ERR998391,842
ERR1442613,15908
SRR6469729,154210
SRR10151795,9948
SRR3679555,411508
ERR1107925,197748
SRR1555540,4239
SRR13938338,122726
ERR1821601,19978
SRR11951244,176097
SRR13374848,363676
SRR13234664,87250
ERR667520,44404
ERR1442839,19528
ERR1215989,123458
SRR17604940,162698
ERR1215740,44
ERR1891754,59154
ERR1857709,29840
SRR10151847,84702
SRR10887577,210040
ERR1067167,275662
SRR10914217,204870
SRR13646749,611274
ERR1408804,1208
ERR1108076,120220
SRR16299423,14848
SRR8788676,1301288
ERR1475574,15034
ERR1205368,140
SRR5127965,553135
ERR2723663,43952
SRR11926660,307092
SRR9198652,853
SRR6468782,87470
SRR3207400,99458
SRR5366721,1544604
SRR10735816,172101
SRR2834934,170915
ERR1889479,142562
ERR1888174,147994
ERR2723769,37306
SRR19638119,294586
ERR716777,184310
SRR4723024,74005
SRR11411804,422398
SRR8106650,26470
ERR1595111,281846
ERR1730792,25566
SRR22129107,1813886
SRR12037326,14301
SRR6908706,406460
SRR9198903,21768
ERR1475555,60442
ERR959569,206
SRR1872678,7896
ERR2723234,39860
SRR8883720,10756
SRR10151828,59666
SRR14713039,213107
ERR1414811,25952
SRR6469505,143486
SRR7292741,169002
SRR12037372,20713
ERR1099445,139764
ERR1888706,76328
SRR8106509,15706
SRR7662131,3420
SRR10887548,394714
SRR9825126,27351
ERR1124733,187940
SRR1871950,19258
SRR1062437,26575
ERR1204384,81078
SRR6469519,53268
SRR6654582,19317
SRR8788707,1950488
ERR1215681,42
ERR960045,790
SRR13011471,468082
SRR2125736,2548
SRR12446295,241640
ERR960293,2
ERR1621604,65864
ERR1757448,24008
ERR1475532,42574
ERR998396,33166
SRR6469599,77796
ERR1816508,20414
SRR4342170,57732
SRR10151642,24520
ERR1889449,488788
ERR1216669,20172
SRR8928942,124178
SRR1062331,101402
ERR1888643,110888
SRR18927002,567084
ERR2723255,29724
SRR13646737,202880
SRR12672460,137552
SRR14713035,274499
ERR2723376,51530
ERR959957,1664
ERR1124540,301996
SRR12340477,665104
SRR15910155,125377
ERR1888145,180266
ERR1374843,2810
ERR1124460,257168
SRR8106514,20798
SRR10151565,32832
ERR1821821,20978
SRR10974126,194756
SRR5837508,261858
SRR1872407,33184
SRR1872575,52
ERR2723960,44518
ERR1395842,22354
ERR2723030,120534
SRR10070717,112710
SRR12313629,195228
SRR5810721,1102
SRR2567879,97702
SRR6039689,291422
SRR5921020,187616
ERR582904,1514
SRR11427354,463460
ERR780313,111646
ERR1416057,19010
ERR1215755,12
SRR12661911,351056
ERR411514,71762
SRR13729825,375856
SRR17224794,227166
SRR11302422,88
SRR11773513,522720
SRR10151587,76296
SRR12150547,199503
SRR12083657,29307760
ERR1888774,176434
SRR9960228,6131064
SRR7154552,43481
ERR1374315,14904
ERR962954,66950
ERR960684,314
SRR12661850,74435
ERR2154727,214568
SRR7268986,101454
SRR7268958,183878
SRR8244085,142008
SRR13849955,350762
SRR1531457,665208
SRR17191190,180128
SRR5320528,736402
ERR959899,244
SRR1062358,114086
ERR596661,21520
SRR1791571,61036
SRR8883721,21862
SRR10753210,18112
SRR1555579,4415
ERR1475785,26598
ERR1251933,14376
SRR8106478,26786
SRR12083047,3976278
SRR3228707,542071
SRR9207177,180798
ERR1620457,291944
ERR1857812,4112
SRR9198764,12019
ERR960606,1740
SRR1531444,221486
SRR2051100,284933
SRR12661599,101355
SRR8816382,515678
ERR959451,5214
SRR5810919,1878
SRR9662032,226178
SRR9945460,1946756
SRR12974167,333162
SRR8787769,12125881
SRR6655121,69405
SRR12469169,195428
SRR15097765,114986
ERR659974,103140
SRR6416900,1380538
SRR9728731,472228
ERR1414913,60426
ERR2723737,45894
SRR8928848,59734
ERR1124974,882064
ERR4910727,255299
SRR3143916,346463
SRR8928908,98052
SRR11302530,109
SRR10010378,41504
ERR3842000,1729550
ERR755682,208864
SRR12443352,287832
ERR1374545,16332
ERR1415003,46030
ERR1621583,43910
SRR13176114,689902
ERR202504,7998
SRR7268959,179380
SRR9207189,104314
ERR1821655,22646
SRR9182369,409166
SRR1062353,117743
ERR1427190,1403914
SRR870813,126698
SRR14993677,290969
ERR738236,71468
ERR1757658,20396
SRR13376234,406544
SRR10852225,243883
SRR10393502,28426
SRR3231333,5290552
SRR12469184,246994
SRR13181566,361552
ERR1888384,742976
ERR1252147,15750
ERR1475678,16288
ERR1730640,19844
ERR960362,3212
SRR2050894,211346
ERR1415087,70
ERR1204494,116130
ERR1252137,17190
SRR6025599,261436
ERR1122717,198422
SRR9906817,238704
SRR2138303,113592
SRR10887462,378708
ERR999526,75688
SRR14213375,114829
SRR17183781,44178
SRR10550525,77310
ERR968062,1258
ERR960393,340
ERR670990,69800
ERR853654,49044
ERR1426792,136434
SRR11303318,221
SRR6654352,9629
SRR12436843,93692
SRR10070651,234318
SRR1872725,6608
ERR1427030,703806
ERR667519,50150
ERR1374484,972
SRR3083680,200662
ERR1888522,581110
SRR6654770,13665
ERR657617,132624
ERR780147,98588
SRR16299073,8362
SRR13234657,66521
SRR2567891,91686
SRR18220787,33929
SRR8106501,23330
ERR1621408,57206
ERR1621598,24184
SRR6654317,15788
SRR8706245,1397668
SRR16298995,9850
SRR8784152,1188
ERR960626,23088
SRR6654486,528
SRR6250116,38496
SRR11542115,146014
SRR10151922,95722
SRR8106519,21754
ERR853790,37504
SRR5382050,125671
SRR3381765,291582
ERR411510,32338
SRR10126210,15798
ERR960773,848
SRR6469736,76048
ERR1621511,34730
ERR5056252,70959
SRR6416897,221538
SRR11303082,188
SRR13594976,113804
SRR19641890,555712
SRR1062606,16639
SRR8883874,22288
ERR1620585,168884
ERR738252,94136
SRR1062805,20037
SRR6655280,11705
ERR1442865,16510
SRR17235493,10
ERR738256,89330
ERR1857656,28978
ERR998202,348
ERR2723860,66642
SRR12037448,18077
SRR1609757,99972
SRR1872546,110834
ERR998288,1314
ERR1621646,26354
ERR1857860,6548
SRR2834947,131600
ERR830336,223890
SRR19641863,624328
SRR3381740,469254
SRR12661918,94237
ERR689860,54860
SRR1872966,9734
SRR10126230,29523
ERR1107929,132636
SRR1872083,40508
SRR8928725,140092
ERR958829,24948
ERR1857730,29460
SRR6655076,74881
ERR3841991,1036267
ERR780322,108848
ERR1216473,23270
ERR1215573,40
ERR1475852,14394
ERR1216102,122414
SRR6469052,59990
SRR16299481,36040
SRR6020315,3434014
SRR11302595,70
ERR340752,172816
ERR1218414,203090
ERR1888904,300268
ERR871464,3462
ERR2455365,300222
ERR2154761,86516
ERR2723940,12074
ERR1821604,25168
ERR2723199,10496
SRR13724929,70992
SRR13402904,101864
ERR1373528,19074
ERR667467,42734
SRR12201311,260122
ERR1821664,23394
ERR596626,26002
SRR12436791,580507
ERR1374803,6478
ERR968119,46046
SRR11302354,56
SRR10010353,49348
SRR18516945,22692
ERR1108734,217802
SRR5984242,633140
ERR1426910,870716
SRR12661655,54309
SRR8377214,77994
SRR13938391,76450
SRR1062244,32973
SRR6144820,31012
SRR22018573,742710
ERR999536,340
ERR1889451,292458
SRR9182358,412146
ERR1891714,65198
SRR9708004,142158
SRR12998959,252794
ERR1374563,8822
SRR6268112,27524
ERR1395833,21698
SRR6468985,82486
ERR1108528,285426
ERR3489872,144351
ERR1125028,719058
SRR12661677,365076
ERR1427061,1036462
ERR1620472,228902
ERR1416160,51544
SRR10070760,83852
SRR5893118,12109
ERR1889744,149790
SRR8788708,1713598
SRR1872569,30
ERR1374476,4412
ERR1374607,5096
ERR2723585,152046
SRR6655275,16219
SRR8883788,258778
ERR1251932,13964
SRR13388657,1176100
SRR11302770,136
SRR11909509,663120
SRR14163087,73357
SRR10916830,89468
SRR13593803,75634
ERR1374591,11478
SRR8552573,37222
SRR700536,313365
SRR5921120,205854
ERR960416,1282
ERR1374112,9614
ERR517892,49468
SRR5921073,182669
ERR1888929,426022
SRR16299581,13272
SRR6655192,10910
ERR738266,88940
SRR5443696,54092
SRR17691951,137689
SRR4723026,95755
SRR6818814,292248
SRR7264571,5203944
SRR6289708,71092
SRR15910160,193888
ERR1108752,88572
ERR2723455,111962
SRR15097771,140950
SRR10151852,61196
SRR886447,613147
ERR853700,44418
SRR7268928,110958
ERR1427315,1178086
ERR2723598,158802
ERR492319,64520
ERR925751,36384
SRR5853087,337355
ERR1373541,14974
SRR12661736,40765
SRR11302497,952
ERR1857762,21946
ERR202615,460
ERR998229,598
ERR1373624,56774
SRR1062585,19136
ERR1442841,12590
SRR9198774,5359
ERR1427200,635946
SRR6469646,1308
SRR10070621,166716
SRR9077099,226430
ERR998376,13692
SRR13011478,422588
SRR11302632,70
ERR1888762,168232
ERR2723815,16846
SRR11302965,50
SRR953574,16318
SRR16681976,586110
ERR659852,111260
SRR5855249,256504
ERR7131165,506851
ERR1821830,21918
ERR7131125,542742
ERR716877,101020
SRR1048063,149648
SRR7749247,15396
ERR1889765,172710
SRR10070846,92234
SRR7468687,44454
ERR1427241,1268272
SRR8587701,60132
ERR4321730,86536
SRR870817,170474
SRR3038043,142990
ERR1821891,22448
SRR393003,46254
SRR18885364,560202
ERR1857819,29076
SRR7662084,152479
SRR11856756,481132
ERR1857743,31058
SRR519733,4370532
SRR1872656,16098
SRR7699150,346901
ERR960639,6372
ERR853453,39062
ERR1426805,136866
SRR5810808,994
ERR1407549,27542
SRR12899698,1192002
SRR11214386,706248
SRR2342161,119359
SRR6469540,130374
SRR12194868,262272
SRR13938346,101492
ERR202499,9964
ERR667605,46594
ERR1415241,69480
SRR8802096,182254
SRR12070786,19847632
SRR9966395,709312
ERR1888658,96430
ERR998175,100
SRR11214420,502598
SRR13979038,73742
ERR1216566,35224
SRR7751610,622326
ERR525408,52944
ERR492378,63342
ERR381748,112492
SRR10230311,151848
SRR19761455,278790
SRR13646741,403220
ERR1252236,19424
SRR5520639,270538
SRR22805245,149424
SRR11923002,171008
ERR1475685,34980
ERR2723660,37838
ERR1475516,39858
ERR2723465,93480
ERR1888424,364438
ERR1757404,20888
ERR780326,87348
SRR10070721,166920
SRR8883807,958776
SRR10436022,214264
SRR10126040,18014
SRR6289654,224393
ERR1427148,532990
SRR870939,219716
SRR6268171,62796
ERR1099508,100062
SRR11302468,1002
ERR1888110,85588
SRR959366,28890
ERR999396,100
SRR14270308,3105290
SRR10990399,285312
ERR1108730,422736
SRR11303123,68
ERR1889003,775826
SRR10974030,425172
ERR1442830,9000
ERR1426864,721724
ERR1124702,410778
SRR6176716,126838
ERR1889669,87462
SRR13979030,56326
ERR1858029,31486
SRR22404869,312558
SRR12661628,43683
ERR1216608,117344
SRR17218103,251624
ERR853683,47634
SRR14308854,330928
SRR16905265,423450
ERR1858024,25800
SRR6176706,137922
SRR8485419,44822
SRR11302560,75
SRR997332,720716
SRR6469689,24
ERR1395846,21008
ERR1620414,491534
SRR13693860,512157
SRR6250274,120454
SRR7883084,40528
ERR1414835,85182
ERR959950,70
ERR1692539,55460
ERR718589,108306
SRR6654878,9172
SRR16299136,16707
SRR11427300,326980
SRR11856755,133822
SRR12436829,22482
ERR1888177,172402
SRR1736712,65016
ERR573456,30672
ERR1373371,14290
ERR1108774,104134
ERR1124926,130
ERR7131141,645378
ERR1218492,158578
ERR1067183,376832
SRR1872368,23380
ERR1373695,52656
ERR1395858,35336
SRR10902599,83772
SRR10151877,40342
ERR1099515,156022
SRR11427324,413726
ERR1416087,26608
SRR8787578,114599
ERR1888601,76436
ERR1621546,50600
SRR19641871,480928
SRR8135944,258726
ERR1891721,852
SRR10852224,235282
SRR5893107,98122
SRR7662087,85
SRR6268179,58219
SRR5809486,73270
SRR6268175,80137
SRR15831119,500408
ERR1821967,21446
SRR1872509,345312
SRR372796,168478
ERR1407690,26742
SRR11186481,1563270
ERR667567,47168
ERR2146982,466122
ERR659843,487632
ERR1475807,24916
SRR10126318,7859
ERR1216122,91744
SRR9198957,7175
SRR6268043,33823
ERR998336,30560
SRR21526558,304140
SRR11302673,1186
SRR10222485,383354
ERR959021,7578
ERR959710,8740
SRR6469419,89404
SRR13015643,333886
SRR6250167,95672
SRR392966,35889
SRR6250353,7244
SRR11267521,209938
SRR870758,133045
SRR12037477,8553
ERR959849,12
SRR21420712,200210
SRR12874648,144356
ERR1857688,26476
SRR12436783,60892
SRR10151950,143362
ERR596634,24428
SRR10989900,306690
SRR3159075,106050
ERR926035,276
SRR8135945,254000
SRR5443691,160445
SRR10415533,476136
ERR1888668,53622
ERR1374424,1190
ERR1857610,28736
ERR960149,20938
SRR2567884,126204
ERR999484,68
ERR1821563,23204
SRR12661808,75678
ERR1396966,189140
ERR1427186,651434
ERR1215592,236498
SRR5810880,306
ERR594441,220138
SRR10151921,24732
ERR959901,5890
SRR6469432,57734
ERR1889660,122610
ERR759385,120482
SRR13693854,727300
ERR492364,67058
SRR17604933,214
SRR8106497,23754
SRR11773520,164422
SRR10152010,47538
DRR029941,105134
SRR17413288,66835
ERR1373742,20158
SRR8928742,221026
ERR871459,460
SRR22124137,183614
ERR1205241,1196
ERR1857692,32528
SRR14066777,447451
SRR516123,401305
ERR582920,1596
ERR659940,147280
SRR21966825,190540
SRR11267513,208648
ERR1757372,27134
ERR780061,61914
SRR11603950,333818
SRR10215488,46955
SRR18645023,557610
SRR2567878,112880
SRR14713038,289504
SRR8298675,682854
SRR6654852,19816
SRR5810707,570
SRR8663318,36468900
ERR853570,39630
SRR18927016,554468
SRR10151605,61762
ERR1124854,692014
ERR1216082,125186
ERR968080,54910
ERR1757602,25938
ERR1426861,543436
ERR1730709,27218
ERR340684,95174
SRR5382021,132621
SRR6072783,176169
SRR16705710,682590
SRR8552551,55729
SRR7419893,10564
SRR13234671,65882
ERR3489866,440181
SRR10735842,98027
SRR1555543,5627
SRR8883760,57442
ERR406895,78939
ERR3957798,397342
ERR2146951,389800
SRR3996128,1848
SRR1821839,297794
SRR1647682,254000
ERR960758,2398
ERR853613,45040
SRR1872687,20254
SRR11303261,106
SRR7535438,72365
ERR1889702,81720
SRR7662000,36389
ERR1107895,91386
ERR1757659,25718
SRR6020396,954528
SRR7882027,624322
ERR1427331,785024
SRR11858755,274174
ERR718625,116436
ERR1204436,315116
ERR1252239,19486
SRR6176723,117933
SRR1554482,670326
SRR6469843,409826
SRR6250229,102036
ERR1396905,138538
ERR1252172,23292
SRR7008290,80952
SRR9198873,5706
ERR1205258,156670
SRR11926635,83383
ERR1621638,26800
SRR17218097,429236
DRR051065,1218100
SRR8135952,748
ERR1730603,24304
SRR5893045,657508
ERR1122766,120644
ERR1891711,62482
SRR8991402,152064
SRR22558346,99504
ERR960793,5448
ERR2723753,36484
ERR1427026,843212
ERR5056250,84064
ERR2154664,66142
SRR10151894,65862
ERR1374697,17338
SRR6469719,67726
ERR2723517,95716
SRR5809487,73578
ERR1204317,147832
SRR16148353,269360
SRR10070596,153744
ERR925702,1190
ERR525387,60906
SRR6249996,187472
ERR1107869,224498
SRR12661829,97260
SRR6267984,533612
ERR738296,89424
SRR870771,143246
SRR11186435,247836
SRR10490663,11233
DRR051066,3163708
SRR7886610,1760703
SRR1062299,34906
SRR11302568,227
SRR7410367,236714
SRR6469472,69154
SRR6654429,7423
SRR13376247,367850
ERR1730732,11202
ERR1857805,536
SRR19638122,314710
ERR926039,174
SRR20018675,147454
SRR17831297,227878
ERR1415175,74980
ERR517886,59184
SRR1062737,19562
SRR7008297,76326
SRR7637830,322432
ERR1395891,96
ERR959977,1848
ERR1124727,391532
SRR13115047,1248940
ERR871512,1862
SRR8784484,23461
SRR10151848,105344
ERR1216169,102310
ERR1407628,38160
SRR10735821,233009
ERR1888554,579010
SRR10958335,267131
SRR1872889,32232
ERR1821807,20816
SRR11114801,320504
SRR14077616,176666
SRR11610429,231536
ERR1204599,175082
SRR15048123,489796
SRR7235549,555088
SRR8883783,257629
SRR1872539,28
ERR1426838,129066
SRR8787716,3036
SRR13074866,19087
SRR12269864,23145482
SRR6494612,1504814
SRR7119792,2786984
DRR032731,158040
SRR6250028,44860
SRR9622332,154540
SRR15626597,5238180
SRR6654452,18820
ERR9077195,54234
SRR13697046,1022290
ERR998250,662
SRR18290759,98010
ERR960722,4678
ERR4321726,686878
SRR12070757,31029422
ERR1888959,193842
ERR1858018,28044
SRR7749219,13369
ERR1124674,224846
SRR12661674,383571
SRR12672461,139702
SRR10060617,136010
SRR6654983,5796
SRR12037469,47174
ERR1408811,97670
SRR6908715,20412
SRR516137,58405
ERR959109,6556
SRR10070710,86226
ERR716825,180090
SRR10151991,30094
SRR5382058,122261
ERR340686,1778
ERR1122786,146316
SRR14326883,736364
ERR830358,146882
SRR2180310,173723
SRR6890901,257018
SRR9198646,20879
SRR1265761,551802
SRR7119798,1938014
ERR1099566,161380
ERR659856,103208
ERR1215952,1416
ERR1415044,47352
ERR1396996,14464
ERR1374644,9536
SRR6654392,36636
ERR1107883,245486
SRR1104058,709026
ERR1251920,11700
SRR8286602,205064
ERR959134,9520
ERR1757457,17898
ERR716896,164318
ERR1442746,14042
ERR998192,2834
SRR13616483,750235
SRR9198976,3554
SRR11243181,5466738
ERR2723289,183336
SRR5443681,152476
SRR6020354,2393536
ERR738221,84880
SRR10151862,38150
SRR16299203,10748
ERR232302,1779600
SRR9850669,11608
SRR11302399,805
SRR7268877,85654
ERR6501830,253250
SRR6468805,52836
SRR6890911,261423
SRR14217589,137433
SRR12774360,84250
ERR1252065,14250
ERR517984,121196
ERR960113,1904
SRR6289800,69376
ERR959724,12984
SRR14202114,909365
ERR4568388,173652
ERR492355,49482
SRR1872214,50614
ERR1620459,374592
ERR1889257,146030
SRR2241311,135721
SRR11186456,70082
SRR14703474,21800
ERR3446774,60546
SRR6176744,120977
ERR1124438,307826
ERR1889768,57776
SRR9198757,6076
ERR1821776,22128
SRR15710931,160252
SRR11214453,363722
ERR960480,3610
ERR1415274,75032
ERR1442705,16048
SRR6494601,807550
SRR3742562,39321
ERR1757471,23594
SRR2180299,196679
ERR1426895,761366
SRR8784149,39936
ERR1621537,40890
ERR273831,25238
SRR10040110,251110
SRR3231330,5288018
ERR998333,40676
ERR594425,223366
SRR12661756,45301
ERR1204477,116038
ERR2723908,24556
ERR689834,65908
SRR6655018,10516
SRR1872244,30138
ERR1888163,153940
ERR1757586,19946
ERR959454,986
SRR9849282,154228
SRR13707163,167288
ERR871523,284
SRR9735174,473706
ERR1889334,251902
ERR1442650,9478
ERR1889277,152706
SRR10948647,397396
ERR1374641,7178
ERR1108779,339878
ERR958834,5044
ERR1215879,241930
SRR9875023,21958
SRR22163688,269894
ERR959776,6
SRR8784478,22011
SRR11302629,53
ERR1204242,109310
ERR1108773,150132
ERR517944,69956
ERR1046073,196820
SRR8293711,184198
ERR1888501,301580
SRR6468795,116510
SRR870902,148724
SRR8888285,548702
SRR2138286,81831
ERR960484,45192
ERR2723308,71132
ERR959542,536
ERR1415239,87590
SRR15427701,3943
SRR12125402,46763
ERR1374756,4346
ERR1730786,23786
SRR13998084,614634
ERR2722997,658636
ERR667531,23454
ERR1821764,20532
SRR14428588,196830
SRR10151752,30300
ERR7720651,5603798
SRR9312977,109844
SRR11302699,94
SRR8106316,271768
SRR16195514,76128
SRR8787726,11714
ERR960972,58
SRR6655070,55612
ERR659984,117942
ERR1415153,24262
SRR1872495,54048
SRR1524240,383412
ERR1374445,2194
SRR12469188,229018
SRR16388445,160300
ERR1204554,94246
SRR12070737,25240492
ERR2723566,90556
ERR1204547,129878
SRR11302713,102
SRR13866624,162276
ERR667604,40806
ERR525346,42698
ERR1475792,24154
ERR1888957,105578
ERR1426884,819872
ERR780279,94400
ERR1821883,22294
ERR1821833,24456
SRR7789549,13724
SRR8298673,563024
SRR16299288,5606
SRR12786078,221426
SRR11303074,172
SRR8928930,107414
ERR926020,137244
SRR9022961,496664
ERR596622,49300
SRR12037421,12237
ERR1442775,16396
ERR959076,15646
ERR1204483,131508
ERR4568381,240060
ERR590732,41684
ERR1620474,246094
ERR1889704,32276
SRR11302356,125
ERR960405,1552
SRR12083655,32377978
SRR13238448,1556766
ERR949650,213996
SRR11092489,127711
SRR1871863,6996
SRR11302412,245
SRR8788639,2206450
SRR10070712,108080
ERR1125020,362154
ERR1251960,3108
ERR1107888,233372
ERR1203518,159636
SRR11302827,139
SRR20958395,24470
SRR20869082,57881
SRR8106647,43162
SRR9207185,193184
SRR11080794,280114
ERR1889152,20344
ERR1821526,25312
SRR11214379,418914
ERR2723751,145464
ERR1621590,23216
ERR1374193,2400
SRR6261592,993532
ERR1108742,135122
ERR517846,82234
ERR1426873,568958
ERR1124613,330238
SRR11577254,64663
SRR2239193,353638
ERR2154784,34354
ERR1427221,959444
SRR12661683,291757
ERR780307,87242
SRR998908,28295
ERR960477,2620
ERR1374818,3510
ERR1124984,987094
SRR10151569,52272
ERR1407589,558
SRR870968,90681
SRR6654419,3373
ERR960121,15992
SRR870930,125605
SRR13015589,306706
ERR1215979,116124
SRR870806,33715
SRR10117546,500943
SRR19641891,509606
SRR11090015,54609
ERR1218494,189472
SRR1872345,24612
ERR1442852,12552
ERR1373650,37600
ERR959772,6
SRR10151804,120594
ERR1888111,79988
SRR6908623,13488
ERR853748,59326
SRR16388448,212762
ERR1395845,19620
SRR14703425,38524
SRR11302436,99
SRR11728562,22174
SRR10863051,2991898
SRR5810844,1736
SRR1062619,19120
ERR1888947,513262
ERR1858036,31874
SRR18327319,326022
SRR7662109,14707
DRR224551,436122
SRR13724965,3911814
SRR22018570,3970416
SRR8732837,710666
SRR10836796,361798
ERR1108160,133498
SRR6654909,16242
ERR960499,3660
ERR1122661,169952
SRR4241545,674697
SRR9850649,16524
SRR1062463,31966
SRR16647472,529664
ERR960253,43002
ERR1218348,199230
ERR1108063,147762
SRR12037350,13692
SRR5251441,98353
SRR6468972,51794
SRR6176636,3355594
ERR1374115,3672
ERR145648,6066
ERR1889825,106000
ERR1216573,21074
SRR7410359,199392
ERR1124601,258040
SRR17218094,68223
SRR7904990,180236
ERR1821733,23034
SRR11302482,1179
SRR6250299,92840
SRR2834944,130384
SRR19638112,160154
ERR4910702,208211
SRR11427328,500770
SRR15036075,601395
ERR2722972,21630
SRR6655162,17061
SRR8244079,118712
SRR10126166,11267
ERR925755,1378
SRR10868210,309502
SRR11303333,52
SRR12045002,1264952
SRR13234654,68434
ERR411512,38402
SRR11033785,1702848
SRR11777178,183007
SRR10004189,229670
ERR573420,36764
ERR998097,304
SRR5593155,172323
SRR7662007,47505
SRR6250075,52724
SRR13388660,1123228
ERR1692486,77996
ERR1374448,3512
SRR10070550,155814
SRR6469726,50930
ERR1621490,47570
SRR10550515,112519
SRR8811927,56431
ERR1108224,189964
ERR1373469,24120
SRR7244615,172698
ERR1757526,25544
SRR11302970,91
ERR959687,8144
ERR4902956,334380
ERR1757433,12938
SRR10151944,64452
SRR6469553,182726
SRR6655049,12521
ERR1620592,329754
ERR1374770,3630
SRR11302397,28
SRR11917468,258511
ERR1124538,24836
SRR17282617,462364
ERR1706519,66332
ERR3366000,165328
ERR1889603,196022
ERR1252197,16574
ERR1857965,27812
SRR3923685,114715
SRR7535408,42879
ERR1216155,108598
SRR7008281,82538
SRR8787780,212241
DRR162491,105390
SRR6654646,12690
SRR11926672,888314
SRR6469208,81686
ERR998442,34190
SRR17191196,170780
ERR958926,23118
SRR13979112,2030225
SRR12037328,13574
SRR10126050,8996
SRR17239190,134146
ERR1124904,778216
SRR5822004,145407
SRR1062696,19898
SRR1062255,33685
SRR1872213,22934
SRR21092436,19622
ERR1415385,121438
ERR1407716,122
SRR21034912,213200
SRR17604949,59091
SRR7268867,103828
ERR1816576,21006
SRR2087783,167384
SRR6469050,76214
ERR1107914,104894
ERR1252058,11542
SRR11039811,164285
ERR998151,248
SRR8106523,24640
SRR12661746,45594
SRR1872529,10
ERR1757557,5518
SRR16195494,143628
SRR6507311,15000
SRR8787651,79919
ERR1888657,77312
SRR6890913,232634
SRR7299180,180099
SRR13249630,93973
SRR2541820,113144
ERR1620497,271070
SRR11427208,170192
ERR1475636,44914
SRR21966817,151594
ERR667429,29594
SRR298567,633021
ERR998372,10
SRR1167752,188772
ERR1124458,195114
SRR8928733,146586
ERR273836,115308
SRR6267978,131725
SRR17604954,148816
SRR13839979,265783
SRR13015611,429642
ERR1892088,14304
ERR1475746,33824
ERR659880,67466
SRR6814876,168866
SRR10040127,1141438
SRR8485408,64959
SRR22805215,1202370
SRR7746643,48752
SRR12661536,72281
SRR10434659,2353620
SRR9824999,59083
ERR1757697,22960
SRR14703423,193990
SRR20869094,53078
SRR17968061,400508
ERR1889171,43824
SRR3166936,143024
ERR202569,3804
ERR1397000,1196
ERR1252060,13754
SRR15831127,393574
SRR10393508,17076
SRR10070711,103572
ERR2154658,28504
ERR1252216,18140
ERR1730644,16958
ERR1099409,106308
SRR13332321,270152
SRR11315240,446098
ERR1374753,6868
ERR853736,43672
ERR1046085,102018
SRR7299192,250261
SRR15900243,3367820
SRR6655360,7643
SRR11243180,4613192
ERR1107881,238042
ERR959298,174
SRR11206250,53806
SRR5979253,284890
SRR1872087,33636
ERR10180601,1820662
SRR1872676,17650
SRR19086716,73196
SRR13234613,872742
SRR8485426,59613
SRR4423756,2189210
ERR1410212,58026
ERR959386,4
ERR1889044,110058
SRR10753188,31196
ERR1427308,1264460
ERR998256,43960
SRR12493002,132899
ERR1889357,275974
SRR10366897,523248
ERR959959,1500
ERR959202,168
SRR6655129,45419
ERR998365,31404
SRR11206274,67169
SRR19764252,596358
SRR11196603,353100
SRR8106469,16328
SRR11293502,822208
SRR11577264,86261
SRR2776886,155702
ERR1373575,59434
ERR1730592,18512
ERR145634,159520
SRR8106720,35070
SRR6250342,84660
SRR15036077,435244
DRR162465,55678
SRR6249952,70624
ERR1216105,130442
ERR1427313,1258350
SRR1062653,19378
SRR6469165,87494
SRR12672466,117641
SRR1872318,92
ERR2723915,18658
ERR1218336,165124
SRR3923224,187449
SRR15964626,55139
SRR7905366,4815230
ERR1892067,105824
SRR6654785,22855
ERR2154780,17350
SRR12313626,255526
SRR9198905,18188
SRR17714714,245154
ERR999355,60
ERR1889766,138350
SRR11303067,120
SRR6908710,562460
ERR1888503,528092
SRR870820,175738
SRR3083727,487504
SRR5805894,29083
ERR4029258,675234
ERR1475520,46588
ERR1540897,316420
ERR1730769,28954
ERR1099538,115782
SRR16905259,1283536
SRR6469249,62558
ERR738283,86896
ERR9077201,50489
SRR10862998,3546074
SRR7789615,256
SRR11684030,209608
ERR1857997,28988
SRR6654362,18302
SRR9944753,990258
SRR1872855,25436
ERR1415370,96194
SRR13374849,359922
ERR925752,1666
ERR1408853,78994
ERR4973563,43006
ERR1218453,125020
ERR3957804,360742
SRR10070589,29922
SRR15036083,408676
SRR18124381,161274
ERR1374121,3506
SRR21120217,27438
SRR10735814,153
SRR12661648,54871
SRR6654777,19226
ERR960559,2160
ERR958768,22200
SRR5865384,1287516
SRR11303029,56
SRR3228700,40309
ERR1426846,128552
SRR5921058,477393
ERR949668,188886
SRR1554478,2107995
ERR1407593,23254
ERR411505,60678
SRR18042685,168210
SRR10887506,119198
SRR8526650,204140
ERR1888561,289578
ERR1218498,167478
SRR8383311,10326
ERR959893,434
SRR16298944,14700
ERR1124491,375172
SRR4124042,124760
ERR569531,2598
SRR5443718,51176
ERR1252207,16956
SRR15831099,281528
SRR8485417,37962
SRR9875053,81238
ERR1373609,63674
SRR13780565,304870
SRR4199307,310959
SRR15626590,18818598
ERR1889544,148164
SRR6469043,64330
SRR2417497,158894
SRR10267097,397626
ERR596620,36662
SRR15338444,294212
SRR11427313,354930
ERR2723120,2518
SRR10863009,358610
SRR7410352,225610
SRR11206284,61340
ERR1475704,24306
SRR12103781,374340
ERR1414833,58174
SRR22428431,1610
ERR863497,23936
SRR1062243,32638
ERR1124790,223570
ERR1595112,242464
SRR7905403,2905396
SRR12623493,927881
ERR1414978,70464
ERR1730524,23682
SRR11590425,143232
SRR6655210,9843
ERR959210,6200
SRR6814890,141680
SRR11114786,161828
SRR1872602,36
SRR18181453,256052
SRR038627,103573
ERR667552,77884
SRR10127659,365682
ERR716844,145408
SRR17077507,320833
ERR960653,0
ERR1475649,48342
SRR20283708,60698
SRR13565147,260616
ERR1821784,21686
ERR1621533,56556
ERR697981,67600
SRR6469712,144274
SRR11303043,48
SRR13594984,134374
ERR1415416,99542
SRR1555508,1991
ERR1124942,623222
ERR1122745,220322
SRR3579899,320382
ERR1757693,23738
ERR1888893,207414
SRR12661878,60060
SRR11684031,936288
SRR13565187,3306122
ERR3957803,336252
ERR959816,128
ERR1414969,53678
SRR11033786,44222
ERR958880,32534
ERR998331,312
ERR1888747,102490
ERR737729,125300
SRR10408936,136824
ERR1475546,32434
ERR1374787,2498
SRR11303044,96
SRR8928917,68208
ERR1374277,7422
ERR1408772,338
ERR959419,2822
SRR5113013,520266
SRR1797769,192344
ERR1408815,1496
SRR5921023,313458
ERR1442712,18550
SRR5810791,7590
SRR1872404,37096
ERR959478,31278
SRR16973874,195026
SRR6469610,153178
SRR14139670,322354
ERR1888142,257728
SRR8134459,103792
ERR960314,4336
SRR12037369,18249
SRR8587741,594798
ERR1888309,101472
SRR11303063,140
SRR11577236,31411
SRR16299516,10136
SRR19364726,1656818
SRR12443346,271326
SRR12898818,285820
ERR871384,256426
ERR1858088,30308
ERR1432006,134202
SRR12661767,48011
ERR1757712,22476
SRR6469025,41692
ERR1888990,458636
SRR6020437,9933268
ERR1216545,86402
SRR1872289,29072
SRR1872352,48
ERR1204386,85622
ERR4648698,96360
ERR2723413,54986
ERR959456,354
ERR960856,3062
SRR16604666,468566
SRR9674260,138462
ERR1204350,155720
ERR1396805,104804
SRR11684034,2498652
SRR1062222,21480
ERR697898,56552
SRR5125635,304524
ERR492315,65136
SRR10828000,680962
ERR596606,64260
SRR6250073,114200
SRR1062492,32423
ERR1757725,20598
SRR3381831,268450
SRR11092490,77337
SRR7789534,11601
SRR10117573,221145
ERR1414831,74452
SRR10070657,91360
SRR10126280,15936
SRR10151597,65286
SRR18192272,202082
SRR3083742,348526
SRR12287380,191490
SRR7419845,53774
ERR1730571,23312
ERR1595121,184666
ERR1416162,53916
SRR8526614,349790
ERR1889821,67006
SRR10868201,643710
SRR8883814,674532
SRR6655338,4351
ERR853812,41324
SRR1872421,109740
ERR697993,50478
SRR14217615,110121
SRR6176666,70950
ERR697901,30600
SRR23060056,425194
SRR1872924,25142
SRR6469425,56858
SRR8312804,178705
SRR6025625,30430666
SRR6469082,83380
SRR580565,50
SRR5376366,723564
SRR6289736,89840
ERR1099497,83284
SRR12493023,109134
ERR1373732,23060
SRR17714720,300254
SRR16195510,348656
ERR1427323,950284
SRR6654464,9028
SRR3231342,4208194
ERR1204638,165848
SRR6250219,62278
SRR14139672,338370
SRR1062371,115591
ERR1821488,24322
SRR5398204,221268
ERR1427231,983158
ERR525380,43648
ERR1621666,49098
ERR1252125,16370
SRR1872956,14906
SRR15927793,210050
SRR1872703,21360
SRR12469171,254564
ERR998401,464
SRR6268111,12660
SRR13426331,158274
SRR10070700,300992
ERR1442618,18700
SRR6661148,150387
ERR1107905,118622
ERR1373622,66326
ERR1215547,70
ERR959786,1798
SRR11214394,154535
SRR7154553,45777
ERR1857922,30258
SRR13979039,83090
ERR698022,118878
SRR10903538,1276446
SRR11427464,553894
SRR6268132,39433
SRR2422954,1876796
SRR17745582,836
ERR2146911,423332
SRR10863040,166730
SRR3203073,571584
ERR960903,7392
ERR1857920,6426
ERR9077171,54271
ERR999348,1262
ERR1218460,182870
SRR8106609,33002
SRR12654013,691102
SRR11302856,63
ERR1122788,219964
SRR12933782,158908
SRR12194892,514055
ERR2723922,2130
ERR1218454,116444
ERR1757509,33292
ERR1889269,134070
ERR1858116,30088
ERR1374389,7348
SRR18518541,188107
ERR2304198,449772
ERR1373681,59448
SRR17600929,225258
SRR16299419,15809
ERR492330,76390
SRR1871953,26472
ERR1107923,141992
SRR7789623,10332
ERR1415420,84128
SRR9728750,574882
SRR13759087,81940
SRR8788703,1029414
SRR13234626,368793
ERR202534,170
SRR8883789,570589
SRR16674680,256234
ERR1888779,68658
SRR11302562,1162
SRR6267974,335082
ERR7179895,236654
ERR1888745,76166
ERR2723437,168570
SRR870971,99014
SRR7535428,60490
ERR1124568,452626
SRR11303185,221
SRR12974175,460196
ERR1888753,233012
ERR1415150,28108
SRR6654377,31059
ERR3446757,68416
SRR15413358,887970
ERR1416177,66918
SRR14213382,64028
ERR1757459,8568
SRR15783455,364236
SRR5127989,248671
SRR3655796,155890
ERR959667,3986
ERR1124506,281254
SRR10127674,332062
SRR9198675,12796
ERR960092,9164
ERR959395,2394
ERR596621,54290
SRR6655341,8385
ERR1407557,58
SRR10151628,16064
ERR959010,426
SRR21429713,187234
SRR7801957,693823
SRR18927185,62826
SRR6655024,9342
SRR18927199,50914
SRR1871940,7488
SRR11523565,255116
SRR11590404,124233
SRR15204058,190945
SRR12661688,45452
SRR8286599,1616834
SRR13785102,10299996
ERR1415255,51338
ERR1373477,20214
SRR9067640,1181174
SRR6655060,9252
SRR20002707,194890
SRR1872762,1862
DRR032740,188179
ERR968037,122
SRR12661633,44221
ERR2723117,31152
SRR042430,532
ERR1373763,34634
SRR8106567,57478
ERR1108164,220090
ERR271393,368
SRR7236666,95052
ERR718622,97690
SRR11427257,342450
ERR525396,44858
SRR12661760,39354
ERR1373472,19338
ERR1730802,58820
ERR958756,15966
ERR968086,66672
SRR1872516,99760
ERR871429,89444
ERR1204344,110822
SRR10151940,20398
SRR11303186,32
SRR8787809,1890533
SRR5593157,88482
SRR14217674,128299
ERR1216032,58818
ERR999513,220
SRR8383275,10414
SRR7942636,6038260
SRR5163101,240492
ERR1475806,26678
SRR17239187,280796
ERR2723154,25732
SRR2834984,87196
SRR11206264,51823
SRR11033314,195602
SRR10151958,71254
SRR2145846,139694
SRR6020406,640636
SRR2968459,2229722
SRR6469690,327178
SRR11303096,130
ERR1416056,22366
SRR6250000,34112
ERR780149,151356
SRR8928721,215714
ERR1857809,2436
SRR8787636,19488119
SRR1736701,78640
SRR14679403,205526
SRR9886607,712512
SRR14923990,64203
ERR1889827,77850
SRR7801970,150404
SRR6176741,18077
ERR959610,1458
SRR14217633,111354
ERR1218355,261580
ERR959415,86
SRR13646731,437864
SRR6654714,16872
ERR590737,41746
SRR6289682,76890
SRR6250305,147524
ERR1442896,12640
SRR6469334,68174
ERR1821908,20696
ERR960523,2680
SRR17248539,247046
SRR11033806,93756
SRR7789592,21875
ERR1730493,22468
SRR10863039,937712
ERR958963,10488
ERR659826,57864
ERR596693,21910
SRR11303197,89
SRR2047225,597668
SRR11107235,236893
ERR959323,1888
ERR1730720,26516
SRR14217678,97549
ERR1621349,60736
ERR517855,79138
ERR2723222,76562
ERR1218491,183256
ERR1124446,396198
SRR13115077,2558654
SRR12356841,245776
ERR1816520,37038
ERR1427192,837148
SRR11951231,155024
ERR1396856,3110
ERR960143,4068
ERR2455363,295773
SRR8106595,23226
ERR962899,54730
ERR853785,49208
ERR968072,45178
ERR1108212,210332
ERR999494,118
SRR633552,338158
ERR780043,87678
ERR1442637,12426
SRR10532695,1149694
SRR7468692,60151
SRR10151794,117514
SRR6468898,109188
SRR1062388,111328
SRR9077098,211362
SRR1871885,18606
SRR14567469,378832
ERR1692475,106072
ERR1594709,143320
SRR9849202,314080
ERR998330,1116
SRR11303095,85
ERR657554,94332
ERR968059,290
ERR959751,8648
ERR871542,56
ERR1858139,26830
SRR489484,163390
ERR959931,110
ERR1124776,390708
SRR8928748,220334
SRR1569497,89447
SRR12661538,68905
ERR1107900,112864
SRR6039224,7849908
SRR1872007,19592
ERR659821,49944
SRR11590419,151410
ERR1889513,96814
ERR1124622,293646
ERR1857636,596
ERR1442756,15014
SRR10203906,182408
ERR1218443,195516
SRR7662070,50558
SRR10753192,27322
SRR6469446,61888
SRR6468837,67762
SRR11267514,240742
SRR9608471,1202566
ERR1475617,25936
ERR1889583,63544
ERR1373705,63644
SRR16299312,31770
SRR519719,3580172
SRR7410363,195836
SRR13075148,142960
ERR4321724,65836
SRR5961762,352364
SRR15606836,250732
SRR18214219,80466
SRR12888599,2761911
SRR6469266,85420
SRR8134466,69376
ERR659958,900844
ERR1108082,308786
SRR20651074,302540
ERR1124777,392648
ERR1416035,19486
SRR4734163,118238
ERR3489865,1575256
SRR17400049,175132
ERR667576,55748
SRR12614070,449680
SRR14300248,1951930
SRR10152014,86604
ERR1374625,16550
ERR1205373,412
ERR9077202,48526
SRR10070688,156732
SRR8106708,66778
SRR392971,6335917
SRR7119820,20750
SRR7661992,44915
ERR960161,14
ERR1205302,126
SRR891511,441336
SRR7662102,20355
SRR6655203,5214
ERR4648708,97402
SRR11427395,523686
SRR8833703,145358
SRR13938394,95728
SRR9674341,778573
ERR2723265,774
SRR13039584,90424
SRR11186483,1545196
ERR1621418,85712
SRR6250020,68088
SRR11302890,101
ERR1373752,31966
ERR689858,59004
SRR11303359,317
SRR2180295,238922
SRR5485626,178937
SRR5683306,160376
SRR20002716,118373
SRR6176748,2425993
ERR657564,76240
ERR737746,374
SRR9198864,9335
SRR870976,127209
SRR17219913,5486
ERR1374692,3722
SRR6654493,20746
ERR959263,3522
SRR6469658,143326
SRR14326881,952870
SRR13724975,1696928
ERR1205332,42
SRR19571678,109660
ERR667401,36414
ERR1124732,314722
ERR830338,235156
SRR6654609,15956
SRR15712668,5108
SRR5113030,505552
SRR1555545,4217
SRR13039582,99715
SRR10513902,2662944
SRR14923987,293503
SRR8787644,49442
SRR7613122,1158395
SRR7892038,14382
SRR1872845,20770
ERR1124462,412116
SRR10151633,45880
SRR13234605,869091
ERR1889397,246658
ERR1251948,16848
SRR6908667,359584
SRR13234622,336027
SRR17349046,261124
SRR6654588,16219
SRR12661619,126313
SRR6334842,507794
SRR19897794,356244
SRR8928791,4568
SRR870885,132019
SRR17745597,12250
SRR7662096,13200
SRR17691950,175668
ERR1415137,40042
SRR8106644,34756
ERR1888652,57800
ERR853595,36292
SRR8883850,117440
SRR6469489,42652
ERR1252057,13174
ERR959591,480
ERR569549,1240
SRR6469086,61082
SRR3381800,116646
SRR15424375,1835962
ERR1888299,143290
ERR1107932,150928
ERR1730499,25230
SRR19638156,911596
SRR6469603,150446
ERR4321712,691554
SRR21429710,232324
DRR162469,70866
ERR959521,16
SRR6469577,109430
ERR1889384,153014
SRR8787574,43731
SRR1062625,17956
SRR10153630,405152
ERR1203526,220618
ERR1620506,10
SRR11302432,277
ERR926053,194
SRR13297046,617818
SRR12874638,192504
ERR830279,212384
SRR6469351,66126
SRR12194804,697366
SRR14077617,177198
SRR1265738,345121
ERR871509,126
SRR6654535,16921
ERR2723594,158674
SRR7757830,1388678
ERR1730655,18670
SRR3996122,2500
SRR17282606,510847
DRR162468,48564
SRR15498148,105056
ERR1415072,180
SRR3679551,388302
SRR16195480,102384
SRR19671819,113272
SRR13979025,90784
SRR8106538,33582
SRR1872537,18
ERR998262,326
SRR10150441,1940012
ERR1414899,54116
SRR9674245,123852
SRR14217635,122089
ERR1067173,440296
SRR5952028,712068
SRR11302712,52
SRR11851897,364403
SRR870914,141984
SRR13998193,422544
SRR17745598,14574
ERR8516972,2980826
SRR16195479,63311
ERR1108767,243140
SRR7119872,36270
ERR569554,1270
ERR1215783,90
ERR968111,182
ERR1205318,149078
SRR13979109,2396225
ERR999247,48690
ERR271394,934
SRR6655088,61313
SRR13181519,320732
ERR958759,19178
SRR11033818,65056
SRR12708435,652970
SRR8948492,326442
ERR1730801,19034
SRR14573853,1088198
SRR12070779,22786198
ERR2723486,187136
SRR11305411,335380
SRR6249972,55106
SRR10151730,55988
ERR1892052,156846
ERR960622,4
SRR13565148,397466
SRR5520628,254875
SRR5045896,282347
ERR1204367,92702
ERR1122756,184496
SRR8106617,17416
SRR1062674,8241
ERR1730693,27704
SRR3381833,160074
SRR15321089,454238
SRR19641879,352466
SRR11303012,171
ERR2154681,431534
ERR1757745,17000
SRR11033796,71324
ERR1216130,110088
SRR12661730,80030
SRR13979077,1866892
SRR7236660,5064
SRR15048136,462840
ERR1621387,20350
ERR2723874,30770
ERR1396939,97514
SRR10126151,2920
SRR4457854,156203
ERR949635,157314
SRR19638114,504926
SRR372787,177910
ERR968110,24878
ERR1888711,8366
SRR11040639,327829
ERR492375,53614
SRR1555598,394
ERR1373446,20368
ERR960618,9638
ERR1427345,512280
ERR202610,656
ERR1692630,64754
ERR998193,23596
SRR12708445,513952
SRR2353210,1573711
ERR1204515,71002
ERR1730751,26716
ERR1415208,32118
ERR659956,152916
ERR657571,80130
SRR5921195,422350
SRR12194833,409744
ERR1891695,103426
ERR1857588,29580
SRR12182183,302476
SRR7268917,114646
ERR999352,140
SRR10070850,94168
SRR7268848,101628
SRR14217643,87763
ERR596666,30068
SRR13979089,2010893
SRR13015581,257408
SRR8009942,387724
SRR7661997,55931
ERR7179894,302507
SRR8953735,37630862
ERR659970,86718
ERR1858012,27184
ERR1888528,541034
SRR6469424,2638
SRR6818818,414928
ERR1621681,148
ERR670984,72362
ERR1252264,16154
SRR6654442,163
SRR12774410,282415
SRR11033797,79934
SRR8530756,127299
ERR871547,2422
SRR6469642,123570
ERR1204507,79216
SRR6469344,57614
ERR1204283,178994
ERR477367,36366
SRR11814645,340548
SRR10863053,4136
ERR1857618,28872
SRR6908621,11884
ERR962935,7146
SRR10974115,61298
ERR959143,4504
SRR11302588,394
SRR18220761,70961
SRR2087761,173442
ERR1124629,427152
SRR499867,8640
DRR075398,85179
SRR8732838,475814
SRR15626542,321942
SRR891512,608566
ERR2723854,43298
SRR7419885,29688
SRR8137050,211840
SRR11862876,2173147
ERR1204321,171256
ERR10034072,348198
ERR1397048,46972
SRR13972085,176737
ERR780029,79904
ERR1218378,176234
SRR5006027,2887286
SRR14340356,9236
SRR12055987,59257
SRR13646795,354574
ERR871522,210834
ERR1821692,19466
SRR1062379,114066
ERR1888096,215926
ERR871521,3078
SRR6469016,41878
ERR659991,106518
ERR871362,1708
ERR960663,17462
ERR1395819,67352
ERR1816551,23848
ERR1252169,17894
SRR9861058,477842
SRR1062197,25307
SRR10070752,572238
SRR5163096,237453
SRR13249632,108768
SRR10010380,167302
SRR10070853,131836
ERR1427412,607562
ERR755673,169896
ERR1620464,293546
SRR10010397,73968
ERR596640,26418
SRR6469183,94526
ERR1122772,114858
SRR14240236,289344
SRR11302403,118
SRR6654839,6164
ERR2723150,5518
SRR6020376,15195388
SRR14703430,594878
SRR8106368,22220
SRR14319885,40
SRR8526640,112006
SRR14217706,104149
ERR1442740,9384
ERR1858023,28236
SRR1871971,23294
ERR1415025,124
SRR1609754,229474
ERR5961091,233464
SRR1872625,21442
ERR999281,162710
SRR8914612,1730734
SRR5017064,5578001
ERR1124649,283082
SRR1062565,18300
SRR9198830,5753
SRR5681431,271424
SRR12661723,37284
ERR273868,215184
ERR998160,170
SRR8922966,140372
SRR8106615,11482
ERR2723083,190816
SRR959368,27685
SRR15646749,404500
ERR1889625,117268
ERR999478,96
SRR8928925,10174
SRR11092484,242550
SRR15712674,28544
ERR1218416,231204
ERR1857998,27836
SRR16299057,72773
SRR18063379,380721
SRR870933,124813
SRR870809,146146
ERR1046079,97960
SRR6250048,4696
SRR8784498,13282
SRR5382004,151170
ERR959544,3938
ERR1124524,858602
ERR960576,106
ERR853574,35870
SRR7266719,2862680
ERR1069123,207534
ERR1888934,595072
ERR1821530,20826
SRR6211484,167288
ERR1857948,30008
SRR14693498,275778
SRR19178789,77404
SRR8787765,6567934
ERR1252106,17716
SRR14240234,232762
ERR1475799,25400
ERR1414900,68420
ERR1892051,109992
SRR17723106,936052
ERR1889512,13504
ERR2723553,19854
SRR21773952,88460
SRR5113014,437180
ERR1216093,116458
ERR1858102,29340
SRR17007609,2318497
ERR871378,3100
SRR8883782,320565
SRR12653999,293068
ERR1107927,138650
ERR718656,75444
ERR590754,43826
SRR11302479,68
ERR959006,12716
ERR780321,767970
SRR10151739,45588
ERR582873,1426
SRR6469663,56180
ERR596631,24354
SRR7789554,12190
SRR11302476,265
SRR6654407,23323
ERR1108744,203288
SRR11186426,566928
ERR1397004,584
SRR3381854,149938
ERR1415373,78276
SRR3381845,388650
SRR870922,54993
SRR6469499,113862
SRR870876,152433
SRR16299554,12155
ERR1821734,21782
SRR6250037,63502
SRR3038048,2905
SRR10887504,207386
ERR1621430,30878
SRR12661618,126557
ERR1475639,35178
ERR1889247,75346
SRR8883800,165198
SRR5979255,356276
ERR1821756,20026
SRR6654498,410
SRR1062354,117346
ERR1889353,129914
ERR3838742,902964
SRR12876834,737340
ERR1373772,46470
SRR6655113,52623
ERR1216388,423990
ERR960597,51522
SRR10974081,173480
ERR10047716,264570
SRR10070613,29832
SRR1797748,76684
ERR517921,73870
ERR1757549,25798
SRR870934,135013
ERR977577,568884
ERR871440,2764
SRR5483546,303256
ERR202525,6732
SRR6654576,32559
SRR19387522,583850
SRR11577272,102467
SRR10040082,774794
SRR7268927,111420
SRR6825148,351914
SRR6654872,7735
SRR10532696,1364982
SRR5382027,121156
SRR6655217,5324
ERR1888265,44392
ERR1215785,206
ERR1475810,28960
SRR6469775,330912
SRR10126136,7973
ERR998246,374
ERR1374842,4852
ERR1108078,110624
SRR16574816,303274
ERR1216668,16698
SRR2968440,1282732
ERR1205417,52
ERR1857659,548
ERR7131136,850542
ERR1414963,52706
SRR13234678,876530
SRR13437205,186171
SRR11214375,849704
ERR1252023,15154
SRR20869077,64628
ERR1407681,64
SRR13447013,199894
SRR8106332,426708
SRR3086888,143427
SRR12661810,70819
ERR853643,46846
ERR718614,112098
SRR1872478,36
SRR5817918,2098217
SRR516551,162
SRR14428549,172421
SRR10230314,251353
SRR5494314,744222
ERR9077178,59558
SRR1821807,256143
SRR5810912,212
SRR6215420,288982
SRR1872005,22584
SRR11186445,1433532
SRR11302811,91
ERR10047710,210756
SRR5810866,584
SRR10010374,89830
ERR411517,142958
ERR1821940,21720
ERR999469,80
ERR1108741,223160
SRR13242460,239987
SRR10323901,790600
SRR10058769,254914
ERR780056,68222
SRR11267523,293078
SRR21966430,235636
SRR9198763,7839
SRR12661632,44469
SRR14703439,407230
SRR363983,45474
ERR959199,6088
SRR1555495,2018
SRR14163086,92376
SRR17219921,8209
ERR1892040,84086
ERR1407535,910
ERR1108801,145866
SRR6469402,438
SRR5443693,48748
SRR9141307,80251
ERR1431993,40570
ERR1730694,30462
SRR8883749,106590
SRR5921038,272001
SRR8928964,506906
SRR2968434,1285062
SRR6261593,741760
ERR1889519,77074
SRR19661792,1585846
SRR6469283,55284
SRR13972068,71070
ERR1857778,3496
ERR1215860,38
SRR2433795,127777
SRR1531477,1812948
SRR12436825,39304
SRR1531478,50852
SRR16378895,323622
ERR697892,42946
DRR162476,48976
SRR13970399,453284
ERR2723386,117302
SRR3083713,830442
ERR780098,108944
ERR1395915,120516
ERR517924,57520
ERR1215678,26
SRR8787652,43897
ERR2154797,11986
SRR11590421,162899
SRR870764,160121
ERR1107935,168748
SRR8787654,223052
ERR657573,85874
SRR14551652,2880306
SRR1872250,21322
ERR1373620,69888
SRR6655073,29341
SRR12023709,239244
ERR1408847,89274
ERR853608,66032
ERR1410214,117202
SRR3228715,148056
ERR1888460,503802
ERR1108509,312684
ERR1888365,740938
SRR10117592,24000
SRR10728574,289176
SRR22129130,1290768
SRR6039691,1041531
ERR871343,180666
SRR1555526,927
SRR9849258,346268
ERR1218452,215760
ERR1099481,62268
ERR1857627,28396
SRR7268895,115570
SRR3159080,181798
SRR14993686,164470
ERR1888488,489872
ERR871450,1218
ERR959115,2110
SRR11302641,52
SRR7905405,3489382
ERR1410111,451596
SRR7119804,764814
SRR1872601,52
SRR11214438,415800
ERR1889193,35714
SRR11267494,196358
SRR12037352,11616
SRR7641836,1422076
ERR7179904,267027
SRR1821823,203380
ERR998231,50770
SRR13839965,103238
ERR594449,220186
SRR6020426,539038
ERR960613,4938
SRR12672451,123990
SRR2392487,1840346
ERR2723236,154
SRR8647259,422924
ERR1252078,12704
SRR20218332,316976
SRR1872781,27886
SRR14075702,285520
ERR670994,73464
SRR998892,29472
SRR9693179,482916
ERR960671,4
ERR657604,69408
ERR737742,84992
ERR1099516,140076
SRR9182360,369150
SRR5810775,766
SRR6654564,14074
ERR1124699,388
ERR1426786,125290
ERR1416118,52120
ERR999521,44908
ERR854820,88590
SRR8883869,207236
SRR9198914,25235
ERR830314,216006
ERR1374806,5076
SRR10974033,137926
ERR1416065,26172
SRR6268157,218114
ERR780143,133022
SRR21966807,285616
SRR17604955,147664
SRR870874,148904
ERR517918,68440
SRR9622313,112351
ERR3838734,125512
SRR10887556,365100
ERR998419,3436
SRR7268881,82370
ERR1889652,81098
SRR11303158,20
SRR12037329,18359
SRR9198993,10527
ERR2723131,74302
ERR960849,9094
ERR1442765,14848
SRR6469438,52168
ERR582905,1594
SRR11302308,123
SRR11303204,72
ERR871515,246514
SRR11862882,1691811
SRR13417610,452074
SRR18042682,175332
SRR10126306,16699
ERR1888760,118056
SRR11302922,60
DRR189380,179857
SRR2982512,308743
DRR334974,864634
SRR12008031,588886
ERR999530,67112
ERR716726,63196
SRR8106594,32488
SRR5837502,288736
SRR13234631,192583
ERR1888966,160132
ERR1373555,32680
ERR1216716,108726
ERR596644,27340
SRR9050626,252956
ERR1204472,110824
ERR960733,3404
SRR870773,139482
ERR1620419,387980
SRR8787649,27775
SRR15831102,340960
SRR1872713,14436
SRR11862833,98547
ERR1427177,723954
SRR13181577,340250
ERR958769,7408
SRR2087768,165076
SRR10990417,115536
SRR8868541,483056
SRR11206253,56092
SRR10040119,333590
ERR1216689,28506
ERR1407586,160
SRR13447019,249569
ERR1415445,83680
ERR1889218,3700
SRR22805209,783986
SRR13181543,338922
SRR352483,69003
SRR10151653,47166
SRR11856745,157072
ERR1475538,41136
SRR10010355,74100
ERR830302,174682
SRR10974009,78174
SRR6289753,83804
SRR8802095,218571
SRR7419844,10076
SRR6654618,12544
SRR11302281,88
SRR8293710,174230
ERR517974,107720
ERR959407,0
SRR10070553,549044
SRR14703447,29752
SRR5593165,244539
ERR3266383,25782
SRR10887449,437604
ERR1621655,42410
ERR1205385,201154
SRR7662072,86111
ERR1888533,611530
SRR9844305,855564
SRR15600959,72218
ERR1069085,422258
SRR3083733,173008
ERR1374759,4720
ERR959993,202
SRR6261591,499337
ERR1215538,182104
SRR1569492,113390
ERR340688,4082
SRR12661539,75683
SRR7789556,9313
SRR6469119,130578
ERR1857777,28324
SRR8928807,3748
SRR7613121,350774
ERR1205327,234
SRR8787585,56458
ERR596679,22102
SRR1872245,22470
ERR1204247,124810
ERR8058375,277658
SRR14679410,375076
ERR1888898,651458
SRR14923978,82985
SRR9966396,766828
SRR6655002,47119
ERR667592,6018870
DRR334963,4041798
SRR1872701,20668
SRR10863002,153842
ERR1889383,240172
SRR16299295,14775
ERR1252102,17676
SRR7612991,291742
ERR853680,55702
SRR18927003,545932
ERR737770,113676
SRR7751608,261306
ERR716876,91236
ERR1373704,57834
SRR6468969,54524
SRR10550577,47380
ERR1821630,21974
SRR6655135,990
SRR6176735,91928
SRR12774369,91896
SRR7410410,140246
ERR1692494,99580
ERR2723259,9780
SRR9198883,19398
ERR1888342,182408
SRR6654748,11152
ERR1475832,47840
ERR657608,87592
SRR835152,24565
SRR8417671,197313
SRR6250025,59574
ERR1857951,30506
SRR13979096,2045243
SRR9906839,134252
SRR11214433,514516
SRR10199501,230218
SRR8106424,60224
SRR13091262,273448
SRR12554280,1275044
SRR7119789,1198534
SRR4050164,528642
SRR11728561,22722
SRR1611971,65471
SRR11427453,92724
ERR968101,386
ERR4321715,757854
SRR836194,320393
ERR1427354,812160
SRR22018584,1131632
SRR6654760,14732
ERR1374292,13994
SRR10393516,2747
SRR8928781,307638
SRR5312202,124927
SRR7989640,3051370
SRR12037376,17415
ERR962957,44736
SRR17604943,1380272
SRR23085084,222664
ERR659864,130422
ERR757852,189536
SRR6469753,76758
ERR960914,22
SRR10070586,532344
ERR1215788,206886
SRR3536477,457246
SRR19762959,176293
SRR1039879,855565
SRR1790101,320452
ERR1124593,344626
SRR22129123,960294
SRR13528201,884578
SRR3679508,4795860
SRR10125996,13897
SRR1872433,58
ERR1204408,125708
ERR667421,45774
ERR958950,114
ERR1888115,95426
SRR5810722,578
SRR959350,33811
SRR3231343,4823656
SRR14915990,107462
SRR6268188,106922
SRR5979256,264975
SRR17413277,107361
SRR20958398,23270
ERR7131150,440374
ERR3301005,324668
ERR273845,4222938
SRR12493024,114992
ERR1216446,73890
ERR659902,109356
ERR1821901,27212
ERR1415267,65928
SRR12194810,702186
ERR1816513,17818
ERR759364,175266
SRR13594953,5284
SRR11926656,795336
ERR1889164,62154
ERR1215958,103774
SRR17219967,6049
SRR6020326,706082
SRR12037497,19964
ERR1069115,240696
ERR999505,44354
ERR959698,6188
SRR1872451,44
SRR1872036,9402
SRR14233942,229922
SRR11303110,60
SRR16299127,24456
ERR1692592,51396
ERR1426885,536188
SRR6654926,9851
SRR6654698,11104
SRR17235494,10
ERR1857579,27510
SRR8883706,162572
ERR716741,66538
SRR12493008,100704
SRR13115072,627158
ERR1891717,58536
ERR1251994,22136
SRR14066775,119176
ERR659978,153572
SRR16299405,14607
SRR10990392,280140
ERR871420,106014
SRR1648856,1755012
SRR13269774,193766
ERR2723767,23662
SRR5507579,281020
SRR13724964,3721882
SRR6655038,6668
SRR5382064,132582
ERR659946,116116
ERR1374587,11654
SRR6468921,54434
ERR1374222,10760
SRR6003529,193850
ERR2723266,64464
SRR5017073,5283365
SRR10887535,209064
SRR11302571,173
ERR1888170,194442
SRR9674315,131012
SRR13075144,80502
SRR5921078,99367
ERR10047711,266750
SRR13724962,1367656
ERR1757618,12848
SRR12160591,215302
ERR1218358,115974
SRR19761457,146922
SRR18788798,205680
ERR1621491,65192
SRR6469434,57390
ERR2723027,101802
SRR8106688,34742
SRR21966828,167566
ERR960386,2330
ERR697845,36262
SRR15036060,414301
ERR999420,582
SRR5810882,634
ERR925714,390
SRR519736,3772206
ERR594436,202444
SRR10151912,52840
SRR5520638,246522
ERR659828,67676
SRR12492989,112669
ERR1373665,52494
SRR10126098,25038
SRR2240748,108134
ERR1889223,49724
ERR467069,166522
SRR17723099,453738
ERR1889783,7584
SRR11519055,131515
SRR1872792,16744
ERR926052,342
ERR2724005,90144
SRR10151563,43244
SRR16299128,14758
SRR7905378,1665680
ERR853693,51928
SRR5127974,118548
SRR11282030,350123
ERR968038,30964
ERR1373532,24814
SRR6890898,198273
ERR4140030,220871
SRR7813751,559896
SRR2968464,817230
SRR9199013,6590
SRR14295680,343342
SRR9962808,4661174
ERR1889369,170728
ERR1124801,370038
SRR12037491,13248
ERR1252188,19046
SRR6469490,79948
ERR1108056,235520
SRR16299353,17234
SRR10408943,126553
ERR738276,86532
ERR958874,31902
ERR959734,21128
ERR1069088,427936
SRR8867577,273524
ERR1889027,156978
SRR9336427,14581920
SRR5984239,334678
ERR716888,134004
ERR1442771,16990
ERR998304,26264
ERR958822,28026
SRR6654488,14500
ERR1216591,38790
ERR1888878,344042
ERR1122814,119964
SRR8106658,31444
ERR1427281,874084
SRR5810686,1356
SRR5017062,3744209
ERR1374758,10224
SRR7661982,111386
ERR697846,43050
SRR21773956,123477
SRR8883871,70612
ERR1889854,58370
SRR14428550,182215
ERR1889261,115418
SRR10151892,42814
ERR1857783,29208
SRR10126274,60565
ERR1889818,82554
SRR959365,34462
SRR6655119,147060
ERR925707,248
SRR14217623,106631
ERR871350,168
ERR1442721,16180
ERR2723695,520806
ERR1427336,820290
SRR10204637,828396
ERR1395920,112996
ERR1374743,14122
ERR1888750,132794
ERR1374241,7316
SRR21218378,6828827
SRR6908688,21606
ERR1373419,20242
SRR4026154,1012862
ERR1426947,967028
SRR19430241,304189
SRR6268076,49240
SRR18885357,456592
SRR13181552,436344
SRR15338445,298930
SRR6652901,1351508
ERR1374468,4248
SRR14326891,33856
SRR9198791,9230
SRR14428554,133181
ERR960764,2
ERR959443,894
ERR999517,158
ERR1251909,12804
ERR1889543,94892
ERR1373569,25446
SRR11114787,54738
ERR1415165,64942
SRR19897788,358128
SRR6469651,131646
SRR1062535,32136
SRR11303108,17
ERR1203524,225520
ERR1889014,125072
SRR5810822,2398
ERR959733,3818
ERR1891683,58242
ERR1108137,167208
SRR6468875,84986
SRR10040066,1007024
ERR1857720,31190
ERR1124966,425870
ERR718613,129934
SRR8883822,66138
SRR11303287,1057
SRR12313638,163124
SRR17547523,43806
SRR2968454,562484
SRR5044692,193309
SRR15036071,978502
ERR959135,5880
SRR2567888,53818
SRR959333,66144
SRR10151637,71248
SRR6469534,89026
SRR6020306,1661858
ERR1858129,34092
ERR1396806,1
SRR11302410,101
SRR10974083,133266
ERR1888129,56598
ERR1621497,54448
SRR18056679,344334
SRR7662030,25636
SRR3381725,162824
SRR7419819,394331
SRR1555528,3903
ERR9077188,54990
SRR6469076,47802
SRR7662113,10280
SRR13074834,33926
SRR7419868,28284
SRR17077495,380938
ERR1294277,56809
SRR5342789,376076
SRR6654769,21030
SRR6289817,74558
ERR1374146,2650
ERR1410219,112780
SRR22747852,234522
ERR1122845,65674
SRR11577262,45711
SRR19762944,161353
SRR8244091,159163
ERR1216309,81936
SRR1062233,59626
SRR11186411,339290
SRR9198775,6717
SRR6468881,80866
ERR960579,29834
SRR776507,76180
ERR1888380,492654
SRR6020402,2230192
SRR9312991,106820
SRR9849237,228280
ERR1858047,28670
SRR15204070,192099
SRR11699730,174443
SRR21034907,225690
SRR18192299,260782
SRR12899695,223754
ERR1427147,330692
ERR1889399,158944
ERR1216590,25266
SRR1039573,1256816
SRR11302946,318
SRR6654480,14890
ERR960155,4
ERR1216534,88092
ERR4910323,240541
SRR6655020,8237
ERR1757639,15544
SRR10152009,79690
ERR1205256,194978
SRR13234663,73436
SRR8526632,287906
SRR7909915,261634
SRR1794626,151700
SRR3381777,326406
ERR492290,28324
ERR1857956,26466
ERR1407583,116
SRR8883693,43328
ERR569537,1866
SRR8456908,753700
ERR1888168,185396
SRR7662054,23797
ERR1621671,22076
SRR1647684,282023
ERR999386,112
SRR1872119,33306
ERR853556,60800
SRR17183783,45599
SRR11090030,54376
ERR1216547,29612
SRR17218112,325176
ERR998404,39210
ERR1204351,125946
ERR2723812,189384
SRR1062265,540182
SRR6654632,18329
SRR6250311,108274
SRR3166948,18432
ERR871586,1012
ERR2723136,66024
ERR3365995,126788
SRR2138297,110967
SRR6176641,2665770
SRR6654406,29425
ERR755691,202936
SRR8071439,559498
ERR853724,62272
ERR999512,34014
SRR6469164,68518
SRR7268819,121486
SRR1519896,20642
SRR578912,97639
ERR1216163,142112
ERR517991,97960
SRR5810812,1340
SRR14233946,231030
ERR1252205,19260
SRR11542096,154265
SRR12354655,199950
SRR12661533,76450
SRR7419825,283317
ERR1427015,905326
SRR1872414,54700
SRR1062765,121705
SRR10990405,620128
ERR962978,346
SRR16195495,114506
SRR1872879,33122
ERR1889342,146770
ERR1620508,168606
SRR3381771,164050
ERR999421,62250
ERR2723243,31172
SRR3932172,204088
ERR202595,209112
ERR1069068,136100
SRR9849213,246514
ERR7131146,363398
ERR1816540,23020
SRR11302521,1217
SRR6654453,7058
SRR8883699,191330
SRR10126333,21350
SRR13780567,288894
SRR3381724,276766
ERR959500,90
ERR1252263,15920
ERR718649,54948
SRR16674685,225376
ERR1122663,179368
SRR21831674,662976
SRR5115715,196476
SRR13646755,586724
SRR9849223,346830
SRR10126163,10128
SRR1872299,53978
ERR657624,105056
SRR1342219,216184
SRR7662083,52242
ERR667581,29728
SRR15691875,64362
SRR22558344,172052
SRR12191837,316418
ERR1443965,368088
ERR949653,1000
SRR5961761,180568
ERR1373417,22822
SRR5127977,128018
ERR202592,562
SRR1872554,64
SRR6176653,7131538
SRR10974120,69988
SRR7008283,36502
ERR1888494,660510
SRR7419878,26806
ERR2723346,299676
SRR2057603,494001
ERR998407,37466
SRR22825761,13290762
SRR6327870,207440
SRR1062267,525245
SRR18745504,1960488
SRR9875049,45252
ERR1889676,237086
ERR1730673,30522
ERR959026,12714
ERR1475808,31928
SRR22805250,399184
SRR870854,122293
SRR12037400,18120
ERR1757537,7380
SRR4723022,83727
SRR10887524,250914
ERR1204282,194990
SRR16298950,16369
SRR11869104,44776
SRR3679550,468368
SRR15048137,130338
SRR1872543,114614
ERR960670,6684
ERR1857825,698
SRR6654451,5617
ERR1816514,23018
ERR1692527,53712
ERR854798,207408
SRR6250124,106664
ERR1216607,106494
SRR6039673,369294
SRR6469683,117818
SRR6654262,22701
SRR15600949,484396
SRR12661768,60193
ERR716740,58744
SRR10126263,9060
ERR1620576,292078
SRR6250177,171082
ERR1373387,23996
SRR1872051,30056
SRR11303017,85
SRR5125626,272584
ERR1216705,87886
ERR1124487,415888
ERR1410117,39216
SRR11427251,359574
SRR15390209,2241288
SRR6039231,21328180
SRR14240235,203781
ERR2723039,37330
SRR6654335,6534
SRR22825758,15116538
ERR659921,135208
SRR7662110,1109
SRR13796900,1968722
SRR6469659,139008
SRR6655327,7857
SRR7662077,49060
ERR1621469,35302
SRR6298095,299022
ERR1730811,21274
SRR8312793,179116
SRR10527610,791662
SRR7154535,38426
ERR716906,149210
SRR5810752,1604
SRR10902872,4493584
SRR6289717,73558
SRR15831090,239522
SRR835153,33916
ERR1395823,40804
SRR1062402,26099
SRR6020438,7850012
SRR9962814,4856880
SRR10126128,18433
ERR1414837,79726
SRR10126187,28713
ERR5056249,82541
SRR870931,155508
ERR1215862,36
ERR667407,35966
SRR10117524,228525
ERR1396851,23764
SRR13160659,309592
ERR525398,56814
ERR1595118,198862
SRR8417672,175389
SRR1524239,964580
ERR959129,678
SRR12194962,741450
SRR6469686,91808
ERR1889517,47090
ERR1108125,185902
SRR7419887,11334
ERR1099470,148496
SRR12469182,204180
SRR6176709,131569
ERR582909,1792
SRR7410397,113286
ERR1475801,38516
ERR1374137,1332
SRR11035188,502826
SRR21526551,409108
SRR13706182,223192
ERR871503,230
SRR1872598,134692
SRR10126154,7594
ERR1373630,54254
ERR1888157,158128
SRR9312997,120102
SRR1609737,156688
SRR8135931,24604
ERR999229,70098
SRR6654675,15213
SRR9141302,66589
ERR1857802,29448
SRR10887547,501536
ERR1442788,13370
SRR1872224,13014
SRR3166950,85064
SRR12070800,11794904
SRR6237737,141844
ERR1427238,194632
ERR1415071,1036
ERR1099436,319950
ERR1858118,25808
SRR13149765,588192
ERR1442579,412
ERR2723206,26546
SRR6655277,3892
SRR3371418,630170
SRR8948494,245894
ERR1888991,196158
ERR959093,3750
SRR17299067,322792
SRR15101310,4061109
SRR1562528,105316
SRR6469495,77396
ERR1108169,145436
SRR13181556,305774
SRR13674934,1231810
SRR15662002,178387
SRR8787757,151093
SRR7468679,50442
SRR6308292,173002
ERR960455,25802
ERR1374795,5250
ERR963157,39214
ERR582884,298
ERR517954,59842
SRR12974164,446768
ERR1205393,42
SRR11610434,204570
ERR1757603,21518
SRR18267567,234116
ERR1621433,41276
SRR1872864,11708
ERR1889514,106760
SRR6468822,176406
SRR10199494,195270
SRR10070724,369766
SRR12971784,1062718
ERR1407621,18328
ERR1888108,50632
ERR689799,82236
ERR2723176,48034
ERR1216311,183542
ERR667582,2203818
ERR1889754,170974
SRR9198979,8728
SRR1167758,180250
SRR10070628,16030
ERR1857584,32454
SRR7699094,102650
ERR596655,20992
ERR7131127,259016
SRR8587735,540932
SRR12371370,229154
SRR11427349,575116
ERR1124710,345134
ERR949690,1948
SRR13015654,539946
SRR6654507,5769
ERR959769,2264
ERR716847,177984
SRR14233944,299430
SRR1872906,27238
SRR16299354,10570
SRR14217681,84281
ERR1373549,22710
SRR831692,2840
SRR15321086,356792
ERR871446,4780
ERR960217,3570
SRR10735835,132741
ERR596710,30774
ERR1427243,854158
SRR2138296,110463
SRR14217705,98073
SRR11140711,183957
ERR1475484,31768
SRR9674259,134856
ERR1395841,26756
SRR8106344,176642
ERR232293,18130
SRR8135929,182052
SRR16299321,102827
SRR7904994,254720
SRR11302670,113
SRR1872357,235370
SRR9198740,13487
SRR10611685,4570034
ERR1857863,870
ERR2154819,1802
ERR1888930,671334
SRR13115084,2107612
ERR959720,258
ERR1857796,652
ERR958848,22032
SRR12436807,127352
SRR7299181,179852
ERR1216190,108306
ERR1416095,27814
ERR968045,212
SRR6468873,129204
ERR1821885,24360
SRR12661547,61414
SRR13594968,23502
SRR8591744,1255078
ERR1427233,765548
SRR13528203,1347756
ERR958860,22960
SRR9674269,124906
SRR8928770,277552
SRR6250162,23398
SRR10040107,498362
SRR4116049,2480794
SRR6655287,4792
ERR999459,74
SRR3498289,2103135
ERR1415376,83794
SRR6654639,8147
ERR1621569,62880
SRR3231284,2136990
ERR998427,39786
SRR11773514,817244
ERR959308,662
ERR2723601,18124
SRR9735182,570162
SRR14923988,268342
SRR1872033,21854
SRR6655172,22314
ERR1426808,210926
ERR1099415,78040
ERR1821689,22716
SRR13360756,158856
ERR1374851,1928
SRR17400044,172454
SRR13796911,4176848
SRR17547516,26905
ERR1888106,62998
SRR19641870,1007738
ERR1216031,101942
SRR5810701,1010
SRR9198744,6195
SRR6250152,62434
ERR273867,146934
SRR22747861,228370
ERR1442691,11252
SRR12340121,673248
SRR9822878,1397938
SRR12661676,457604
SRR11302554,399
SRR10126167,8569
SRR1062588,18129
SRR11302377,27
SRR8787634,6826609
ERR959463,7468
SRR7662098,15214
SRR8305612,36794
ERR1099404,105506
SRR10126130,16263
SRR3679552,406990
ERR1374382,5276
ERR1252118,15118
SRR1714469,1580862
SRR10040076,1324976
ERR1122684,217132
ERR1857930,26082
SRR7902423,58864
SRR3420304,2485654
SRR9850652,15152
SRR12661551,74706
SRR1872911,56274
SRR1785161,323543
ERR1426907,713928
SRR5893162,1134730
SRR12037411,19794
ERR1621470,51796
SRR11206282,68572
ERR1216096,103898
SRR14923997,98465
ERR1216702,127144
ERR1889094,153878
ERR1427409,714922
ERR4968943,190545
ERR960986,688
ERR1442630,14276
ERR232356,7800
ERR4029235,166704
ERR960439,104
ERR716868,157466
ERR963191,26086
SRR658538,424558
ERR1821796,20562
ERR2723661,104822
SRR6469368,110090
ERR449269,33326
ERR963121,460
ERR4968942,214359
SRR7905391,257998
SRR4469349,69630
SRR16148351,279520
ERR596672,29656
SRR9596462,359350
SRR11303301,151
SRR6289763,69512
SRR3169298,662324
SRR7891987,165124
ERR2146947,623974
SRR3166949,283560
ERR1124987,764736
ERR1442793,17194
ERR759370,218322
SRR12974165,466402
SRR14217699,96391
ERR1415180,116580
ERR998159,152
SRR1265739,316908
SRR8883795,529208
SRR3932204,192274
ERR1397083,52930
SRR7789613,576
ERR960137,7490
SRR22272448,305394
ERR1415229,52980
SRR11303274,549
SRR8928830,16370
SRR1871860,15110
SRR9198688,24185
SRR10423788,345522
SRR6469240,124906
ERR1216503,97078
ERR780306,114558
SRR17691936,227188
SRR15036076,467994
ERR1395885,31524
ERR1426824,182634
SRR1872521,86
SRR16681980,154658
SRR1791572,91954
SRR1872172,33086
ERR1407701,25650
SRR12492965,95631
SRR3195594,1580606
SRR1524247,436650
ERR2723539,6224
SRR11303032,52
SRR10117518,181836
ERR3266372,27649
ERR1396943,1934
ERR1442864,16690
ERR1475587,23076
SRR3083699,1234526
ERR1408802,3492
SRR9875021,107192
SRR13789081,1125752
SRR9198826,4770
SRR18192293,257430
ERR1396921,165136
ERR830362,197256
ERR959154,2818
SRR10323883,1502232
SRR4242432,1414065
SRR5687196,12382
SRR392985,103904
ERR1374647,3104
SRR5482150,853809
SRR12661526,23527
SRR13646802,346124
SRR12610269,168183
SRR13759099,80170
ERR1204267,139752
SRR13565140,269662
ERR958793,14574
SRR19671818,144516
ERR2723944,95198
SRR1872764,23986
SRR18267559,228944
SRR2180306,119590
SRR1872634,16990
ERR1816569,20946
SRR580561,92538
SRR5979258,333734
SRR1732702,72082
SRR9198685,54214
SRR5822002,154690
ERR1373540,18638
SRR15338439,310974
SRR6268189,3622062
SRR6654830,27881
ERR1442598,15446
ERR1889010,160746
SRR1872400,27928
SRR8883770,6080
SRR12764350,394208
ERR1889004,222930
ERR780152,124376
SRR6469318,63902
SRR8106422,47552
ERR590735,43466
ERR667484,36552
ERR984494,72814
SRR13181574,395760
SRR17723109,1172122
SRR6289704,83304
SRR959313,112068
SRR1872594,71012
SRR1872506,54
SRR18192275,119820
ERR492317,78514
ERR582891,190
SRR9674295,111252
SRR870859,127499
ERR1204354,132382
SRR8106643,51258
ERR1069100,659122
SRR9325686,223670
ERR449273,80020
SRR6468883,88010
ERR1757567,21692
SRR6654604,15133
ERR590779,30768
SRR8135956,192798
SRR7235518,119432
SRR1062630,18521
SRR7419892,29430
SRR959314,109440
ERR2723123,13924
SRR6268200,563230
ERR1475833,35340
SRR17547522,44065
SRR10010391,80878
SRR3179606,308632
SRR1872355,44
ERR1374705,7192
SRR1872922,27462
SRR9207190,103078
SRR6654927,6728
SRR22428432,14252
SRR6468830,75590
ERR1889168,12750
ERR1888981,134916
SRR5893060,645277
ERR1252030,12470
SRR15606837,852188
SRR6908627,33364
SRR2982514,209525
ERR1730701,20208
ERR273895,114848
SRR6469792,20888
SRR8106516,38660
ERR1215996,141432
SRR6908653,419324
ERR1107897,73616
ERR1432013,201168
SRR7662066,84459
SRR8883837,75802
SRR5605447,157452
ERR853519,49658
SRR6654729,7801
ERR1620431,204826
ERR1373399,24266
SRR7662160,21443
ERR2723085,154324
SRR12070738,23735254
ERR1414939,73870
ERR596659,28158
SRR6654414,56725
SRR11186463,9394
ERR1757554,8138
ERR959785,3814
SRR5086604,627992
SRR10887569,83800
SRR1062563,17943
SRR5817917,2469489
ERR1099390,79896
SRR19641868,660626
SRR16299191,20469
SRR11033795,37346
ERR959680,3398
ERR1218389,176406
SRR6654472,18532
SRR6468847,56760
SRR3083744,247590
ERR1442806,12904
ERR1218342,262806
ERR1857917,32258
SRR9198785,19341
ERR1395862,31116
SRR1062780,21435
ERR999246,38364
SRR17604938,221181
SRR1062509,32148
SRR12492968,120548
ERR871365,3754
SRR18518538,214563
ERR1427180,1182052
ERR2154776,16238
ERR962936,5190
ERR1892025,92938
ERR697919,76848
ERR1216345,140224
SRR6249971,57804
ERR1621662,21612
ERR1215831,218
SRR10974095,59132
SRR11302657,111
ERR667424,22490
ERR718617,97706
SRR580559,328
SRR12443351,227834
SRR7410408,134630
ERR738217,88202
SRR8526601,103794
SRR6468919,10294
SRR13938353,84508
SRR12150550,186803
ERR1373715,64018
ERR1692476,43252
ERR667390,42782
SRR6374794,396204
ERR1410200,78786
ERR1730770,25984
SRR16964683,254676
SRR7749251,12878
ERR716922,86220
ERR2723226,1388
ERR1757492,27328
ERR1415196,45658
ERR1475575,29438
ERR340725,269718
SRR630466,231946
SRR7942608,390708
SRR11303069,125
SRR7892011,39322
SRR14428586,366868
ERR1414955,44714
ERR1124859,569938
ERR960807,4620
SRR5507583,426634
SRR13374843,283350
SRR6654755,17772
ERR716795,105072
ERR737769,161412
ERR959495,123672
SRR15927807,156666
SRR11427258,386850
ERR1373573,54176
ERR999212,66
SRR1062553,33307
ERR960307,16960
SRR10151672,100704
SRR1821811,218502
SRR9608477,634670
ERR3446735,62268
ERR1373433,17010
SRR16298937,15104
SRR12464072,271458
SRR18220780,69870
ERR1125059,900668
ERR015567,52960
ERR7179897,151460
SRR8305621,1702038
SRR12037340,10292
SRR14428563,139111
SRR17499145,272618
SRR10070709,276282
DRR075399,111722
SRR1039571,1282300
SRR12037382,14600
ERR1216593,30124
SRR15413352,1248916
ERR1730833,3810
ERR1892057,84086
ERR1107957,213810
SRR3666780,1112262
ERR959329,13168
SRR6654499,11
SRR18352691,13246
ERR1821512,21816
ERR1215866,28
SRR6289759,195628
SRR6818806,374160
SRR11303199,150
SRR6655197,28590
SRR10741402,193084
ERR2723460,121332
ERR1730517,20940
SRR6921827,333554
ERR1216651,26676
SRR6249975,46668
SRR8784170,12162
SRR18054179,44646
SRR11303316,1146
ERR1407689,23514
ERR1621487,48900
SRR6250207,88778
SRR14217646,106995
SRR14233945,274352
SRR17239197,161518
ERR7384922,4131970
SRR11302485,399
SRR14217580,97951
ERR1395899,32774
ERR871441,276
ERR8058367,278464
ERR667416,27686
ERR7132863,354736
SRR12492999,100738
SRR17723111,476702
ERR657533,62024
SRR6654244,24410
SRR5599701,291984
SRR17239188,282074
ERR2146941,357536
SRR21218376,229266
SRR5441850,1116824
SRR23085088,294172
ERR1891744,57874
ERR1621376,62924
ERR1374845,4614
SRR5893141,2019
SRR16327299,157726
SRR7633486,530803
ERR1821887,22550
SRR4423754,1865749
SRR19077306,594164
ERR1373662,58640
ERR2723509,161876
ERR959224,27472
SRR1872819,16090
SRR10151775,46454
SRR10344676,100925
ERR1374747,8592
ERR959994,1254
SRR11302325,996
SRR6020333,710408
SRR15999460,59270
SRR6829421,1669688
ERR1397064,1156
ERR958964,1196
SRR8888286,543242
ERR1395822,47370
SRR11303033,151
ERR960713,25374
SRR18220762,42034
SRR6144810,47782
ERR949689,154946
SRR10527612,849612
SRR6469250,107286
SRR8928728,140880
SRR10199503,258610
SRR10199499,180806
SRR9312969,125312
SRR6250126,133750
SRR14217605,10466
SRR9875044,52540
SRR12708438,648112
SRR11214414,564528
SRR5810734,1298
ERR1475766,13412
ERR854807,133566
SRR5382035,131151
ERR716832,160074
SRR6655044,8692
ERR1892096,99118
ERR492314,68210
SRR8928743,225000
ERR022485,445196
ERR1892042,141254
SRR5893069,1850290
SRR10425375,40592
SRR11303245,188
SRR12464094,358378
SRR19086710,439432
SRR9674312,158082
SRR8383263,7221
SRR15347708,381626
SRR21966813,266118
SRR8883779,7916
SRR21518680,6048870
SRR5086599,562858
SRR11302556,109
ERR202537,296
SRR6469550,97364
SRR17624610,359554
SRR5378567,1087578
SRR4116050,727222
SRR14217624,111094
SRR2834972,75040
SRR11603951,498326
SRR6654399,11409
SRR13234667,65219
SRR7896795,459116
SRR10040080,930816
SRR5519769,267702
ERR1374356,7026
SRR13319609,278100
ERR7132867,333248
ERR273822,1228110
ERR960568,2646
ERR10368638,1821230
DRR032758,150871
SRR16299557,22379
SRR22744752,219794
SRR11302470,140
SRR6654567,6985
SRR10127654,244470
ERR1431979,48188
SRR3109809,17932
SRR9674307,135356
SRR16299532,21888
SRR5443712,48791
ERR1857751,40586
SRR1872758,8132
SRR12898819,277268
SRR12658671,786567
SRR11427401,375404
SRR11700441,85623
SRR6655241,9
SRR13238445,664064
ERR1621348,30050
SRR8787758,30769
ERR1122826,130942
ERR582865,364
SRR5817927,947954
ERR1374840,3870
SRR6289771,62612
SRR16299555,12815
ERR1821736,22032
ERR959875,5406
ERR1621450,61410
SRR11420473,136276
SRR6890872,87103
SRR18097957,847502
ERR1108761,48226
SRR5810863,354
ERR1620493,321198
ERR659824,60280
ERR590726,50912
SRR7751616,695814
ERR2723528,82986
SRR1872261,30852
ERR959633,2812
SRR6289772,62004
SRR6818805,352510
ERR1757610,18146
SRR6848345,722877
SRR14551650,8290720
ERR1099492,164180
ERR960917,236
ERR1415249,73004
SRR9058966,231942
SRR10735840,118741
SRR1039871,1275565
SRR1872660,19510
SRR12436831,51399
SRR6930576,75352
SRR7881080,134960
SRR12971781,731250
SRR5820053,437330
SRR12194847,318234
ERR1374750,7014
ERR968134,48998
ERR2723361,126066
SRR12899696,243850
ERR960535,6902
SRR10753246,16234
ERR1821666,21350
ERR1475698,35938
ERR689877,64672
SRR17221755,1319764
ERR2154685,82228
ERR1621614,60484
SRR7410419,245378
ERR1888498,9650
SRR18534000,173104
SRR11303233,148
ERR340710,178134
SRR10044901,52156
ERR962921,60522
SRR8788650,1834758
SRR8787667,2439743
ERR667559,42852
SRR5921077,220700
ERR1889694,149648
ERR689823,73630
SRR12661726,73525
ERR697964,94222
ERR960685,32456
ERR959003,4478
ERR1821778,21954
ERR1816547,22866
ERR1730668,38602
SRR11427357,516236
ERR1888782,25320
SRR1062678,19388
ERR1889255,155752
ERR2723929,166448
ERR1426801,146670
SRR15097769,132722
ERR1857738,26108
ERR998397,34150
ERR1889856,31040
ERR1415178,83848
ERR960731,610
ERR1108033,143312
ERR9077177,59300
SRR13796909,4101826
ERR780059,68118
SRR13938347,104398
ERR1427124,408714
SRR9198724,17797
ERR1395879,102
ERR1099543,110084
SRR16299005,13704
SRR11186433,249370
SRR11427225,350576
ERR1415108,49256
SRR12661812,93134
SRR19762945,216603
SRR1519895,160178
SRR9198637,10476
ERR2154710,77498
ERR1215855,195244
ERR968144,68434
SRR11427244,435044
SRR14272177,180809
ERR1099536,130142
SRR12083056,2111476
SRR18192301,226216
ERR492305,57550
SRR21091434,3812
SRR17299044,638714
SRR12774402,173753
ERR2154708,12218
SRR1872528,10
SRR5921125,237545
SRR3083716,366732
ERR1889249,153304
ERR1108732,237274
ERR596627,27186
ERR853564,43602
SRR1062689,21705
ERR830312,134722
ERR492293,83502
ERR1124789,302458
ERR271392,738
SRR11862826,58022
ERR1620471,276880
SRR3083695,129012
ERR477368,76618
SRR7264589,27990330
ERR232303,1185456
SRR3420341,3316912
SRR10366886,198652
SRR1062404,26749
SRR10887542,355514
ERR1757619,17870
SRR21758109,175894
SRR6374799,588256
ERR2723241,59506
ERR1124989,608126
ERR999321,74
SRR5810770,2012
SRR12661739,37643
SRR18687235,187949
SRR6654994,20836
ERR854846,199324
SRR18192294,337866
SRR6132686,116332
ERR1099534,131310
SRR10040123,898698
SRR6250182,141236
ERR853609,44920
SRR8888280,556174
ERR1204621,47254
SRR13388644,802460
SRR12070722,26321818
ERR596592,42402
ERR1252047,16836
ERR977576,1335188
SRR9849250,233306
ERR1888752,92492
SRR10974130,62692
ERR1620541,288134
SRR11427341,439838
SRR6654580,17591
SRR9198823,5599
ERR960104,216
ERR853559,39082
SRR7299185,175697
ERR959073,11276
SRR13388647,1025898
SRR6890879,371162
ERR959684,14
SRR6250330,51880
ERR1426852,344178
ERR998399,32240
ERR1415264,59686
SRR6814872,171232
SRR13594970,11506
SRR21526548,468266
ERR1475694,21518
SRR14217572,109899
SRR7119795,3167074
SRR10887495,107758
SRR1872567,58
ERR492322,56570
SRR10887551,573674
ERR1889711,210582
SRR11856747,183898
SRR11302962,146
SRR9728740,437038
SRR3622449,75124
ERR1821539,21966
SRR8587730,774756
ERR1251936,15204
ERR689810,66422
SRR10511880,124211
SRR6890903,263138
SRR6890891,204560
ERR1442566,13692
SRR1872540,46
SRR13646763,364972
ERR1204395,142634
SRR10753239,12680
SRR12578022,715900
SRR1872858,874
SRR9960231,5769118
SRR6469005,52986
SRR1062279,80115
SRR8928789,4602
SRR6469181,246756
SRR11206291,54155
SRR6261599,104391
ERR411474,232004
ERR1889082,511460
SRR11302612,133
SRR14285960,206132
ERR1889863,171428
SRR13450053,72061
SRR17691939,113182
ERR1821808,22760
SRR11114781,264712
SRR12194879,441293
ERR1216347,143420
SRR1871977,12638
ERR1414808,32128
SRR10586534,136969
SRR6654847,8158
SRR941751,476746
ERR1757648,10478
ERR1374282,5266
SRR2051092,169210
ERR1821754,24304
ERR1757441,7518
SRR8788685,2221226
SRR3355806,6274
SRR7905383,4178142
ERR1125009,572388
SRR3655798,128325
SRR13559195,131662
SRR18788796,241662
SRR10513909,375366
ERR1414996,41920
SRR5483540,340460
SRR11427474,297814
SRR7883100,22570
SRR13724941,3309350
ERR2722978,37078
ERR659798,58094
SRR13374857,301994
SRR14217682,109798
SRR10902878,2766540
ERR1730643,28334
ERR1692499,91740
ERR022481,210360
SRR12070781,22275930
ERR1108217,141560
SRR5865383,1580488
SRR6268131,50349
ERR1427321,1151862
ERR1251973,14810
ERR1442889,14280
SRR7886629,882981
SRR11869101,51659
ERR1757750,5548
ERR1857867,792
DRR051064,1879062
SRR6654996,677
ERR1046078,110666
SRR6469045,41860
SRR1062396,26264
ERR1426951,683732
SRR9962801,12791950
SRR5382028,126975
SRR8811915,57379
SRR11427215,324292
SRR1039880,723567
ERR2154703,38686
ERR1069103,283630
SRR8106310,503032
ERR1124693,221528
ERR1414872,28492
SRR8106466,27880
SRR14915981,108192
ERR1215774,50
SRR22270144,154228
SRR10070611,107756
SRR12554271,1986652
ERR1124523,299788
SRR5443710,48415
ERR830352,208124
ERR1889870,101948
SRR10151575,40980
ERR1427242,1257956
SRR19086704,420708
SRR6268138,235256
SRR18927189,54740
ERR1621641,49872
SRR7410452,15164
SRR6132689,184624
SRR6469573,84588
ERR582859,152
ERR1475519,32564
SRR14710784,194754
SRR21518655,3893276
SRR514030,3715428
SRR1872386,25268
SRR13297042,533496
ERR1216498,39582
SRR10990395,279394
ERR525421,43844
SRR7268851,99656
SRR11303325,128
SRR7785382,712150
ERR1124683,318264
SRR11858754,303330
ERR1857669,26630
ERR1442681,15806
ERR667619,43300
SRR7613112,424836
SRR8883868,29468
ERR1888469,446936
SRR12194944,442001
SRR6654758,15839
SRR10887489,176292
ERR1205102,580
SRR1062751,125032
SRR15321087,476070
SRR9692017,285542
SRR10550528,113349
SRR2751040,313682
SRR18516724,1080993
ERR999422,222
SRR17592791,213894
ERR2723596,193986
SRR6144822,40138
ERR1252257,16634
SRR1871868,13352
ERR1216018,103408
SRR1062799,19951
SRR5921034,283826
ERR3489880,51904
SRR8485422,38169
SRR3470786,107879
SRR6176656,75868
SRR7410411,115642
SRR12037486,5057
ERR1757437,23484
ERR1475611,40032
ERR1216176,117152
SRR6249988,64294
ERR1416100,23990
SRR1872828,11808
ERR1427009,476742
ERR1396954,6744
SRR7762355,114257
SRR20363888,583420
SRR12070758,27671644
SRR11303001,34
SRR12661789,82815
ERR697942,34120
ERR949677,86
ERR667516,24844
ERR959815,1368
SRR12661650,53473
SRR6655105,25803
ERR999409,82
SRR11302625,103
ERR1374263,5552
ERR960321,32534
SRR14935607,7184042
ERR2723986,25514
SRR16299475,4514
ERR1215825,245216
SRR10070713,43030
ERR1407581,28504
SRR12661617,125386
ERR2723363,74170
SRR11302529,929
ERR1099549,118492
SRR7661983,37667
ERR1821956,21340
ERR1218439,229258
ERR1395853,29528
SRR3166931,68968
ERR596432,7956
SRR6250198,68214
SRR10753208,26908
SRR3536481,497494
ERR1216568,20364
SRR17085055,525550
SRR5921123,355642
ERR780129,137802
ERR1730556,5828
SRR6469010,68808
SRR8787779,88530
SRR10070729,87856
ERR1203510,175716
SRR8106290,380418
SRR11427420,325768
SRR9850676,11928
ERR1203482,111360
SRR11080809,312164
SRR5127980,170168
SRR3166938,33478
ERR1475596,25904
SRR6654836,13804
SRR8883829,66199
ERR1475687,29602
SRR3113941,813292
SRR8928886,58530
SRR1872154,24738
ERR716707,56862
ERR1427256,1385552
SRR11178126,792638
ERR657542,88030
SRR11302665,61
SRR7883097,24364
ERR1108724,282432
SRR20083928,266760
ERR2723207,20446
SRR8928858,304954
ERR1889466,131120
ERR716786,161258
SRR17900893,213077
SRR12083050,2170378
SRR13724983,1672590
SRR7751612,250998
ERR1888971,129662
SRR12661724,74352
SRR10070707,238082
ERR1821844,21504
SRR13075146,95309
ERR1414817,21600
SRR11777188,181515
SRR5342768,2580344
ERR959612,10290
SRR8106587,11694
ERR1374490,14156
SRR6020348,1799338
SRR8106559,45452
SRR12340466,1219394
SRR6020361,12714196
ERR1108152,215370
SRR4026155,670226
ERR1757690,21322
SRR15036061,1141292
SRR18063810,898258
SRR9854014,97061
ERR202593,203704
SRR9974565,156432
SRR886453,932955
SRR15236525,232030
ERR2723828,29324
ERR1218360,160836
SRR4369389,116919
SRR13429146,125438
SRR11926667,450616
SRR1872582,96
SRR9198641,8978
ERR1427041,1051420
SRR2020632,118719
SRR18296193,194092
ERR517953,67192
ERR600683,32630
DRR029936,32870
SRR2180293,349772
SRR1872666,4896
SRR12877271,128346
ERR1821959,23284
SRR19364717,882638
SRR8833700,124716
ERR2723561,257728
SRR17547504,21082
ERR1620406,6026
SRR11303070,28
SRR11080802,378136
ERR959836,404
ERR1662959,3204
ERR232358,1155488
ERR1407577,72
ERR1374163,11612
ERR1888812,140750
SRR7535406,41053
ERR1416169,62934
SRR6654280,27111
ERR375744,989072
SRR12661571,72100
ERR1857943,40838
SRR9198857,6259
ERR959829,38
ERR1888617,4910
ERR1889354,160226
ERR958944,162204
ERR1396979,11090
ERR1730753,37792
ERR1857852,7738
ERR1889531,65088
ERR1416166,61428
ERR1620519,241182
ERR1891697,60674
ERR1888873,207302
SRR9622322,128793
ERR1216691,365836
ERR4902955,533680
SRR14066773,112046
ERR1426862,905012
SRR5626511,240521
SRR11923000,162804
SRR3381767,177428
ERR1407660,15182
SRR18042694,150344
ERR1218440,155190
ERR1204617,131138
SRR16490785,15082
DRR084193,67386
SRR10151649,27776
ERR1821745,24666
SRR19430244,215266
ERR1374250,27878
ERR1099545,95814
SRR5921080,128412
SRR12774364,348406
ERR1374185,2190
SRR10070740,296872
SRR11293510,617044
ERR958912,16186
ERR960782,1316
ERR7131164,270326
SRR6655053,10121
ERR517929,48872
SRR12037510,219139
ERR697966,73456
SRR1062362,114362
ERR1215543,562180
SRR7789577,12469
ERR1889773,70676
SRR22270138,229916
ERR1888809,140524
SRR13311750,3369392
SRR11302300,186
SRR10058771,586844
DRR224534,384062
SRR8383305,5312
ERR999343,48038
ERR1415119,53920
SRR13015650,394874
SRR11302678,107
SRR3113944,2232258
SRR5485622,149295
ERR1442666,13590
ERR1415042,40902
SRR5809469,96288
SRR6661143,114920
ERR1122749,198534
ERR959554,540
SRR12464106,261948
SRR12194818,462112
SRR9198889,9849
ERR1124903,349388
ERR1216103,143486
ERR958772,25984
SRR10887606,125448
SRR7535434,244
ERR667612,77294
SRR1872993,36300
SRR12194851,745701
SRR10541203,306080
ERR1397007,1552
ERR1374262,7946
ERR959615,60
SRR11302931,61
SRR9198856,12235
ERR1374271,7290
ERR960765,292
SRR18516950,32676
SRR1872840,14250
SRR12424277,284492
ERR596616,53868
SRR16784089,261500
SRR7154538,38206
SRR7235550,97382
SRR12933783,505674
SRR16298989,15285
ERR1427400,712548
SRR7268820,123730
ERR1374324,6700
SRR8787699,17584819
SRR6324385,389412
ERR1857623,31220
ERR2723991,47920
SRR3166927,106372
SRR18053113,755756
SRR16292400,245818
ERR1442722,14214
SRR18516714,547574
SRR1789379,287472
SRR1062561,18055
SRR8457171,748462
ERR1251924,16974
ERR689850,55284
SRR7896796,405892
ERR960087,76622
SRR9198972,11707
SRR11302564,113
SRR870759,148244
ERR2723306,74456
ERR1427012,1152520
SRR12436761,62261
SRR5235636,205784
ERR999335,128
SRR6469282,68840
ERR3365999,170358
ERR1857698,28022
SRR1872486,117082
SRR1872895,28472
SRR6144812,28990
SRR11577273,104916
SRR12037451,11016
ERR1595114,212690
SRR11303368,127
SRR10070830,138508
ERR960934,38
SRR21034901,224422
ERR1407671,24656
SRR14285946,175614
ERR1395854,90
SRR11427363,207518
ERR1888146,96752
SRR15600939,121010
ERR1216676,15674
ERR738241,90478
SRR21034908,178976
SRR8787642,1531493
SRR18220754,37481
SRR13011480,419696
SRR6289669,68230
SRR3923676,120569
ERR1108168,95766
SRR1872099,15336
SRR870953,208702
SRR10117596,212636
ERR1204498,144516
SRR630469,289818
ERR1205370,112
SRR10126229,31653
ERR3838733,104270
SRR9674288,129042
SRR10916819,89359
ERR2723730,94092
ERR963144,84
SRR3536479,485570
ERR959654,22130
ERR1204629,125340
SRR836195,1152732
ERR2154654,626636
ERR1730783,27922
SRR14300250,1877796
SRR23036884,274906
SRR7905416,423420
ERR1621360,41698
ERR959215,10812
ERR1757739,8666
ERR1888970,448654
SRR11303244,266
SRR7410433,271278
ERR517927,46370
SRR12037357,11666
ERR1215921,181094
SRR13646720,277104
ERR1888756,127682
SRR6469379,30584
ERR1427273,832244
SRR1821833,299094
SRR7749249,15517
ERR780281,101958
ERR999402,90
SRR2750995,338704
ERR1218359,153370
ERR854782,163808
ERR1427137,738078
ERR1069141,305688
SRR10753242,13034
ERR962917,216
ERR2154706,41100
SRR5195168,103761
SRR2087772,232122
SRR6654376,33735
ERR1475744,44422
ERR780305,96204
ERR525331,31230
ERR2723925,42334
ERR590801,27400
SRR1872970,14224
ERR1124781,319322
DRR224542,507600
SRR10408940,139438
SRR3624459,1032412
ERR1889775,140322
ERR1888345,570100
SRR5820064,230013
ERR1374416,21464
ERR1857740,516
ERR2723106,3082
SRR6020337,34851180
ERR1289941,155176
SRR13979102,1364206
ERR1124891,525304
ERR1373460,21256
ERR1757402,22512
ERR958795,10724
SRR5520630,212728
ERR340753,275780
ERR1620432,365966
ERR1620481,291904
SRR4375146,3716412
ERR7720659,798676
SRR4017369,59612
SRR1872565,66
ERR1889678,100134
SRR8928934,83024
SRR6289775,62070
ERR1821649,23856
SRR8587729,575828
SRR10916840,85732
SRR17968070,376980
ERR1108129,192872
ERR1889658,194792
SRR6469172,94266
ERR1108073,187570
SRR2834970,101738
ERR1620403,25024
SRR8135932,2151206
ERR2723245,58468
SRR7266726,2212584
ERR960169,2896
SRR18214217,1168028
SRR17219911,8893
SRR6654700,15608
SRR6654843,27015
ERR596643,23390
SRR18054176,41176
SRR1872132,13908
ERR2723491,96018
SRR13646760,375788
SRR5004963,239838
SRR5520642,241971
SRR6176743,74161
SRR4734156,122714
SRR5810841,1384
ERR1757740,13642
ERR780070,458628
ERR1215812,202556
SRR12436772,49448
ERR1757722,14752
SRR12658660,291272
SRR7813742,391618
SRR10974124,184888
SRR8298706,679696
SRR7789548,12131
ERR1730568,22528
SRR3228706,76343
SRR12125381,73458
ERR2154751,57588
SRR12661751,122258
SRR6451496,90848
ERR1203483,104972
SRR12037318,13023
SRR10868203,589922
ERR1215589,174224
SRR21966442,165782
SRR6268042,49572
ERR1414966,51088
ERR1889747,260862
SRR13646762,352652
ERR1218380,111616
ERR1204510,94232
SRR13015592,456452
SRR10887601,181032
SRR7662091,21016
ERR871363,180
SRR8106491,17046
SRR12992436,581072
SRR21617356,714798
SRR10344670,65059
SRR9312992,104354
SRR10753216,53796
SRR7292752,141403
ERR960009,6470
SRR11700443,61554
ERR1889598,1568
ERR1373743,13408
SRR6469255,86498
ERR1432020,193938
ERR780127,123734
ERR145653,78270
SRR6468763,3050
ERR1122675,144402
SRR11033823,369446
SRR10887602,113238
ERR1857963,26448
SRR15813417,355148
SRR10126085,11366
SRR10277633,187558
ERR492328,60246
ERR1891675,58504
ERR1888241,123160
SRR7268822,112496
SRR3381861,134086
SRR12890231,427489
SRR1872336,27086
SRR8244105,163545
SRR6469263,50750
SRR19661787,1377152
SRR5382016,144449
SRR1216347,282372
SRR7410422,250546
ERR959729,2322
SRR13417609,614928
ERR1374477,2706
SRR6020330,1287544
ERR1858086,26820
ERR590802,26376
SRR7662122,14901
ERR1730557,10752
ERR1407702,27342
SRR7892017,18600
SRR10151993,52936
SRR17183784,40510
ERR960183,5832
SRR10126105,29153
SRR19571664,110196
SRR7662124,13689
SRR6250355,119054
SRR1872624,14326
ERR582925,1338
ERR1475646,35462
SRR6469645,91390
ERR1857790,878
SRR12661801,60035
SRR7268938,132818
SRR17085050,563206
SRR12037494,38500
SRR1062218,22156
SRR2834974,75336
SRR5626510,257792
SRR10070673,189290
ERR2146913,698616
SRR11302849,181
SRR9077086,218510
SRR15427700,3807
SRR10393515,16879
ERR1475844,35640
ERR525414,95894
ERR716873,123460
SRR6469226,119486
SRR6215423,244746
SRR7612985,539985
ERR960449,2962
SRR6468999,82996
ERR959142,144
SRR6655347,9287
SRR22805248,1751606
SRR2146371,79673
SRR11554204,256754
SRR6468770,74502
SRR12356836,338294
ERR3266351,27284
SRR942766,12570
SRR11917475,459390
SRR2146352,98766
ERR667488,20734
ERR759371,235676
ERR2146922,352176
SRR6250230,102356
SRR12661544,64679
SRR1062200,24801
SRR13015577,599512
ERR2723408,93766
ERR949669,248
SRR12194891,503125
ERR2304206,387158
ERR1858122,24346
SRR5810886,1940
SRR12661869,79355
SRR9610836,260513
ERR1757724,17888
ERR1414868,52306
ERR1407666,23562
SRR6469230,116058
ERR959663,8676
SRR16299470,12021
ERR582902,1636
ERR853709,45142
ERR1204362,141050
SRR11909512,722602
SRR4369374,201218
ERR1891694,52764
SRR16299009,15069
ERR1215947,216692
ERR1216685,21878
SRR11302771,48
ERR960669,624
SRR10038905,544876
SRR11699736,193200
SRR13238438,3188746
ERR998426,848
SRR7947899,12209768
SRR13181518,332894
SRR5944011,220727
ERR1730658,23116
SRR16299468,13789
SRR17720609,129374
ERR1396909,11126
ERR960947,388
ERR1414874,26312
SRR12083060,1875106
SRR8928911,56936
SRR11303098,37
ERR1621556,72350
SRR1062697,19522
ERR1620437,405840
ERR1857784,26838
SRR5087312,158286
ERR959449,14022
ERR3841998,560305
ERR1108019,138500
SRR2835263,152802
SRR6176654,79308
ERR1108729,274262
SRR3179603,533850
ERR1475828,44544
SRR3083702,174640
SRR11855604,467786
ERR1889327,128956
ERR1125032,728214
SRR1062514,32413
SRR6268081,39659
ERR830355,222702
ERR1204275,135942
ERR1373642,31878
SRR5810688,1548
SRR13646806,701452
SRR4423746,2492075
SRR12493001,121289
ERR1730505,26188
SRR10151573,87956
ERR1251962,11664
ERR1124805,423230
SRR14882120,270300
SRR6654762,15271
SRR1872418,24
ERR1374760,10124
ERR1204588,117114
SRR10136107,827654
SRR7613115,358921
ERR596611,33246
ERR959566,70
ERR1889361,142844
SRR10136111,63061
SRR8928897,16154
SRR8106558,53634
SRR6877477,568824
ERR1215847,470
SRR5230754,1449912
ERR1821639,24108
SRR3932210,206182
ERR2724019,1186
ERR1216140,99730
SRR10836767,182922
SRR6268086,14378
ERR232347,1334404
SRR7641832,1714328
ERR780046,72298
ERR959444,3170
ERR1821672,21614
SRR6655147,18512
ERR232285,27144
ERR1252112,14506
ERR925769,292
ERR232316,919822
ERR1426842,130630
SRR2239182,139094
ERR3446738,64148
ERR959709,20982
SRR16195500,232120
SRR11777190,234773
SRR8106307,354412
SRR5320516,1156520
ERR1216154,146466
SRR12070780,22425520
ERR596682,25158
ERR960125,810
ERR1692597,45528
ERR959366,28
ERR1692586,43192
ERR738215,70094
ERR963130,28036
SRR11427367,379352
SRR13839955,170803
SRR6469461,56468
SRR1872271,62
ERR1857982,29136
SRR13972075,57848
ERR2723140,23856
SRR9906838,124458
ERR1426761,1033816
SRR1871965,19574
SRR10152001,42366
SRR6654774,410636
SRR11186440,367172
SRR14217630,93314
ERR1124811,467952
SRR22044647,375734
SRR1872727,17286
ERR2154801,538138
SRR1872679,17572
SRR6655079,24992
ERR1891745,64920
SRR2735244,694918
SRR7268944,152528
SRR6654712,12330
ERR1757561,18788
ERR1069062,207516
ERR3446771,68000
ERR998207,16310
SRR11777177,181789
SRR6416901,441692
ERR1215832,164884
ERR968085,47454
SRR1039870,1045593
SRR8787775,55825
SRR22044641,235780
ERR1252082,14682
SRR1519894,187477
ERR1374155,1606
ERR1706517,123452
ERR1374113,9226
SRR11523564,281482
SRR1793802,66705
ERR1099548,198248
SRR12060552,32236
SRR7468677,90896
SRR3166960,20664
SRR6654932,10331
SRR14217653,119648
ERR960498,6920
SRR19892908,166404
DRR162474,43664
SRR11302794,250
ERR1252094,12136
SRR12125390,37444
SRR5127973,104497
SRR700535,303670
ERR1888266,48730
ERR963203,40
ERR1620483,317926
ERR1124948,637722
SRR1565815,299675
SRR12659576,267458
ERR959017,4062
SRR10323907,238588
SRR10277624,231204
ERR1395928,3172
SRR7410347,155696
SRR13528197,970428
ERR1373534,24236
ERR963118,80
ERR1373487,29432
DRR029943,38027
SRR5810750,826
SRR11610428,206556
SRR6469321,78150
ERR2723761,36680
SRR18352692,12461
ERR492309,50350
ERR340705,194550
SRR9198898,20664
SRR5125774,990426
SRR22428444,313048
SRR7947889,2817392
SRR8928868,33772
ERR1888839,5476
SRR9198899,7058
ERR871351,226
ERR1621608,32298
ERR1124775,256890
SRR13780554,352760
SRR6250225,66302
ERR1730555,9092
SRR8928836,21108
SRR10344668,154466
ERR1888378,253458
ERR1374777,8684
ERR1621483,73538
SRR8788672,1101002
SRR6469751,186534
SRR870766,20920
SRR23060059,436486
SRR6654285,9591
ERR1475624,32916
SRR6469685,108720
ERR1395887,952
SRR22018587,239648
SRR12661722,40836
SRR11427369,434406
SRR6654240,15500
ERR1620446,328644
SRR6654624,14699
ERR2723135,47402
SRR1062454,26254
SRR11206275,67212
ERR596598,52110
ERR2723699,807224
ERR1692525,54078
SRR13339160,188746
ERR1215946,34
ERR998227,58876
ERR1821562,20686
SRR18124527,537350
SRR11578952,766786
ERR1108060,149236
SRR7891992,48600
ERR2723567,83572
SRR12193588,285074
SRR13011466,341020
ERR1408793,2428
ERR1621366,43878
SRR10095968,560346
SRR7662111,12824
ERR1889738,110378
ERR3266349,27209
DRR032756,181025
ERR667480,14178
ERR1415147,28612
ERR1374297,5026
ERR1216042,144766
SRR7410458,144508
SRR10010346,136956
SRR1871987,28294
ERR1442724,15212
SRR9849210,380196
ERR2723787,6584
ERR998293,18090
SRR1736714,52520
SRR9962817,6098500
SRR12045010,1862492
SRR11926685,456166
SRR5810895,1998
ERR1204417,407852
ERR1858026,24576
SRR6469429,81506
SRR7410402,147410
ERR960980,224
ERR1821713,20312
ERR1395868,92
ERR1205240,209456
SRR17530164,217210
ERR1218327,95840
SRR14923982,278321
SRR1062601,19051
ERR853577,51166
SRR7613120,413068
ERR596673,26432
SRR1872378,28452
SRR10863017,237760
SRR7268802,105164
ERR738258,92442
SRR15712667,15028
ERR1099570,98492
SRR9849850,1051654
SRR10550527,82378
ERR1216101,129764
ERR1426835,341592
ERR1218382,145070
ERR3266356,26126
ERR780083,148468
ERR1125041,650638
SRR17210877,185563
ERR1107965,102304
SRR2067883,575088
ERR1252178,15036
ERR960209,4698
SRR6251109,7995
ERR959885,66
ERR958966,2122
SRR6469127,37928
SRR18220773,78691
SRR12774393,167289
SRR12469191,176228
ERR959312,10528
SRR7299183,147074
ERR1891716,55398
ERR1252042,15358
SRR10828009,511386
SRR372795,456944
SRR10126109,20654
SRR14217628,15004
ERR1124839,616868
SRR8788661,951106
SRR5342770,398272
ERR853459,70158
SRR2834959,125004
SRR6654568,27584
ERR667459,22842
SRR1872123,15536
SRR12661584,81429
ERR492346,82690
ERR2723314,95910
SRR13015584,300908
SRR1872884,18228
SRR12661806,79245
ERR1889176,54172
SRR5810710,2234
SRR6654866,13881
ERR1889194,52820
ERR959279,0
SRR17709725,134270
SRR12424279,30750
SRR11302545,76
SRR11851892,539843
SRR8106314,639414
ERR7720662,769914
SRR8106689,13192
SRR6469217,113574
SRR10836798,358004
SRR15204059,117758
ERR1124427,339542
ERR960443,64014
ERR1888493,460286
SRR11302672,343
ERR2146885,460300
SRR5931545,237036
SRR21177745,182300
SRR17235501,5
ERR1730676,24740
SRR6811823,734462
SRR8135919,254618
SRR19571657,81699
ERR1442655,13090
ERR1414962,49592
ERR1414993,32842
SRR17077512,362943
ERR1216048,88990
SRR7746651,50942
SRR959334,59974
ERR1821660,23038
ERR1108156,121006
SRR10863006,481247
ERR1216629,998
SRR6654500,8957
ERR2723720,145540
SRR6814885,228684
SRR6655240,11189
ERR999496,30334
SRR7888761,1334442
ERR1821751,20620
ERR960084,1546
ERR517872,68296
ERR1124724,350392
SRR8928864,2424
SRR13011477,404538
SRR8106396,24446
SRR6654939,11528
SRR6176615,1046584
ERR1442917,11094
SRR6268199,843337
SRR12037435,18816
ERR959808,494
SRR13646800,356596
ERR1475777,22276
SRR10827995,530006
SRR6661153,130363
SRR13221795,418914
ERR1252174,13284
SRR5639264,2612382
SRR6039228,27965276
SRR8106436,42740
SRR8106718,16594
SRR10070771,282712
ERR659996,126162
ERR755710,247892
ERR1124675,625158
ERR590767,36436
DRR075397,212231
SRR13015586,198334
ERR1857826,29708
SRR17247005,153542
ERR959120,5034
ERR1889571,13548
SRR6289684,64242
SRR13388646,981176
ERR1395949,4442
SRR8749825,441258
DRR334968,5402242
ERR960461,1572
ERR202563,546
ERR1215799,152
ERR1251987,19722
SRR6257753,555880
ERR689824,79212
ERR1216326,122984
ERR854786,109004
SRR6250309,9582
SRR8926593,233238
SRR15498155,101999
SRR11206262,52303
SRR8559050,949408
SRR13593804,105920
DRR189365,250602
SRR9849263,515796
ERR960212,14896
DRR224532,532230
ERR2723666,40878
ERR596665,29430
ERR962945,314
ERR959852,2472
SRR3996125,7194
ERR1374432,5434
SRR11303089,31
ERR959462,15324
ERR1889524,9434
SRR8244077,116599
ERR999195,108
SRR2136164,268368
SRR5931558,154186
ERR1124858,353128
SRR13437194,186502
SRR14930239,532134
SRR14703471,24310
SRR11033798,248772
SRR16298946,17171
ERR963131,1080
SRR3679515,345520
ERR1621466,59836
SRR14340362,9502
ERR871554,329848
SRR16299432,109023
ERR2722996,586450
ERR1251923,12752
ERR716758,201620
SRR5893114,105506
SRR12446293,359824
ERR960530,4602
ERR755698,179650
SRR7882029,162334
SRR2087764,149042
SRR16195477,59864
SRR8883884,100186
SRR6289805,79184
ERR959991,1334
ERR2724012,6060
ERR960238,6
SRR1871926,6820
ERR1891692,51184
ERR960553,3526
ERR2723990,234
SRR5485632,178219
DRR334977,1418702
ERR738260,64498
ERR340707,279014
SRR12661717,43363
SRR9728733,448364
SRR18054180,44486
SRR12194909,265730
ERR2154688,23524
SRR11427284,336284
SRR6661142,118675
SRR17723098,367062
SRR8526654,126376
ERR999502,58
SRR10887578,18814
SRR11303068,306
SRR5810799,442
SRR16299282,8468
ERR853652,60816
ERR659813,61574
SRR6888834,109274
ERR569533,2118
SRR12464111,257646
SRR16298965,14488
SRR14300245,3721894
ERR1888650,231894
ERR1252250,13318
SRR22252690,2646036
SRR8787689,292217
SRR11302887,143
ERR958975,2018
ERR830304,229818
SRR6841467,433094
ERR718655,140434
SRR13979059,104127
SRR6890884,448596
ERR871572,140070
ERR925718,41090
ERR1621386,65294
SRR11302423,1034
SRR1708349,97756
SRR11926654,271060
ERR1069091,584258
ERR2723951,27504
ERR1475583,17494
SRR1872189,22574
ERR1204501,123386
SRR1010327,4966
ERR960447,2678
SRR6841470,713602
SRR16299122,10801
SRR6176712,132696
ERR340701,247042
ERR1891742,67650
ERR1395884,31168
SRR4734161,112321
ERR689837,95310
SRR9849201,400234
ERR1410194,117988
SRR2029856,282400
ERR3300996,349608
SRR7410406,127694
SRR13015594,379118
SRR8868555,1112794
SRR11302616,84
SRR5893058,237671
ERR968122,240
ERR1757651,8198
ERR1621440,49254
ERR1374320,5520
SRR1555496,1622
ERR1397032,2934
SRR6655091,43292
SRR10070824,180210
SRR16298936,18898
SRR6250121,139498
ERR1442857,14548
SRR2013390,33627
SRR12371369,215448
SRR9198937,16580
SRR6469862,152970
ERR7131135,851729
ERR1124817,448286
ERR1427035,582954
ERR1374180,982
ERR830365,229224
ERR959665,2036
SRR13269770,188626
ERR1108157,188730
DRR224540,407710
SRR14902684,265651
ERR716933,157930
SRR13297055,513564
SRR2751038,304221
SRR1062802,20776
SRR12654001,317512
ERR1216370,109570
ERR689803,82596
SRR22525917,298046
SRR4242452,178912
SRR8457168,737380
ERR594421,196710
SRR11185422,309542
SRR16298951,7016
ERR1374166,25230
ERR1374228,17856
ERR1215786,205846
ERR960109,6442
ERR960945,154
ERR960593,4958
ERR1397053,1946
SRR12672455,125939
ERR1857604,29464
SRR19831102,360978
ERR1889231,56110
ERR1218352,162700
SRR7119796,690930
ERR958811,31382
ERR449272,71828
SRR17592789,210374
SRR7662078,64930
SRR1048062,79806
ERR2723504,133364
ERR2154670,536936
SRR1531459,48072
SRR10040101,260832
ERR517995,87670
SRR13297036,568188
ERR1415007,45706
SRR7909903,547450
ERR1216422,66356
ERR1540895,312462
SRR8106407,112434
SRR6468902,113438
SRR6469106,77652
SRR3498294,1270977
ERR1442717,12446
SRR8377223,93064
SRR19571685,115869
ERR1395856,34978
SRR7410436,326758
ERR1620416,345274
SRR3166952,104570
ERR1821554,20142
SRR6468879,85892
SRR8787612,2615
SRR5921176,332386
ERR960129,80
SRR11302624,109
ERR659804,65398
SRR12964281,277588
SRR7468699,114404
SRR13724930,96446
ERR1620500,112244
SRR19641888,415306
SRR12194798,416982
SRR580566,40
SRR5921170,365962
SRR7801956,386900
SRR8587724,855508
SRR17731350,138094
SRR19086702,388750
ERR1124988,506890
ERR1124997,539028
SRR886455,17785
SRR5127961,267198
SRR8106403,27690
ERR590764,38378
SRR7746647,58287
SRR7535430,51698
SRR1871871,20360
SRR7813750,455180
SRR10038914,571196
SRR6289757,196580
SRR5320500,341922
ERR1204577,132500
SRR6655109,68857
ERR2723235,51758
ERR1475589,19030
ERR1730534,13232
ERR1888272,53954
SRR13646810,259608
ERR959650,1758
ERR1889191,36080
ERR1216086,101126
SRR10490668,15992
SRR19897787,347830
ERR958835,12834
SRR15600932,68994
SRR21526547,542014
SRR7235498,177266
DRR084198,94642
ERR1431982,62460
ERR1620434,359764
ERR854842,150500
SRR17592790,229368
SRR10126307,25704
ERR1888409,14632
SRR11302294,70
SRR10004227,355004
ERR517972,102108
SRR3923683,93633
SRR10060616,110716
ERR590727,52566
ERR1857664,35130
SRR1062734,21038
ERR759359,102982
ERR1124921,570018
SRR19661783,1165640
ERR1108525,291422
SRR10887478,291048
ERR871579,138
SRR6469850,153064
SRR5984240,496093
SRR5810813,2498
SRR8928814,27318
SRR8552540,190765
SRR11267493,226566
ERR1415374,72372
SRR10151920,31192
ERR1442605,13894
SRR5163037,2475556
SRR8298679,307582
ERR716729,56948
SRR3228727,172508
ERR1427158,661930
SRR18645015,248032
ERR2723097,38488
SRR14428568,121561
SRR6268097,38566
ERR2723796,169506
SRR10887537,634120
SRR8787679,96146
SRR12045008,1474618
ERR958986,1970
SRR11427243,430562
ERR1374687,38786
SRR2834943,131216
ERR716871,178600
SRR11303106,108
SRR11359866,257002
ERR999259,48
ERR960582,6472
SRR1872756,5888
SRR12898821,477270
SRR17386283,425472
SRR6908657,205908
SRR1872917,59184
SRR8305654,712421
SRR6890861,57448
SRR3622444,87843
SRR12070810,29005926
ERR1251890,20680
ERR1414912,62966
SRR8106275,560990
ERR1107889,120062
ERR1891645,55374
SRR6469373,45146
SRR7268835,98984
SRR8868540,87253
ERR925729,67232
SRR10070640,109652
SRR5507584,259092
SRR5921033,298958
ERR926056,252
ERR1373663,52240
SRR13646722,303840
SRR10490666,13244
SRR12070801,12561258
SRR1524243,671772
ERR738255,110602
SRR8526625,160772
SRR11427456,542782
SRR13242459,61426
SRR12469181,225808
SRR7119854,24050
ERR962992,44682
ERR960118,17376
SRR13374842,247926
SRR10550554,107475
SRR11080810,514432
SRR13777249,354420
SRR6469065,33772
SRR7886631,1460901
ERR1415184,120
ERR999471,94
SRR5119937,121443
SRR5342781,823470
SRR11874785,115370
SRR11302932,73
ERR1706514,109260
SRR12874661,151694
SRR19661784,207112
SRR9320538,182366
ERR1442810,13918
SRR7008303,45506
SRR17547540,27714
ERR960518,696
SRR12661847,78633
ERR2723708,5676
SRR13646740,324354
SRR6654640,13247
SRR15204088,177397
SRR7410426,322738
SRR3381739,473600
SRR7419861,32427
ERR1410223,114704
SRR11448260,196552
SRR2180309,157247
ERR1216178,110224
ERR1069148,664494
ERR1122655,212512
SRR13319612,307994
ERR1889165,32112
SRR18063377,356945
SRR9058957,678446
ERR1395844,12658
SRR6176717,121451
ERR1415103,51788
SRR6468853,133330
SRR6313719,836572
ERR959771,30
ERR998187,1074
ERR2723185,31722
SRR9189629,639572
SRR13616485,1007649
ERR1888671,292370
SRR9198886,9200
SRR870877,108491
SRR17400077,212718
ERR232344,8308
SRR13076826,69718
SRR6654674,19194
ERR1416069,42508
SRR4241544,940339
ERR1888838,15632
SRR5382052,142457
SRR9872827,2488
SRR4369388,144184
ERR1857940,2652
SRR6655045,10199
SRR13005701,452178
ERR1396832,3
ERR1374224,13616
SRR22018603,230500
SRR5045898,269114
SRR5125788,814220
SRR6469496,88916
SRR9906806,250158
ERR759380,168902
ERR1205083,502
SRR13242466,28395
SRR20083915,250274
ERR1620423,2183494
SRR6289748,100136
ERR853757,44080
ERR998152,47790
SRR6890869,51489
SRR11186447,1444792
ERR1857847,40342
ERR960636,38870
ERR960900,110
ERR1427352,836350
ERR1692575,39234
ERR1889251,96574
SRR14217574,91810
SRR592701,367068
ERR657548,97226
ERR1888311,13802
ERR1124592,203708
SRR6469072,50670
SRR11427289,409670
ERR4968935,193632
SRR3381730,153108
SRR6818820,453534
ERR1889413,8980
SRR7264574,71049012
ERR1218474,176746
SRR10948883,22340
SRR5382026,116470
ERR1395863,82
ERR1124918,663814
SRR6654379,10149
SRR11773511,340991
SRR17400066,175028
ERR1730653,3206
SRR9728720,417826
ERR780087,75872
SRR1049949,244486
SRR5921068,178156
SRR19667658,149704
ERR1415449,102720
ERR998298,106950
ERR959588,2444
SRR1872777,24324
ERR1888063,322536
SRR11519046,123879
ERR755674,100276
ERR1415162,83802
ERR1889104,186332
ERR958800,22682
SRR6654649,20915
ERR1416171,55446
ERR716808,157396
ERR340746,272564
ERR998454,25206
SRR6654583,19341
SRR10586537,169763
SRR20869097,145127
SRR9728710,457774
SRR9164646,59562
SRR6250222,57772
ERR1888913,322660
SRR11427444,291490
SRR9692048,271666
ERR1218458,146632
SRR22805226,194836
ERR1124656,320118
SRR12708433,425228
SRR10887476,228760
SRR6469608,98044
SRR6654978,9433
ERR202575,2076
SRR1871908,12832
ERR2146924,490016
SRR9198650,16270
ERR232315,6443740
ERR1442772,15232
SRR1872880,17868
SRR5469316,495246
ERR960966,28
SRR1871873,100
ERR1821704,20086
ERR925722,378
SRR6908746,366192
SRR8106535,56660
SRR8883839,59994
SRR21526553,413638
ERR1124572,993238
SRR6268103,44568
SRR5921116,209559
SRR7902424,45173
SRR12661821,89462
SRR1821829,337729
ERR1373510,22656
SRR3083740,202964
ERR1216633,96964
SRR12661795,62592
SRR11909488,560372
SRR8135942,596486
SRR14217649,60760
ERR1730488,26918
SRR6469673,29798
ERR2723698,477960
ERR1889020,135110
SRR11302707,51
SRR6654658,23019
SRR2751014,286642
ERR1442745,12554
ERR1757731,9592
SRR5952026,4114714
SRR7063572,536538
SRR15931549,1361030
ERR1215720,58
SRR6469306,75842
SRR1872866,15204
ERR1252021,15024
SRR14055360,769254
SRR11302900,227
SRR16327301,169950
SRR6250254,106768
SRR6176676,78171
SRR17413278,112319
SRR1872983,30586
SRR22805211,655808
SRR7419833,63590
SRR21120208,22632
SRR7892029,54298
SRR6020387,6617348
SRR5810794,4542
SRR9198747,6985
SRR6020427,711490
ERR2723967,21560
ERR1374572,10116
SRR7280656,832460
SRR7662146,15708
SRR7419831,7696
SRR11302716,60
ERR2724002,139188
SRR11448258,173956
ERR1757424,23082
ERR1415269,62290
SRR2751027,335252
SRR7268942,157002
SRR16518314,386358
ERR1757494,25552
SRR7883094,29704
ERR1204297,194518
SRR12661644,55314
SRR13011465,454488
SRR8106533,14262
ERR1475776,12690
ERR925762,214
ERR1757738,13144
SRR1872346,18442
ERR1415121,190
ERR1889274,190820
ERR697904,31876
SRR8135925,140006
SRR1010322,4956
SRR11309039,2881572
SRR519738,3467430
SRR1062466,32884
SRR1872103,36154
SRR6327867,410346
SRR8787590,132602
SRR12464096,279786
SRR1062638,18774
ERR1251984,24598
ERR590713,41294
ERR1821912,21532
SRR5131060,330064
SRR5382045,134963
SRR7444116,481742
SRR12023706,620342
SRR1872548,79040
ERR1294273,88041
ERR871388,312618
SRR2087776,156140
ERR959793,44
SRR8928963,84638
SRR10323912,1806006
SRR6289695,52132
SRR9050623,346560
SRR4242438,177368
ERR594427,216172
SRR10868194,888350
ERR657530,60708
ERR1374825,5496
DRR189395,468679
ERR2723292,265516
ERR1889689,74450
SRR2146354,63181
ERR853548,39676
ERR1410196,107540
SRR12194885,280318
SRR1062580,18305
SRR10151917,55792
SRR15413359,856922
SRR8526639,187338
SRR1872324,56890
ERR1216129,110548
SRR14272168,55840
SRR5122167,4535
SRR6654863,18112
SRR6654349,25237
SRR15910153,159793
SRR11302904,73
ERR1442837,12902
ERR1216520,138340
SRR12191839,208600
ERR737694,84240
ERR960614,7742
SRR11305416,412695
ERR1889398,71920
ERR853553,42984
SRR8377222,128796
SRR10862985,991866
ERR1218466,175654
SRR8784499,15442
ERR1889687,125232
ERR1620498,403154
ERR1888867,568916
SRR6469805,125454
ERR202614,304
ERR959858,3648
SRR2239196,754811
ERR1414815,33920
ERR3909553,101063
SRR11302761,109
SRR12661849,71544
SRR6661139,147087
ERR525348,45150
SRR10948649,270226
SRR16299410,6144
SRR3679527,351408
ERR1124939,1443398
ERR1373370,17560
ERR958755,0
SRR13181555,807158
ERR962946,52082
SRR19430242,292529
ERR1888379,474022
SRR11684018,253276
ERR1889266,99972
ERR2723381,65662
SRR8135917,153114
ERR2154673,39448
SRR10126266,11049
ERR1125035,568748
ERR716811,198456
ERR1888415,449086
ERR1415205,45016
ERR1821623,23434
SRR12194977,317466
SRR11427398,460226
SRR6468920,59224
SRR5921070,190284
SRR8784488,36948
SRR13693852,703328
SRR1871952,18244
ERR4648691,81434
ERR1099461,122582
SRR2025020,126540
ERR853582,61660
ERR1205098,876
SRR12749593,6749824
ERR1374834,3506
SRR8135933,2010238
SRR6818817,325736
ERR1540896,274378
ERR1373754,33982
SRR11302714,500
SRR9609653,150040400
SRR21617358,180416
ERR1122714,236526
ERR1124720,292270
ERR594442,220770
ERR1858016,26898
SRR1205164,177641
SRR11302400,112
ERR035546,439612
SRR9849217,240800
SRR8883853,298020
ERR1395832,24270
SRR1872426,28
SRR15338440,262202
ERR3489878,117850
ERR1124820,628978
SRR6654921,20643
SRR1872432,34
SRR6654329,91902
SRR9189638,440152
ERR1374229,13868
SRR8106582,86482
SRR17224787,363342
ERR959534,6
SRR17219915,7961
SRR870932,180304
SRR1872873,14994
ERR689868,68378
SRR1872196,42666
ERR1215553,32
SRR6469320,92164
SRR8784487,48534
SRR5893073,352179
SRR5599698,310092
ERR853776,54290
SRR6507310,67988
SRR3166954,206066
SRR8244100,142573
ERR958953,580
SRR16299575,7667
SRR15691876,65870
ERR963170,546
SRR7789552,14438
SRR13646803,463424
ERR1821876,21578
ERR1122765,114328
ERR1124818,626078
ERR1099462,90126
SRR6469115,68716
ERR1374310,12300
ERR1427217,1174848
ERR1204250,110228
ERR1216540,126530
ERR1889486,54974
ERR1888611,129792
ERR1416117,45090
SRR11590413,174579
SRR3932196,208862
SRR6784673,418092
ERR1432003,208054
SRR8305646,788851
SRR1555556,5695
ERR1889715,148000
ERR998168,48296
ERR959064,3680
ERR4568375,251454
SRR15831091,240268
SRR10974071,59626
SRR886448,1349720
ERR1216462,36550
SRR12125392,38624
SRR17218090,102282
SRR1872348,58
SRR13594960,31432
SRR5044686,328678
ERR7131155,606917
SRR6469770,960674
SRR6655155,21311
SRR6654425,11884
SRR22561326,212614
SRR3932170,175584
SRR17723105,1037420
ERR1374635,3190
SRR9849859,5002880
SRR10117545,207664
SRR1736709,52852
ERR1858084,28722
SRR14993674,235274
ERR2723534,302732
ERR1858106,26820
ERR1374526,15294
ERR1821644,25052
SRR8883880,68634
SRR6654995,7178
ERR1099537,94190
SRR5810677,16052154
SRR12037502,25587
SRR7886608,1260263
ERR1374778,11002
SRR5961758,933598
ERR1216490,24856
SRR7549093,550930
SRR11302296,53
ERR1216482,21680
SRR6020322,3465930
SRR21966434,112050
SRR13234623,222645
SRR5810809,2040
ERR1122718,166924
ERR853734,39956
SRR11303168,117
SRR1062337,101515
SRR6469669,56964
SRR14883457,150000
ERR1215698,10
ERR1427122,982094
SRR12774357,76126
SRR10393514,16035
SRR9198811,8203
SRR6020347,2246410
SRR578910,240398
ERR411635,161220
SRR1299126,533502
SRR1062468,32803
ERR411638,88444
SRR6655238,12865
SRR8787805,306792
SRR6654718,15673
SRR12037359,11666
SRR10974012,37240
SRR13777260,1761526
SRR10323881,1828086
ERR1124488,265526
ERR1427240,1023462
SRR16299322,400
SRR1872281,34
ERR1373398,21064
ERR1757677,23300
ERR1427134,948288
SRR6289668,68054
SRR11427405,367418
ERR657561,92176
SRR7063569,431786
SRR726540,132815
SRR12774372,212322
ERR1426903,875636
SRR9735190,619388
ERR2723000,470994
SRR11114791,44766
SRR16299430,24728
ERR1215782,180
SRR14144774,850630
SRR14703424,465382
SRR6468945,38054
ERR659930,125690
SRR9886609,689216
SRR6469040,60996
ERR406888,83001
SRR11302720,77
ERR1888123,4868
SRR6655078,24047
ERR1396976,183962
SRR10126205,16233
ERR1891634,58130
SRR7268825,109248
SRR12083654,45620202
SRR11302988,154
ERR1706511,55526
ERR1427131,864000
SRR1871894,40
SRR9906791,137830
SRR11015124,32282854
SRR15606834,801382
SRR7757831,242092
SRR2127900,396459
ERR1215910,186494
ERR1427219,887138
SRR5921063,308675
SRR7886617,108021
ERR232359,306022
SRR5893048,1817030
SRR8883702,36066
ERR1889824,173862
SRR13729835,73918
SRR11563222,70762
SRR13979088,1758883
ERR1252234,17674
SRR7612986,371692
SRR12037332,18000
SRR5639259,1654510
ERR2723702,136622
ERR2723224,24596
ERR1821633,25474
SRR11302347,115
SRR7268910,121472
SRR9674240,123374
SRR13938348,127466
ERR1205253,692
SRR5810737,220
SRR3018748,192180
SRR998913,34325
SRR11303263,124
SRR1555513,825
SRR6654903,7319
SRR7749238,12378
ERR1730729,10680
ERR960012,2366
SRR11305409,396394
ERR926037,4638
SRR16905284,1882520
ERR1692450,68182
ERR1099533,135472
ERR1692534,75560
SRR13565158,356338
ERR1396995,117980
ERR667615,37314
SRR5443703,58100
ERR984493,71566
SRR5125203,449960
ERR2154723,4022
SRR8928730,148644
ERR1821572,23272
SRR7661998,30135
SRR13234624,243006
ERR1757579,29502
ERR667554,42880
SRR14066783,128400
ERR659863,147148
SRR10010365,98924
SRR17547508,28044
SRR6469817,121584
SRR6469268,99682
ERR2722999,421792
SRR11427360,416182
SRR1872517,96
SRR2392490,813422
SRR9198731,27997
SRR12194967,737982
ERR960016,56018
ERR958886,24212
ERR3489870,37716
ERR1821629,24380
ERR1124952,464220
SRR11427325,400948
SRR8784169,18638
SRR11427308,1931628
SRR5810781,916
SRR7410407,164716
SRR8182169,448318
SRR10199497,192352
SRR12474637,1418447
SRR17085051,393038
SRR957181,1291548
ERR853563,32124
SRR6654279,18209
ERR1415206,36948
SRR11302848,912
ERR1857947,27842
SRR7268818,123000
SRR18042679,200302
ERR1621618,49876
ERR1415430,113602
SRR14567478,1011788
ERR273832,6568
ERR716717,51984
SRR10753201,16140
SRR8134463,79510
SRR5810949,5332
ERR2722969,29428
SRR5893068,759000
ERR1216041,152080
ERR1374178,1492
SRR12037508,180758
SRR6468984,44484
ERR1416039,31684
SRR850590,209984
SRR10854655,321016
SRR5810870,738
ERR1892076,84238
SRR7268936,133502
SRR3381855,169822
ERR2723919,78918
SRR10868215,931190
SRR9198780,6719
SRR9199014,6301
ERR1427138,491648
SRR835181,37191
ERR1888670,101954
ERR1442760,15634
SRR12874655,256662
SRR10070706,75222
ERR2723785,6102
ERR1888841,45308
SRR13780564,315142
ERR1621545,45168
ERR697869,76700
ERR1099442,112938
SRR8106542,26148
ERR1757382,30604
ERR1730618,23584
SRR5381349,605984
ERR1204402,180784
ERR8058370,272414
SRR6469307,37316
ERR1889651,397962
SRR5810787,1956
ERR1857931,26822
SRR17547515,27092
ERR853765,71744
ERR1730752,29112
ERR853705,44982
ERR1757711,30618
ERR958814,45152
SRR5125207,465610
ERR959625,8174
SRR3083693,154526
SRR5382017,149212
SRR11427431,328214
SRR8383314,10529
SRR18181450,1286060
ERR1757744,10818
SRR1872518,60
ERR1889774,115278
SRR9159934,655432
ERR659789,85076
SRR1872912,46140
SRR17630969,1899897
ERR1888100,266628
SRR9119510,1199142
SRR6250232,107970
ERR1426876,407284
ERR925770,81162
ERR871598,79596
SRR10070705,307124
ERR998145,88
ERR1889145,48508
SRR5818018,159102
SRR10151983,58324
ERR960463,1554
ERR202503,5444
SRR7410384,198100
SRR9622327,111381
SRR6956076,130200
SRR14713043,212138
ERR1099424,170426
ERR1426926,769890
SRR19831099,172618
ERR1620452,347282
SRR10425371,192430
SRR11926631,100780
SRR6469403,80480
SRR10550510,81560
ERR1122799,244102
ERR1122813,113364
ERR959974,2618
ERR963172,15014
SRR9849220,283830
ERR2154699,28696
ERR968147,50498
SRR19594528,120147
SRR6890915,227781
ERR999280,96
SRR10735844,101025
SRR6469526,200890
SRR2138289,107136
SRR19762956,120630
ERR1857911,2708
SRR6032098,553944
ERR573423,34358
SRR12037368,67174
SRR13074814,11880
SRR10151588,50856
ERR1889857,68538
SRR1062732,19433
ERR1857662,31914
ERR1108522,254914
ERR1475689,17080
SRR13015591,323724
SRR516554,159
ERR1888820,66664
ERR1692593,59920
ERR716878,171868
ERR5005146,1610758
SRR5810749,984
SRR1062319,29780
ERR853462,48780
SRR13115034,912076
ERR1889432,374178
SRR13938384,89620
ERR1374755,6938
SRR11214376,601850
ERR1821602,20342
SRR870977,32323
SRR3231273,1346006
SRR10070799,266830
SRR9182372,425190
ERR716890,137548
ERR1442669,13992
SRR15712671,33120
ERR958993,8350
SRR19364734,2226660
SRR9906804,324324
SRR6250010,56406
SRR14308851,356637
SRR8244114,141274
SRR5341543,65820
SRR20083907,237832
SRR11303116,71
SRR1062634,18260
SRR1872724,10866
SRR15927803,323722
ERR1373590,53938
SRR3083735,168840
SRR3666783,1278776
DRR162466,47414
SRR1871854,14260
SRR15236526,253276
ERR1730772,21690
ERR1204600,57594
ERR1888600,63578
SRR11206254,55512
ERR600684,118192
ERR525375,40394
SRR8883819,173048
SRR8106545,41774
SRR1872090,52
SRR6176726,175697
SRR1821836,316185
ERR958773,30924
ERR1374390,7428
SRR1872356,104854
SRR7749233,10031
SRR6250034,58230
SRR6908695,323752
SRR6654369,25575
SRR7299178,181216
SRR6468764,87816
ERR1216316,186820
SRR8106442,30182
SRR372788,367102
SRR11563227,53157
ERR1395933,4430
SRR13724969,1964374
ERR718641,149380
SRR13339167,143246
SRR18063807,513890
SRR11869108,41989
ERR1108190,134874
ERR1099446,170650
SRR6469276,117970
SRR6250007,66366
ERR1205394,194196
SRR10344679,139005
SRR7268982,104276
SRR6908659,682980
SRR6655039,13106
ERR1374376,3420
ERR1124464,655276
SRR5942260,103186
SRR14693499,317594
SRR2255627,44856
SRR11206258,56872
ERR1888588,482956
ERR1692570,65622
SRR13646775,522510
SRR14376444,232202
SRR8787626,880730
SRR10095969,437386
SRR2751001,289961
SRR1872560,66
ERR1692610,49148
ERR1888866,544422
ERR960413,330
SRR15376946,844678
SRR6468884,33306
SRR6468793,433484
ERR1125060,374484
SRR6268203,684153
SRR6654548,27903
SRR10434660,3676976
ERR1415122,158
ERR9077185,57803
SRR6250131,4970
SRR6654723,15447
SRR15691867,51784
SRR6468801,284174
SRR22018572,961614
SRR10990397,387736
SRR18687238,184381
SRR5810891,1970
SRR1872925,23202
SRR10887517,288882
ERR1124729,321816
SRR7419828,150419
ERR998332,31464
SRR13979047,119392
ERR1216167,107900
SRR610742,204544
ERR659829,64262
SRR6811819,408045
SRR12340479,410424
SRR14923976,287976
ERR1621482,54582
SRR1062305,19386
ERR1124865,700738
ERR1204534,115786
ERR518005,107406
ERR1108719,405772
ERR1124856,785282
SRR1872768,3842
SRR8106679,25340
SRR19571671,110059
SRR1793801,41976
SRR9610841,178785
SRR12493009,105660
SRR14217655,11110
SRR1872547,44
ERR1122666,235600
SRR10277621,151318
ERR1374227,31542
ERR340722,204516
DRR032746,149955
SRR1872288,56
ERR1415101,56428
ERR1108005,40112
ERR1099558,91756
ERR518006,111416
SRR6655030,5469
ERR1415406,104744
ERR1216047,127168
ERR1108800,88300
SRR20958388,65300
ERR1124636,339656
SRR13181573,264312
ERR1124521,1053856
SRR21831650,444784
SRR9198701,11824
SRR12194899,480040
SRR2541825,130594
ERR1204398,156518
ERR697860,35062
SRR13646776,443988
SRR13777247,245358
SRR14373548,52677
SRR5820065,316806
SRR7947908,26237457
SRR15204111,463761
SRR1872562,274910
SRR6655334,4801
SRR5810709,1354
SRR1872820,28476
SRR2751029,347795
ERR1414880,32012
ERR1251998,9836
ERR517951,61026
SRR10151677,14782
SRR6655190,14802
SRR10586540,143938
SRR9906843,351160
ERR8516970,1872152
ERR1621613,63314
ERR525332,43240
ERR1816521,21334
SRR1342218,216524
SRR6654476,7573
SRR11302333,104
SRR2919462,3396
SRR8305637,442681
ERR1730799,27714
SRR13759098,98478
SRR12125410,35108
SRR12037351,13030
SRR8383296,14955
SRR10010390,105428
SRR9198803,16068
SRR6655306,4514
SRR10899679,1172574
SRR16195493,178580
SRR6655125,72658
SRR11303258,165
ERR1122694,239250
ERR1216698,127454
ERR984499,58750
SRR9198918,11248
ERR1888928,377424
ERR1414889,21290
SRR6410933,1427790
SRR12436787,23715
SRR6469741,80030
ERR1730672,29780
ERR1397084,16864
SRR15927824,176684
ERR1416048,40398
SRR4369377,196817
SRR15927810,169968
SRR17714695,295940
SRR8206457,787105
SRR1205158,122730
SRR12103773,367136
SRR12194950,414129
ERR1888447,259988
SRR11302535,1044
SRR6468871,102296
ERR968127,51136
ERR525419,71864
SRR10887584,527226
SRR11917479,293663
ERR1218339,135432
SRR5341520,112127
SRR6250055,87702
SRR12992433,564024
ERR1889147,84662
SRR6654302,24734
SRR11542097,146256
ERR667515,20276
ERR1730759,23534
ERR959593,2358
ERR999493,38752
ERR1857786,3270
SRR6655215,11324
SRR3381776,357828
SRR11303092,288
SRR11302348,162
SRR5483544,259874
SRR11874805,91850
ERR959411,634
SRR8787650,15540
SRR3231272,1395666
ERR1215569,217322
SRR4242433,388049
SRR6469382,31570
ERR958992,6104
DRR162504,123414
ERR1821532,21492
SRR11909513,767684
SRR3465548,167032
SRR8305652,97221
SRR5639266,3600510
ERR1216013,115856
SRR18063804,734756
SRR1872106,74
ERR657627,77542
SRR6025591,282814
ERR1888135,178134
ERR1888483,497754
SRR6468856,113114
ERR271395,418
SRR8106694,21184
ERR2723276,80252
ERR1442907,12060
SRR12992434,564912
ERR1888646,131534
SRR13979073,1948680
ERR1374529,6726
ERR657545,121340
SRR10974001,62200
SRR9707999,110810
SRR22018611,239704
SRR12661561,95759
SRR9728701,449346
ERR1821726,26510
SRR10550547,107238
ERR1122739,216484
ERR960799,1052
SRR13602443,307522
ERR999334,84494
ERR1373418,26290
ERR1205081,104792
ERR1426945,854562
SRR9198677,25576
ERR1373592,51218
SRR6841462,487822
SRR10230304,95892
SRR8106296,493696
SRR7662104,23922
SRR12037505,204601
SRR6416902,92356
SRR10863007,387960
SRR11302839,128
ERR963194,58
SRR8106383,35052
SRR5921057,281474
SRR1872980,42024
ERR1620425,331404
ERR3446778,31280
SRR17077510,389804
ERR780317,94020
SRR7278699,315471
SRR17714708,288036
SRR10204633,774120
SRR16299002,17517
SRR6176631,2368572
SRR16299186,10656
SRR16299559,15882
ERR1415360,76694
ERR999447,98
ERR1204635,203946
ERR960651,2
ERR1215708,22
ERR998346,200
ERR1692466,60476
ERR1821892,20566
SRR13777245,351346
ERR2723417,120076
SRR13181534,331594
SRR16299314,4364
SRR9199025,20655
SRR6661151,164911
ERR959486,1546
ERR1215731,304
ERR958904,21940
SRR12888602,1968651
ERR1216448,65290
ERR1757398,26364
SRR10126226,20257
ERR998383,17822
SRR6249984,42420
SRR19117219,993282
SRR1062817,19566
ERR2146891,434466
ERR1891637,58018
SRR5931550,220260
SRR12436822,168664
ERR467075,80042
ERR1888306,71912
ERR1407634,32962
SRR13447017,215688
ERR1408860,84754
SRR10510895,663136
SRR5921119,325707
ERR1204509,117828
ERR667617,43016
SRR7909920,1748652
SRR10126293,24134
ERR596623,50436
SRR15204098,421175
SRR1872391,35492
SRR3139119,805658
SRR7789610,476
SRR3465553,175790
ERR871597,226
ERR1427419,728222
SRR14993662,176336
SRR11302945,60
ERR1857707,32462
SRR22044644,422588
ERR1821507,22950
SRR13938389,98826
SRR12712222,134120
SRR8811903,52356
ERR1889029,233000
ERR960332,64944
SRR8485407,95266
SRR20083917,238958
ERR959910,64
SRR13998085,408376
ERR1396927,8978
SRR7813745,341214
SRR7789602,13174
SRR6814881,178668
ERR1215557,256124
SRR959364,29712
SRR6020417,583854
SRR13724926,113410
ERR2723111,54698
ERR1857988,28290
ERR657560,74608
SRR13998090,337388
SRR1821819,321646
SRR19661786,1372244
ERR7131152,289725
SRR870724,38019
SRR22163689,268932
ERR1427418,551572
SRR11303264,92
SRR1872827,10246
ERR1730575,25856
ERR1442620,18124
ERR1621485,16904
SRR11951232,160908
SRR5810845,34
ERR1415062,98
ERR716708,57240
ERR960603,9950
SRR13602448,298094
ERR1621434,50350
SRR11033807,112628
SRR4242453,117248
SRR11206257,55685
ERR1757386,25342
SRR8787695,48519
SRR13115089,1685798
ERR1107872,279594
SRR10151947,91068
SRR12708440,609596
SRR12874635,152098
SRR15646741,368674
SRR8928871,205520
SRR8928928,743146
SRR11585438,1977244
ERR2723684,238536
SRR9336402,234820
SRR13376243,367434
ERR1125057,701518
SRR17547554,12019
SRR10070684,127452
ERR1475712,24640
SRR10974053,429542
SRR6469695,101752
SRR16298991,7096
SRR11267506,190576
SRR10887526,328566
ERR718606,101842
DRR162551,66344
SRR3536476,432086
ERR1218394,161104
SRR12464089,291600
SRR6818813,281574
SRR3420346,1973442
SRR5342788,331870
SRR12194972,721808
SRR5483536,303402
SRR8883743,49032
ERR1889611,117642
ERR1373737,23642
SRR10126199,21404
SRR10151846,115606
ERR1374156,3572
SRR13074808,20363
ERR1216662,33934
SRR12661770,55186
SRR11448259,184820
ERR1757499,15910
SRR8106646,30608
ERR1427209,862998
SRR10060612,256724
ERR2723188,33878
DRR224535,295408
ERR1730591,17582
SRR5017068,6064617
SRR1062352,119490
SRR8788701,919656
SRR13074819,14954
ERR411641,141144
SRR5809471,88059
ERR977398,1437234
SRR13074826,24925
SRR8928804,17442
SRR6215413,426564
ERR590771,31466
SRR6469029,43966
SRR8928887,72510
SRR15910175,131657
SRR2138293,73946
SRR6814893,195642
ERR780088,96480
SRR15338438,266904
SRR15931299,225056
ERR1442567,14410
SRR3139112,2292288
SRR1562529,67680
SRR6921824,232582
ERR2723512,333962
SRR959321,59661
SRR6469542,30470
SRR7751615,390492
ERR1069090,647556
SRR12661813,89743
SRR10151612,43902
ERR1621679,23196
ERR1373380,19752
ERR525353,44440
ERR853628,61008
SRR12661601,95825
ERR1252075,19334
SRR10070786,107260
SRR10753236,31342
ERR1373430,22724
SRR6251110,5998
SRR17600935,236726
SRR8787641,15418533
SRR5810736,760
ERR689828,53756
SRR13115040,2105800
SRR352484,64073
SRR5921197,394078
SRR20002723,116812
ERR999196,50086
SRR13417613,646744
ERR1408827,182
ERR1427176,1080882
ERR998285,13090
SRR13789071,689704
ERR1730602,42670
SRR6469609,159774
ERR926022,434
SRR5820057,218798
SRR10126268,10571
SRR12661761,38204
ERR1620547,119722
SRR8928765,139830
SRR17604947,224694
SRR6215415,344566
ERR689844,86140
ERR1099419,153156
SRR8928796,15270
SRR9854015,4801048
SRR8663317,30831894
SRR16298993,10638
SRR5235639,649748
SRR8134464,79502
SRR6469142,96328
ERR716872,134908
SRR10513901,1618318
ERR1216005,132944
SRR8106397,30642
SRR5504152,311594
ERR998176,51980
SRR8928749,223772
SRR19638158,981756
ERR1888992,199034
SRR10151584,67348
ERR1730731,24670
ERR1205388,336
ERR2723732,99498
ERR697875,77134
SRR6469704,9866
ERR998301,130
ERR959349,1252
SRR22428440,406480
ERR968113,182
ERR960063,3632
ERR1410180,50302
SRR10958344,238718
DRR161310,186806
SRR1062274,107325
SRR6654961,6986
SRR13979107,1948595
ERR1122689,212412
ERR1215682,188
ERR1475845,42232
SRR11917471,396240
ERR1252007,12620
SRR13181593,378914
ERR1415185,64332
SRR11302638,1004
SRR14703435,82206
ERR1099426,116682
ERR1415401,94310
ERR2723608,60286
SRR10040092,900100
ERR2154777,61214
SRR1872436,34
SRR7699092,131436
ERR871370,317984
ERR780095,91034
ERR1373645,36886
SRR12650406,122658
SRR12037489,23222
SRR6469238,33532
ERR1821839,21538
ERR1889336,172024
SRR6654465,7486
SRR8135961,259760
ERR960279,16412
SRR8883724,110962
ERR871466,189544
ERR2154738,50308
SRR10125973,15417
SRR10974026,71042
SRR11303152,171
SRR7268923,111764
ERR9077183,56337
ERR1215813,237132
ERR1395938,39146
ERR1891748,57188
ERR2723186,18926
SRR7223665,437542
SRR18192264,318756
SRR6039692,355500
SRR21140656,809978
SRR2145848,135531
SRR7905374,2914174
ERR1216340,185516
SRR9333946,636808
SRR10776676,97856
SRR8787657,145197
SRR13724933,52646
SRR3923675,120803
SRR2750980,454413
SRR7410461,181266
ERR1204517,153842
SRR11554203,223745
SRR5382036,122615
SRR8106632,33636
SRR21966426,124623
SRR10210692,184200
SRR13242464,25998
SRR5639258,1730484
SRR8244070,120559
SRR8106525,25620
ERR1442798,17110
SRR870947,226412
SRR12287376,161537
SRR11542116,145675
ERR1442877,13164
ERR590750,56492
ERR1374307,3894
SRR6250266,107836
SRR21420704,163642
SRR7947891,10446701
SRR21518659,1535446
ERR1427057,941972
ERR667483,30744
ERR1108203,94102
ERR716854,170344
SRR6654891,6818
ERR1215759,168
SRR6890916,158394
SRR1872799,20950
SRR10550531,109831
ERR2723976,17908
ERR273834,242430
ERR959831,904
SRR6841460,497814
SRR7119852,10606
SRR8134465,51648
ERR959828,2692
ERR1888203,33100
SRR5921060,389472
SRR17218091,144186
ERR3300999,301984
ERR1410225,80972
ERR871306,232052
ERR1108740,282328
ERR1374365,5330
ERR2154795,18184
SRR14217695,110021
SRR11303363,839
ERR960419,4094
SRR18290758,71522
SRR6250054,72378
SRR7041784,134625
SRR11114784,72142
ERR659918,123066
SRR7801971,486322
SRR11302991,244
SRR10753205,4354
ERR1374371,8684
ERR716715,59648
SRR7268907,99816
ERR1621647,37884
SRR19086706,471240
ERR2723721,123956
SRR19978695,301510
SRR17745589,5396
ERR960099,11928
SRR11090028,56339
ERR830280,177538
SRR13724953,1938716
SRR15204072,149345
SRR6654485,19203
ERR1108067,130678
ERR1124691,469604
SRR5235635,491326
SRR8526618,151256
SRR11302351,143
SRR3679539,401602
SRR10490655,13523
ERR1888143,240430
SRR11684029,353436
SRR1062203,25131
SRR7909902,1042798
ERR854834,106520
ERR959592,7500
ERR1475582,14864
ERR1099400,113598
SRR8305631,774004
ERR1857701,918
SRR8928959,43596
SRR7419874,31687
SRR11917474,460101
ERR1215857,203028
ERR1218390,176842
ERR517997,95562
ERR1125077,602002
SRR11186446,1485640
ERR1416133,41992
ERR1216079,87828
SRR9728734,656454
ERR1475722,39582
SRR9198994,10651
SRR9961214,523950
SRR8298680,735948
ERR958841,376
SRR7063567,499062
SRR6654481,5718
SRR11302355,96
SRR7268808,237156
ERR1108070,210770
SRR7299203,238076
SRR6468996,76290
ERR2723419,81070
ERR999429,724
ERR959208,2632
SRR14713036,275342
ERR1889220,6060
SRR8106638,22130
ERR1889858,118862
SRR6655343,7718
ERR1374655,7728
SRR2013391,42896
SRR8883727,61332
ERR1621527,60130
ERR1427191,1079492
ERR1888868,334030
SRR9669993,83866
SRR18296201,213638
SRR10126276,13318
ERR959187,1282
ERR1889061,422514
SRR9207183,185786
ERR963140,30548
SRR11302734,79
SRR7015877,318592
SRR12436758,50186
SRR10117534,267759
ERR689881,64858
SRR8928798,17780
SRR7154532,31794
ERR1215893,196386
ERR1122725,146108
SRR21518668,11563786
SRR7119832,8530
ERR1374269,4690
SRR6020450,5604482
ERR1215827,249900
SRR14202113,837885
SRR16299593,22727
ERR492323,70880
ERR1475782,30866
ERR1888396,220862
ERR755667,265798
SRR20002711,186971
ERR2723739,87260
ERR697877,56016
SRR12464073,256570
SRR8888283,774444
SRR14703473,20716
SRR2726605,73905
SRR7089628,439644
ERR594440,222594
SRR13091263,242744
ERR1889222,52786
SRR13972086,186522
ERR998451,62
SRR17642807,683533
SRR8182172,123518
ERR582908,14460
ERR1692594,63526
ERR667364,24716
SRR17026711,291728
ERR492304,75592
ERR1397077,52454
ERR2723884,18776
SRR17218115,415658
SRR10151733,25624
ERR697865,61386
SRR10070678,61336
SRR12134627,5581396
SRR3207421,390598
ERR959426,380
ERR1415271,83568
SRR6416909,187084
SRR11186438,26322
SRR9198726,21998
ERR960667,3464
SRR11092487,340560
SRR6039225,29483912
SRR11427374,196974
SRR12661559,99538
ERR959469,2824
SRR5163091,187852
SRR13269772,216256
SRR10887585,130760
ERR1442899,12754
SRR7662059,11455
ERR1205367,94
SRR18327320,254154
ERR697856,41672
SRR5979259,289291
ERR1427285,1170942
ERR958942,574
SRR13297038,573688
ERR340706,214254
SRR10136114,74121
SRR11303219,284
SRR1062490,20029
SRR5921053,367570
ERR1620410,290646
ERR2723878,26944
ERR1475542,49250
ERR959938,416
SRR17219895,6826
SRR6655182,17762
SRR11777182,199375
SRR11542107,157842
SRR10125991,23528
SRR7419817,682464
ERR1374652,5530
SRR5833546,677736
SRR7886627,1002208
SRR15348413,2741993
SRR13181586,453852
SRR8485425,61957
ERR1215973,135528
SRR3381772,96502
SRR8485416,36629
ERR1215919,36
ERR925733,454
SRR8928785,374004
SRR16964682,250960
ERR1662956,2720
SRR6334843,480990
ERR1888450,653794
SRR9198693,31310
SRR12654017,812836
SRR2392486,941594
ERR1821743,22058
ERR830276,161086
ERR718604,110814
SRR1062446,26448
ERR1888586,29802
SRR6654585,38046
SRR6250063,92366
SRR6250368,123106
SRR10753200,17084
SRR5443690,160786
ERR1889319,241952
ERR1414921,56256
SRR3381744,310890
ERR1374157,1042
SRR20869073,52822
SRR3207423,166044
ERR1373381,16136
SRR11926657,766792
SRR13759085,73296
ERR1888240,102690
ERR1204289,150582
ERR1475504,22968
SRR835162,19106
ERR1204576,148702
SRR1555519,5395
SRR6654635,14496
SRR10511889,139084
SRR16905283,1556564
ERR1125024,605394
SRR6654563,21296
SRR1609738,344446
SRR19661797,172026
SRR13706179,204524
ERR1373562,49096
SRR14213378,98999
SRR959308,115563
SRR12892308,2254772
SRR7699167,288951
SRR8417673,226765
SRR6654862,7308
SRR9077091,346886
SRR14999363,197466
SRR9198683,6060
SRR11315242,1120484
SRR3342390,244591
SRR17723104,373644
ERR1216526,101874
ERR1252010,14082
SRR11427440,177904
SRR7612995,827369
ERR2723487,8846
ERR2154660,45516
ERR1442828,11876
SRR1872242,22062
ERR1124573,370852
ERR1407688,586
SRR6469448,77712
SRR16299520,45993
SRR12194799,612314
ERR960329,24292
SRR5921153,364393
ERR1821939,22470
SRR14923965,66078
ERR2723620,3484
SRR10863021,277596
SRR7292739,155775
SRR16574820,296610
SRR8286591,974604
SRR6469386,48504
SRR6289672,68544
SRR14703451,2622
SRR13181561,382498
SRR13417611,468970
ERR1427299,960540
SRR9961222,542820
SRR17714694,357106
SRR10010362,43370
SRR6327863,227174
SRR6655293,4921
SRR5942254,86366
ERR2723772,149284
ERR1816503,20052
SRR11039808,151726
SRR11293505,812594
SRR12436766,62558
SRR6250064,127462
SRR8526645,519014
SRR17600936,232110
ERR1857653,39902
ERR2154697,55000
ERR659774,52100
SRR15813439,258295
ERR1397073,22004
SRR6250238,200276
ERR1857652,33484
ERR2723688,246502
SRR8106512,21790
SRR10989892,321922
SRR10753189,44682
ERR2723634,216142
SRR8286592,288378
ERR1892066,96020
ERR1216609,86702
SRR7892009,55984
SRR9875019,46926
SRR9944759,1121650
SRR17201127,451632
SRR6908613,25918
SRR1872467,23734
SRR10040062,705724
SRR14923984,270067
SRR6877474,46610
ERR1216508,93734
ERR5056254,64220
ERR1857980,30940
ERR1374396,2090
SRR11302913,93
SRR5235634,556828
ERR716779,173644
SRR12493018,124322
SRR6655354,4584
ERR1216714,438
SRR6654522,49198
ERR1889475,114224
SRR6250076,91384
ERR1442838,19048
SRR16299197,11527
SRR11214446,496618
ERR1124717,160124
SRR10126253,11217
ERR1427003,582602
SRR10070839,302842
SRR8439648,375896
ERR737698,99758
SRR10040100,1275672
ERR1216359,156114
SRR8591746,918812
SRR6235066,553024
ERR1475680,17842
SRR11926674,286912
SRR6289714,72124
ERR1395952,100552
SRR1555595,4737
SRR5805912,36879
SRR13234682,279336
SRR13115039,3057914
SRR8928783,315056
ERR1251995,14314
ERR1204596,123920
SRR5810819,4164
SRR4017370,1191370
SRR6469628,56290
SRR6469468,18734
SRR12614071,894204
ERR1857901,31106
SRR7801947,489651
ERR1888270,37714
ERR340691,163052
ERR1122709,169176
SRR6469018,90158
SRR1872647,5752
SRR6268181,45161
SRR1062405,26725
SRR17210884,168297
ERR999529,81632
SRR12661886,54220
ERR1816544,22766
SRR8787696,5075431
SRR10117533,256404
ERR2723194,25284
ERR1407638,28678
ERR2723103,25896
ERR1889015,266616
SRR6654482,10169
ERR959394,28
SRR15927798,176832
SRR1872018,15754
ERR1621456,43604
SRR14923972,78269
SRR2959456,85888
SRR11267530,276026
SRR17210889,143070
SRR17731342,216182
SRR9728721,449350
ERR1216602,124594
ERR1204325,157766
SRR22420221,539074
SRR10070639,84056
ERR963168,40
SRR7410364,143898
SRR11033313,257788
SRR16299318,9382
SRR10151825,55438
SRR1872965,13238
ERR960475,35394
SRR6654355,37340
ERR959148,28884
SRR516549,133
SRR10070576,337634
SRR1569496,117892
SRR8816378,435432
ERR1373692,52008
ERR202603,14858
SRR1872008,23374
ERR1821852,20100
SRR8552541,182162
SRR10434086,582352
ERR1204525,35894
SRR13616487,1960210
ERR1427088,72652
ERR1373423,25280
SRR14217598,102847
ERR1888842,22474
ERR1540911,289294
SRR15813414,312394
ERR853545,38688
ERR1889144,285632
ERR716830,112260
ERR3266392,35059
ERR1889057,223682
ERR1216150,90904
SRR12060518,71150
ERR2723790,150440
SRR10862987,711384
ERR960159,8
SRR4375300,636660
ERR4568376,267432
SRR8244099,145065
ERR1888803,55400
SRR3923225,216159
ERR1442635,14778
ERR1108200,208088
SRR12898820,558172
ERR2146901,337370
ERR1857972,28222
SRR5810840,1508
ERR1215923,76
ERR1475662,14890
SRR11519048,101819
SRR1555498,1990
SRR8106684,17620
ERR1414929,46490
SRR6261588,571844
SRR10753243,21198
ERR1415432,81960
SRR12661709,45451
ERR582921,1222
ERR1730692,46730
SRR5520641,266996
SRR6250085,0
SRR6289703,83458
SRR1791570,127866
SRR12661798,84060
SRR16674684,245218
SRR12661708,45192
ERR1252043,15698
SRR8298712,621964
SRR3679520,347702
ERR1888147,89752
SRR13839977,237478
SRR19762952,179768
SRR11427372,279866
SRR1821821,279744
SRR6250350,75672
SRR9198670,6234
SRR13519933,688050
ERR1410216,95664
ERR273875,79372
SRR6249973,60084
SRR7892036,14644
SRR6176715,142494
SRR10887453,838844
ERR1889321,72206
SRR5535510,440974
SRR16299182,7275
SRR5119926,3972040
SRR11033836,472714
SRR6890882,279851
SRR17221761,949724
SRR7637831,602426
SRR12443356,635044
SRR18192308,107226
ERR1858031,29334
ERR960136,2
SRR14428582,174706
ERR1125075,417332
SRR10125990,6768
SRR10510893,620990
SRR12672467,121526
SRR6469377,44640
SRR7886625,1160612
SRR12436827,52078
ERR689809,73586
SRR1062785,21587
SRR22018601,240702
SRR12492977,105743
ERR1888557,325788
SRR6416898,201296
SRR6921826,314616
ERR1757698,26078
ERR1373660,53676
SRR3086886,143973
ERR1414950,38438
SRR8928882,30660
SRR17846332,134958
ERR960628,34404
SRR6654330,33243
SRR3183437,4992804
ERR1857954,20722
ERR960673,2746
SRR9198985,6526
SRR10151669,52376
SRR13311745,3665492
SRR11016369,181656
ERR1373551,49282
ERR1427046,920372
SRR13646781,399030
ERR1757563,25528
SRR13115049,1198210
SRR8377219,211530
ERR1205292,40
SRR6654248,28053
SRR15831126,402504
ERR960074,23956
SRR12661895,94736
SRR5921041,297211
SRR6655302,3544
ERR1215692,224986
SRR6469567,150130
SRR8883776,9244
SRR11427301,322820
SRR14139659,357486
ERR1108095,368906
ERR1216324,134830
ERR780108,134272
SRR6250269,139614
ERR1416059,20942
ERR9077172,54886
SRR8868549,323550
SRR11303131,173
SRR7662056,37951
ERR1204320,108476
ERR871536,2208
SRR6289707,71568
SRR9198647,18657
ERR1408829,84042
ERR968126,970
ERR960456,2824
ERR780320,116302
SRR17224788,246654
SRR6469811,102442
ERR1374352,7624
SRR11214393,141282
SRR6469357,83722
SRR16195506,130808
SRR10127662,228494
ERR590784,43174
ERR960086,24860
SRR17689312,183574
SRR11303358,90
ERR5961088,533628
ERR716882,129928
SRR10070775,411424
SRR12113710,628964
SRR610740,210528
SRR8788655,742750
ERR1621634,162
ERR590749,54582
SRR9674332,912636
ERR1858119,28352
SRR7268922,113558
SRR19387523,533008
SRR12874659,146512
SRR11700439,488321
SRR10887521,234892
SRR6250221,109886
ERR716761,200090
SRR13724932,290124
ERR1251970,14678
SRR3742564,97793
ERR1426798,146088
ERR2723343,209482
ERR1888735,832920
SRR9875060,103626
ERR959677,722
SRR10204634,883808
ERR853514,41666
SRR6654551,21215
SRR7410350,166424
ERR999289,800
ERR1891673,53432
ERR853712,52270
ERR1122747,216836
SRR8485411,30650
ERR517967,91170
SRR19764246,796044
SRR11684027,287016
SRR21526557,300254
SRR5044690,117749
SRR8816383,368852
SRR1872278,21626
SRR6468804,80912
SRR6020422,895936
SRR998907,31131
ERR1373701,54328
SRR11214401,144902
SRR3038040,190393
SRR17219945,11765
SRR9662014,1329358
SRR6469401,76558
ERR853573,72458
DRR067135,1290482
SRR6468952,68938
ERR1215804,40
SRR20283707,784
ERR1252031,14110
SRR363982,105335
ERR2723128,64876
SRR6469844,182182
SRR12474620,1406102
SRR5483542,339758
SRR6249949,94468
SRR10323882,1646860
SRR6841464,502044
SRR10366899,475456
ERR1889594,35720
SRR13074820,30580
ERR759365,216942
SRR13074868,20443
SRR14703477,22956
ERR1621660,2754
ERR960226,12328
SRR11542104,146068
ERR697863,60088
SRR6250280,83296
SRR12661884,81228
SRR8552545,189046
ERR959382,2030
SRR9189630,280652
SRR15427705,632974
SRR3381838,448806
SRR15362277,329366
ERR1730840,6412
ERR999391,39410
ERR960952,2
ERR7384926,570838
ERR1620470,386056
ERR1415448,89696
SRR8133154,219878
ERR1891646,61548
SRR6654342,20302
SRR10513899,1220832
ERR2723680,40676
SRR6469447,42850
ERR962983,274
ERR1621677,69532
SRR870948,225453
ERR1620467,347266
SRR9164641,51992
SRR8928818,12060
SRR13706208,189266
SRR1062607,18116
SRR10127651,952648
ERR1415268,46790
SRR10753211,20594
ERR1216781,23214
ERR780060,67206
SRR17723107,1033042
ERR958952,884
SRR10070634,77644
SRR3083686,1597532
ERR1888942,483638
ERR1204574,68
SRR1555522,4324
ERR517909,73720
ERR959256,3886
SRR11303111,89
ERR959316,5386
ERR1204403,143148
SRR8787714,13864
SRR8106484,30732
SRR8106566,16326
ERR963198,1092
ERR959655,14
ERR853822,46960
SRR1731761,128648
SRR13234673,74736
SRR11267497,214532
ERR1706525,80226
SRR1872948,30566
SRR1872825,8746
SRR13785099,8405218
ERR959244,1334
SRR392982,70992
ERR1442874,14408
SRR20018674,134334
ERR667444,39950
SRR9198760,7404
ERR960674,9304
SRR1821818,203494
ERR1374240,7642
SRR6908640,2216
SRR17714677,384642
ERR999240,92842
SRR7662038,29833
SRR393001,225155
SRR13839978,234655
SRR7410428,328786
SRR8706254,104614
SRR13015649,346552
ERR1427202,1104446
SRR9022960,600676
DRR189379,108690
ERR962967,250
SRR11303190,57
SRR13074829,38034
ERR1730647,10644
SRR8135928,183810
ERR1620447,411288
SRR9849235,214170
SRR1062417,26132
ERR853730,41700
ERR1397039,1054
DRR032753,165803
ERR1205346,1134
ERR1730508,22838
SRR16905260,1054672
ERR1821677,24226
SRR7154547,41124
SRR8784184,29022
SRR15691874,58062
SRR13015603,372956
SRR10153626,501832
SRR6020374,38264
SRR19641875,1035680
ERR1373465,16460
SRR7268940,136150
ERR1099438,126452
SRR5893063,77259
ERR1373443,21540
SRR8787594,6812
SRR8106297,674744
SRR12103084,1178108
ERR998117,15818
ERR963159,128
SRR1062545,32883
ERR999250,78548
ERR1889516,36526
ERR5236191,183488
SRR7905417,742670
SRR11684015,9128
SRR5382007,112949
ERR780091,75574
ERR999506,254
ERR1442735,14226
SRR16646359,1406156
ERR1124736,325248
ERR1426778,138904
SRR10151832,152928
ERR960517,10736
ERR998201,164
SRR7268852,100352
ERR1620502,237456
SRR14270299,3075284
ERR1888158,95912
ERR1099487,60836
SRR13115074,468502
SRR8928776,280284
SRR6654888,16662
ERR1889064,117590
ERR925778,72574
SRR12786073,240322
SRR8298694,644790
SRR1872532,18
SRR7410471,150346
SRR22428442,238044
SRR5805911,94940
SRR11302651,370
ERR1374482,4054
SRR10040122,231666
ERR1216639,83224
SRR6176643,7188654
ERR3489881,74703
ERR1397014,109456
SRR4734158,142295
ERR998153,78
ERR1374789,5484
ERR1395946,2602
SRR998899,9556
ERR2723968,33610
ERR1475717,29322
ERR871532,410
SRR8526634,99480
SRR14233929,220426
SRR10126217,7881
SRR22420215,267600
ERR1373658,27378
ERR1374590,7332
ERR960631,3716
SRR6468786,75774
SRR6908738,4988
ERR925745,300
ERR853804,42452
SRR9849246,197336
SRR12661816,73991
SRR17386277,432652
ERR8058369,211720
SRR2968455,1380264
SRR6020339,32812210
ERR1373401,31284
ERR411493,77734
ERR960967,46
SRR6921822,256614
SRR13012315,1755492
SRR11186453,1188050
SRR1062241,122474
ERR999537,312
ERR1374117,3190
ERR853531,51708
SRR11302675,92
SRR2834981,16010
SRR6655200,836
SRR7410434,262622
ERR1374190,2070
SRR10151668,150538
SRR10887493,176228
SRR11519038,129659
SRR10151799,53322
ERR145635,171926
SRR1872710,16074
SRR9182356,538204
SRR8552569,26587
ERR925716,52050
ERR1889086,123858
ERR716756,131004
SRR13115073,3077218
SRR12672470,129128
ERR2723693,86242
ERR1397031,1068
SRR8928815,25402
ERR3838737,144450
SRR13376237,272244
SRR13450054,87623
ERR959572,5062
ERR1821553,23766
ERR667622,53072
ERR780126,150392
ERR1216030,107850
ERR1407633,132
SRR6469083,80294
SRR7119843,8648
SRR6655230,11518
ERR1889735,505890
ERR959933,960
SRR10126241,14147
SRR1265747,317285
SRR15626531,261908
ERR3931360,103366
SRR6655122,38606
SRR21782741,215020
SRR11213711,41156
SRR9674344,622858
ERR2723647,9252
ERR1374694,19570
SRR5683296,595466
SRR9198643,20665
ERR4968939,203077
SRR6655089,50997
SRR6468748,84168
SRR11302700,1205
ERR1395931,23432
SRR6888836,279044
SRR1872285,52
ERR1124782,325028
SRR15321082,257952
SRR1872100,29042
SRR6654749,14539
ERR4910725,229202
ERR2723065,45584
ERR1594705,113140
ERR1889705,131628
SRR3381852,148886
SRR10974011,64242
SRR11302448,126
ERR7132845,372054
ERR1124714,252024
ERR1216650,24720
SRR6908609,27228
SRR870869,112260
SRR8787778,86044
SRR18181438,2586338
SRR6020415,1648464
SRR13970394,401128
ERR1889330,211716
SRR1531447,89596
ERR303227,95180
SRR2834985,87452
ERR1252230,14858
SRR16299202,16224
DRR162520,57644
ERR600678,90844
SRR6025588,11722870
ERR2723024,219698
ERR1857983,32300
SRR516133,76293
ERR1426897,758546
SRR11302870,736
ERR667446,24164
ERR1373481,31016
SRR886450,581177
SRR21831649,408234
SRR9875033,67746
ERR1857689,30534
ERR1621489,50846
ERR959503,2710
ERR1858128,26654
ERR853508,43290
ERR1407607,26192
SRR5485620,198637
SRR7268874,105232
SRR12269863,19840812
SRR12446288,516948
SRR5485623,195087
SRR10321287,17910
SRR13393451,80923
ERR737760,116902
SRR8706260,455218
SRR959330,59788
ERR853791,48016
SRR10126004,25433
ERR1410201,39462
SRR14923973,106496
SRR11427384,431154
SRR11039807,184552
SRR1062374,112453
SRR6289643,249246
ERR1374859,2614
ERR1821863,23120
SRR8552562,100679
ERR1730691,26542
SRR11303192,173
ERR959708,11486
SRR16964689,269530
ERR1373557,44292
SRR12045003,2582994
SRR9198894,9454
SRR1062768,22524
SRR9728718,520144
SRR13181544,294178
SRR12661642,50644
SRR1062602,19237
ERR1204285,198370
ERR1407687,1230
SRR8357658,186589
ERR2723066,42448
SRR6469606,134862
SRR14217638,109884
SRR6654571,28872
ERR1821894,21148
ERR1891663,62152
ERR594432,229366
SRR8928895,80302
SRR10863032,172028
SRR5163104,182619
ERR1216374,106962
SRR10887552,1667806
SRR8928755,207274
SRR10125964,26234
SRR15626589,16794732
ERR7384918,8371238
SRR7280654,709910
ERR1395917,42602
SRR8787731,29426
SRR8357659,181844
SRR19761450,174748
SRR5921046,272866
SRR11302695,445
SRR1871918,12
SRR2179995,210071
SRR11302537,947
ERR1857729,5228
ERR1692626,53130
ERR1621476,19428
SRR8787791,17904
ERR1889684,82496
ERR1415109,49502
SRR10151640,56660
ERR853707,43082
ERR659975,135330
SRR10741399,201260
SRR11303349,127
SRR8788668,488206
SRR1821797,300011
ERR1757560,29158
ERR1396892,160804
ERR2723342,260962
ERR2146930,491864
SRR1872475,23418
ERR1216073,96874
ERR1069126,179080
ERR1396982,182068
SRR17248535,314834
SRR7268893,118316
SRR11302732,58
SRR1555588,884
SRR6469175,97464
SRR8377251,244514
SRR10151777,182130
SRR3231337,4535234
SRR1872208,28832
SRR11427274,400996
SRR6250213,48184
SRR8883861,56426
SRR11302421,104
ERR2723014,59288
SRR20002717,107338
SRR5805915,31656
ERR1124617,421866
SRR1872263,31174
SRR1872466,16
ERR2723900,17400
SRR3381876,96656
ERR1407683,72
SRR6250215,65164
ERR999294,84
ERR689827,42862
SRR9199002,7443
ERR737733,138454
SRR9312976,115970
SRR7041871,127913
ERR1692528,55258
ERR960177,2098
ERR1124744,316560
SRR10735806,167
SRR15564535,265298
ERR1396964,6490
SRR6654310,49997
SRR1872105,35968
SRR11427371,446886
SRR870884,73200
ERR998361,67366
ERR202509,3622
SRR527844,505952
SRR15498154,90870
SRR10040099,830148
SRR10828013,427370
SRR1010331,3244
SRR9198795,6430
ERR959537,2034
SRR13519935,1437662
SRR18220766,23655
ERR1216435,61608
SRR13221790,265274
ERR1730642,9818
SRR12037436,20066
SRR17224790,357306
SRR5113021,150258
ERR667498,44628
SRR8298685,497464
SRR6289826,79564
ERR1203476,55002
SRR15347706,310600
SRR5893135,191957
SRR519727,1460014
SRR11933716,156321
SRR7662042,44331
SRR6469485,41818
SRR10948880,164164
ERR590766,35638
SRR14217725,109107
ERR1857833,1760
ERR659866,139156
SRR13724980,1412944
SRR7757836,1530784
SRR13181575,260936
SRR7662165,18085
ERR1821963,25536
ERR960438,1096
ERR7131137,572684
SRR10136109,613871
ERR2723164,52232
SRR9662034,211496
SRR10117566,237754
DRR224538,900288
ERR1069143,325314
SRR12356838,270716
ERR2154689,92084
ERR689857,75284
SRR10040065,764066
ERR689871,55986
SRR8377233,877306
SRR14930246,647796
ERR871390,232864
SRR6387405,363887
SRR11148651,146656
ERR1888476,178134
SRR20869098,71007
ERR1099431,120750
SRR10974106,63618
ERR1124791,370436
SRR7905371,2316032
ERR718579,71692
ERR9787501,300718
ERR2723262,44292
ERR1216100,132436
SRR16299583,14502
ERR3446748,68008
ERR1107939,162328
SRR6655086,62901
ERR2983450,65064
ERR1122771,180004
ERR1888090,12410
SRR17499146,260554
ERR1858113,31542
ERR657603,86274
ERR1215861,268
SRR10151615,28766
ERR1124638,215478
SRR13176109,1456162
ERR1442624,18404
SRR14567480,541700
ERR959352,892
ERR1108831,228934
ERR1374192,2224
SRR6054092,1492200
SRR12037444,14463
SRR6654622,16271
SRR6020334,886316
SRR12661737,40171
ERR1205296,194832
SRR12103770,376292
ERR1426775,156806
SRR11862884,1143187
ERR1889278,40224
SRR7882015,486246
SRR5817929,1716901
SRR12436789,59509
SRR9198789,4554
ERR1124743,305722
ERR4910726,378930
ERR998291,19224
SRR9875034,48720
SRR8788673,1517366
SRR6469023,83980
ERR202552,176972
ERR963182,198
ERR998180,50676
SRR6469178,134342
SRR10974032,383438
ERR1892062,116180
ERR1475759,24674
SRR12464110,252672
ERR1108806,183688
ERR1204563,143048
SRR5113042,128988
SRR13673980,187016
SRR5382046,132937
ERR517880,73476
ERR998381,324
ERR1216752,21388
ERR1204292,84566
ERR517937,52128
SRR7905367,4533768
ERR273823,2904816
ERR2723932,74074
ERR999223,54
ERR1757565,18920
ERR4568379,197952
ERR596581,35016
SRR10044903,37508
SRR10126255,11519
SRR8784156,242974
ERR1122802,255954
ERR1374394,5110
SRR6469058,31512
ERR1621400,52644
ERR854841,140062
SRR11869113,58076
SRR17400075,161660
DRR189394,119496
ERR2723008,478
SRR10126292,28069
SRR7119834,41562
SRR9058961,469970
ERR1692582,45680
ERR1216546,103732
SRR12774387,87468
SRR11302977,52
SRR19661780,1041702
SRR17413281,83168
SRR3470784,107468
ERR4029246,563328
SRR8135930,24440
SRR1062641,11168
ERR2723345,81338
SRR13176113,898232
SRR9077097,277122
SRR8106270,315802
ERR1889471,121532
SRR1872810,15154
ERR3931361,118764
SRR8928956,12260
SRR14882119,249322
SRR14217710,119391
ERR1373797,33486
ERR1427121,833114
ERR1122686,173924
SRR23060062,329286
ERR1374335,5216
ERR1620554,349098
ERR1427108,563374
SRR12661840,81377
SRR6841473,662224
ERR1730777,30252
SRR6251104,9893
SRR298564,29827
ERR1821723,21596
SRR3381865,88758
SRR17714700,335434
ERR853583,42500
SRR1872034,22108
SRR5893100,93442
SRR19641889,247954
SRR8552565,100282
ERR1692611,65188
SRR22561329,213026
SRR10321293,2543184
ERR1252009,15310
SRR12199231,265116
SRR1872867,18980
SRR22018610,235046
ERR1216630,86486
SRR8457160,548710
ERR871338,300
SRR6469779,105202
SRR7299176,173375
SRR5810885,358
ERR1204523,130268
ERR1205397,374
ERR854854,193078
SRR6655279,11991
SRR17879862,321523
ERR2723742,41388
ERR4029234,465406
SRR5883638,93156
SRR6469774,45298
ERR1857657,38874
SRR998901,30297
SRR9875061,66010
SRR13646789,304490
SRR5810739,300
SRR5520637,238995
SRR1872249,13632
SRR13796904,1629750
SRR10126308,21846
ERR925771,406
SRR18927202,49207
ERR697847,42226
SRR14703446,32228
SRR14428583,312778
SRR11303229,136
SRR12999695,2746
ERR830325,232038
SRR12103776,936838
SRR14915989,112380
SRR1062564,18141
ERR2723440,118916
ERR1891725,58342
ERR1215700,193542
SRR11585433,1418218
ERR1857977,28732
SRR8503423,123988
SRR2020597,357603
SRR1265763,271219
ERR1410199,75396
SRR13005704,327966
SRR13839973,48159
SRR15483591,304108
SRR14813041,232020
SRR11302843,69
ERR1122831,74166
ERR1373385,20628
ERR1373654,41680
ERR1124774,368594
ERR960547,2128
ERR958947,1094
SRR8377240,1040
ERR1730639,9376
SRR6297669,1496732
SRR2750999,149433
ERR1620537,316592
ERR1252071,13764
SRR13319615,319074
SRR2968461,1301090
ERR853640,44166
ERR1374712,17002
SRR5235640,268884
SRR7268926,113574
SRR6469305,78864
SRR13015624,749092
SRR14217569,120549
SRR5666979,345450
ERR1821984,22334
SRR6020320,33199166
ERR1408775,46656
SRR6654984,9455
SRR17846328,129024
SRR11293501,833658
ERR202561,1134
SRR9728703,455746
SRR7613129,579797
ERR830308,174222
SRR12661919,96620
SRR3207403,102206
SRR10151949,119130
ERR1475528,39166
SRR15101309,4199491
SRR21034915,253204
ERR2723670,65294
SRR16339850,225704
SRR8106330,63290
ERR960030,15530
SRR15483597,210482
ERR273864,146896
SRR12194839,383700
ERR1888764,155168
ERR1374299,5226
SRR11302341,57
SRR6654725,17162
ERR1816516,21298
SRR7891990,47814
SRR12443342,607310
SRR6655250,12517
ERR1888883,495462
SRR6025611,376318
ERR780036,64626
SRR1205169,245114
SRR8106274,398276
ERR1124945,628852
ERR1252079,15876
SRR6450489,128954
DRR189386,208793
ERR738243,98388
SRR5342767,2510762
SRR16299111,8880
SRR16574821,297642
SRR7801953,586554
SRR18042701,183560
ERR2146915,304726
ERR1124784,435364
ERR959147,460
SRR12661704,57494
ERR1891704,62590
SRR6246043,709938
SRR11427203,176010
ERR1821523,19924
SRR18053104,725076
ERR1251907,15000
SRR7119823,24117
ERR1205343,52
ERR716865,123664
SRR3231291,5031020
ERR1889229,57184
SRR14679409,1154622
SRR3381778,146704
SRR11427336,379328
ERR1415079,1864
ERR1857744,28128
SRR8298697,162564
ERR2723198,17254
SRR12194902,461458
SRR5810925,1186
SRR10070823,233982
SRR12903379,215554
ERR1620582,175092
ERR697926,92170
SRR8784482,16500
SRR13646729,406184
SRR7268964,190620
ERR2154695,111312
ERR1069114,273118
SRR6654370,79334
ERR411633,175194
ERR273833,730
SRR9674330,1752456
SRR6176737,87497
SRR11302687,51
SRR13958297,266274
SRR12194825,384442
ERR960046,608
ERR1216733,110828
ERR960699,6834
ERR1821889,24768
SRR3109808,17813
SRR8377225,67282
ERR2146957,152836
ERR5005142,504404
SRR6469611,134568
SRR5893079,205015
ERR2723330,185232
SRR5921113,172458
ERR1124872,646404
SRR12661626,49019
SRR11302725,698
SRR12469187,202830
ERR1108222,145754
ERR2723452,92550
ERR1205363,62
SRR6654333,127142
ERR960814,6212
SRR10902868,225780
ERR960910,2
SRR6176619,834652
SRR6655265,28817
ERR1374202,16458
ERR1416140,49758
ERR1107947,118602
SRR13796918,4203452
SRR10586529,790576
SRR1048060,87806
SRR2835253,126054
SRR6468833,198558
SRR11777183,226172
SRR2239772,188357
SRR12661529,37862
SRR2136165,229668
SRR10151943,88184
SRR6814889,270440
SRR13015627,1854362
SRR11302944,306
SRR10151636,34600
SRR6268168,60587
ERR1216601,84224
SRR870943,226561
ERR1692619,57776
ERR1892075,3782
SRR12661817,69206
ERR1475616,28004
SRR10611686,4877334
ERR853625,40876
ERR4029241,776080
ERR959996,8000
ERR1891702,57842
ERR998215,324
SRR22825764,5146458
SRR8788671,1311042
SRR5810713,844
SRR5378557,319436
SRR6494609,732136
SRR4243170,119457
ERR1730708,25944
SRR14168550,195902
ERR1216930,871212
ERR1215591,36
ERR1706526,68506
SRR8787767,8051816
SRR18837599,307912
SRR7749254,13345
SRR12100494,373902
SRR12313630,209376
ERR780132,98404
ERR1415173,93920
ERR1252221,16748
SRR19638118,221340
SRR4423752,779277
SRR11033793,63436
ERR2723011,576
SRR10863059,2899524
SRR11577280,47483
SRR7419854,49824
SRR6908650,400
SRR21218373,16537374
ERR1416086,29372
SRR17219909,7701
ERR1374379,2100
ERR1216121,75254
ERR1215884,239900
SRR3038038,61955
ERR1427074,1119168
SRR14140444,253314
SRR7119855,18517
ERR596703,26372
SRR7410356,185402
SRR6468813,48952
ERR959512,60
ERR958970,932
SRR10126190,24089
SRR19661774,1340350
SRR4734155,149350
SRR7119805,1490338
SRR13221967,852430
SRR9707996,177178
SRR1872654,18964
ERR670995,74362
SRR850599,171860
SRR13979026,99310
SRR10903544,1329692
ERR1374393,5020
SRR10038918,680480
SRR12661525,24629
SRR6469158,81890
SRR1872969,12898
ERR1216166,141260
SRR17247909,269520
SRR10151820,68912
SRR13089283,226651
ERR1426803,167814
ERR573452,33700
SRR17745591,4892
ERR1889759,1295358
SRR11178128,567012
SRR5017069,5558166
SRR15783454,409144
ERR2154675,48022
ERR1858061,28108
ERR1442607,11750
ERR959555,1532
ERR1821804,20462
SRR3083697,321664
SRR18220775,32280
SRR6654734,19524
ERR517861,72758
ERR755708,251770
ERR1889631,136662
ERR596688,25898
ERR2723196,15598
SRR7904991,241410
SRR9854027,458813
ERR590716,33360
SRR870906,148247
ERR1730830,26812
SRR7299175,151738
SRR6655080,49675
SRR13238437,275606
ERR960757,2982
SRR9849854,1148032
SRR16784086,1174678
ERR960139,8
SRR7268806,237794
SRR14703443,445224
SRR6237745,4026
ERR1108187,217722
ERR1373696,62394
ERR4140031,197836
SRR6250158,115850
SRR8787674,3818988
SRR5931557,158341
ERR689886,72616
SRR12194813,862530
SRR11302490,73
SRR15390212,4127123
SRR18745501,1648020
ERR1414979,99770
SRR18352685,11181
ERR202553,5646
ERR968060,55882
ERR1122678,182964
SRR8526656,217246
SRR8106428,27178
SRR11700447,112307
SRR6654332,28238
SRR12125413,28087
SRR10916829,92715
ERR340690,136014
ERR1432018,182244
ERR871349,154
SRR11869115,29339
SRR15048121,125598
SRR3183436,1125886
ERR2724017,189474
SRR13724939,3260236
ERR273865,896
ERR1108184,168514
SRR5893049,636468
ERR517940,55004
SRR11302978,49
SRR8106356,969696
SRR6921821,277192
SRR1821803,337883
ERR1205272,112
ERR854819,96364
SRR11303148,151
SRR15498144,108567
ERR689830,59878
ERR1821502,20316
SRR6025610,263932
ERR998286,124
ERR1426802,210646
SRR10117590,289285
ERR1216014,110694
SRR10070708,49464
SRR10126071,14990
ERR1216046,168196
SRR5441847,6583770
SRR12661597,101772
ERR1620588,169070
SRR9674241,125710
SRR9207195,124158
SRR12492964,96733
SRR8787604,3202643
ERR697957,100940
SRR3381819,216278
ERR1373576,53638
SRR5443674,175176
SRR11140712,230795
ERR232355,1086228
SRR9662026,173076
ERR999375,198
SRR6250019,48230
SRR1872564,34
ERR960132,2
ERR1757578,23310
SRR1872001,20116
SRR8928766,139166
SRR6289660,411444
SRR8883832,297686
ERR716803,136788
SRR3183446,1584436
SRR11427236,305940
ERR959932,638
ERR959305,17702
ERR871545,226
ERR271385,176584
SRR6494610,874358
SRR516548,156
SRR6468766,118804
SRR12446285,425824
ERR2723655,77988
SRR22404872,219924
ERR1416041,30596
SRR10126041,191
SRR10126079,16256
SRR6655019,5856
SRR1872711,18218
SRR6469279,49190
SRR1265755,887671
SRR11302740,56
ERR960103,21016
ERR202613,978
SRR20083923,210640
SRR8788681,1417118
ERR1289929,154978
SRR8706240,1214874
ERR1621661,75846
ERR1475495,36330
SRR10836775,183000
SRR5893081,121990
SRR11033827,212796
SRR1062787,97669
SRR12070777,23384290
ERR596586,36408
ERR1888827,13052
ERR959515,226
SRR20083908,260386
SRR9674343,640887
SRR5810757,532
ERR853522,40460
SRR11540943,418534
SRR6469623,82130
ERR1757720,25036
ERR657625,70556
ERR959311,13812
SRR392990,37501
SRR1872350,48
ERR517875,73210
SRR10903543,1301224
SRR10070616,221516
SRR6654732,22663
SRR6250361,2
SRR14075704,266880
ERR2723957,26224
SRR18181441,1529708
SRR10151885,75496
ERR1821905,20562
SRR8106639,24698
SRR10010350,152292
ERR1252081,14486
SRR13839963,12163
SRR870723,27916
SRR9728724,475926
SRR8787631,5139384
SRR12037450,25731
ERR1397080,2932
SRR12774370,87986
ERR573439,34208
ERR854838,126342
ERR1821899,20046
ERR232350,20684
SRR12492961,105669
ERR1621380,37256
SRR15927832,504064
ERR1621443,43478
SRR9198808,20736
SRR10078099,475264
ERR1124965,522202
DRR162483,61614
SRR6268170,48260
ERR6690617,677236
SRR10902876,1705006
SRR835174,82718
ERR1251929,14132
SRR19764248,522584
SRR11923001,175272
ERR477373,30890
SRR15036056,245330
ERR999292,50296
ERR1426882,834906
SRR12037480,45876
SRR5818010,147581
ERR1857923,34480
ERR590725,44250
SRR13724923,169088
SRR10126242,8905
SRR12786076,256798
SRR10887441,563688
SRR7789587,286
ERR1888282,24438
SRR6814871,208192
SRR12661750,113347
ERR959060,2414
ERR718590,87596
SRR7662008,14531
SRR10127656,244972
SRR12661791,89085
ERR925738,121154
SRR11590417,155307
ERR1415183,48728
ERR1888628,9058
ERR1858094,27526
SRR14679154,140028
SRR8106360,15490
SRR1062740,122315
ERR960646,6240
SRR11039801,132310
SRR2968449,882710
SRR9198706,12032
SRR11951238,155805
SRR12037391,42038
SRR6468895,50216
ERR1124476,401582
ERR7132866,323488
SRR17714702,346806
ERR8517194,171770
ERR1252184,19420
SRR6469691,156664
SRR5810779,2164
SRR6654844,18883
SRR11206276,57972
SRR3679507,326172
SRR6176690,82849
SRR12464087,262454
SRR12194855,442220
ERR1216512,119622
SRR15626571,498414
SRR6654949,7577
ERR1858065,27522
DRR162541,32842
ERR1124483,278128
ERR2154773,22144
ERR1475581,20888
SRR7292742,161213
SRR12045007,1810998
SRR15204094,163966
ERR780300,98076
SRR18192281,377276
SRR11303120,111
SRR8377217,122422
SRR19627922,190306
ERR1252255,16078
SRR1797731,80652
SRR10151911,92764
SRR11302692,780
ERR1757500,20342
ERR959015,326
SRR3018752,411186
SRR7008285,36548
ERR1373643,31354
SRR11140724,265495
ERR1857616,30084
SRR5320504,337726
SRR14270304,2480102
ERR960396,5002
ERR1373400,21504
ERR1216409,86796
SRR13339153,288586
ERR1427292,953258
SRR5810771,1108
ERR1730638,8568
SRR6176693,17462
ERR3489851,133357
ERR1108126,296200
ERR467070,67134
ERR1442651,18032
SRR14567473,990842
SRR578909,156261
ERR925719,232
SRR8119911,161878
SRR10151875,69538
ERR1621448,39928
ERR755695,138244
ERR1216318,155134
SRR12661638,52084
SRR9198807,10305
SRR6655297,4221
ERR755684,179976
SRR17026710,257048
SRR6469763,77092
ERR1857599,33670
SRR9692049,11916890
SRR1872682,24132
ERR853479,38228
ERR1215516,40
SRR870921,90166
SRR12661593,100482
SRR2426760,133903
SRR1714467,2176688
ERR2723894,22672
SRR19086712,104804
SRR12197603,312778
SRR1062428,26550
ERR854855,131734
ERR659878,98420
SRR6654599,24433
SRR20746133,676693
ERR1373494,31364
ERR1107879,232104
ERR1414845,75892
SRR12926111,449694
ERR1396932,58448
SRR3381847,421134
SRR13039579,93026
SRR10117520,24451
SRR10956572,807382
ERR1205358,260580
SRR6250326,61216
SRR6655051,10380
SRR8298705,360976
SRR5942256,91777
ERR853621,44132
SRR13015647,353042
ERR1889780,174172
SRR6654925,35549
ERR1475815,29526
SRR959335,61083
SRR10151776,17650
SRR11777170,135942
SRR12898823,161644
ERR1442594,15920
SRR11302392,276
ERR1426962,655590
SRR15831112,269882
SRR14075695,244804
ERR1252049,15344
SRR7268921,112038
SRR11114797,316218
SRR5127987,217561
SRR13388654,996446
SRR8883812,1065350
SRR7063568,638854
SRR12037331,12716
SRR10151676,73576
SRR22805246,163848
ERR1251889,22052
SRR9674255,129954
ERR1218387,173646
ERR959981,1030
ERR1888786,81560
ERR596638,23432
SRR6468852,91538
SRR6289696,52562
SRR6655232,12803
ERR411495,50824
SRR5127988,134927
SRR7236661,13026341
SRR8106281,444970
SRR870936,134363
ERR1108113,346232
ERR1374812,1394
ERR1204410,143958
SRR11777168,223970
SRR20958392,127522
ERR1757601,22796
SRR17224785,183684
ERR959158,3828
SRR12967076,71149
SRR8106376,24588
SRR3179607,539058
SRR12125411,40804
SRR17219903,6925
SRR9674231,112022
SRR9850673,11716
SRR7419830,28103
SRR13979087,1180018
SRR18254621,5590347
ERR1891715,12828
SRR11303323,825
ERR594450,40776
SRR6469756,115780
SRR6654645,15670
SRR6072791,309054
ERR1215852,274
ERR960920,6
SRR11302755,125
SRR10511874,104449
SRR16299574,11333
ERR959499,950
SRR3159071,79015
SRR10753204,52490
SRR5195169,113403
SRR5805889,59843
SRR11302503,119
SRR10040074,1399898
ERR853801,44400
ERR2723172,35464
SRR870810,111207
SRR9050619,272890
ERR1889268,35682
ERR1251904,11692
ERR958863,19756
SRR7942611,1308538
ERR1218322,289846
SRR21228028,127250
ERR1216750,37080
ERR1204543,125092
SRR11554197,121891
SRR8928883,21532
SRR6374797,853364
ERR1857953,23030
ERR1730594,22332
ERR1442674,13724
ERR960886,21338
SRR12628232,314316
SRR10295266,76246
ERR697862,49874
SRR2239177,171625
SRR3932171,270818
ERR1891690,61560
SRR1562531,67362
ERR2723748,63966
ERR1757533,23180
ERR667568,42496
ERR1124852,105876
ERR659803,86510
ERR1888404,593590
ERR1374807,5378
SRR2834963,101662
ERR1108051,116146
SRR9622328,95510
SRR3139120,2482280
SRR11302738,46
SRR10753250,18978
SRR6468817,377406
ERR3011947,89880
ERR1891699,124556
ERR1730578,27684
SRR8787614,217106
SRR1872287,27996
ERR780139,94684
SRR14703470,23030
SRR11267496,187252
SRR6654484,20850
SRR13319607,294066
SRR3207416,91719
ERR1889764,137532
ERR1857907,1884
SRR1138230,1665242
SRR8788689,831930
SRR6163070,5931414
ERR1757699,22238
SRR7637837,434798
ERR1888472,430860
ERR1427096,1043130
ERR1124799,377534
ERR755665,277706
ERR1218406,141014
SRR13559194,239677
ERR517888,62750
SRR22044642,359296
SRR6250352,91372
SRR13724974,2012564
ERR1407624,22780
ERR1888181,378412
SRR16299121,14598
SRR6250333,53466
ERR1730768,31962
ERR716759,139430
SRR11302937,172
SRR17691952,113100
SRR2146373,120153
SRR7662145,11802
SRR6469655,97192
SRR6908714,23626
SRR6268196,147994
ERR1757669,21548
ERR926046,362
SRR11590426,135212
SRR9906833,236562
SRR17219923,7641
SRR5921184,369591
ERR667441,24364
SRR8106713,31732
SRR10887455,429920
SRR4124046,96268
ERR1427318,991998
ERR1621362,50586
ERR1216376,149940
ERR1410215,103994
ERR1203519,178536
ERR960942,504
SRR5342795,572388
SRR10510890,697328
SRR1872161,40754
ERR667539,29494
ERR1374543,10516
ERR1108537,242448
ERR1757371,28156
SRR7264572,14205232
SRR16299373,15907
SRR11302389,458
ERR1125047,611760
ERR1216589,22918
ERR718570,114858
SRR6268052,34128
ERR1122805,173718
SRR17604932,185
SRR3536480,472534
SRR6469032,19600
SRR1872267,27194
ERR1294275,86714
SRR5883637,382546
ERR1888161,70890
SRR6654446,1018
SRR11263444,2579760
SRR1871899,20676
SRR7892018,46284
SRR10765085,141436
ERR517935,43714
SRR14217677,109126
SRR1188157,141881
DRR334975,1096462
ERR1108087,436458
SRR2776880,195002
ERR1888094,37006
SRR1872721,12722
SRR10070703,330040
SRR7905419,757204
ERR1107956,199228
ERR1374259,4578
ERR2723738,22832
ERR1218320,230552
SRR8928927,227944
ERR1374774,3430
ERR1218344,155320
ERR1407534,340
SRR16299431,14309
SRR5921106,189384
SRR15931300,274280
ERR738230,87206
SRR21617357,198372
SRR13565163,215462
SRR12194849,289359
ERR1888918,175554
SRR6469117,141778
SRR3381802,106800
ERR830311,199958
SRR23064370,196376
SRR1872125,16
SRR11302799,50
SRR10151762,38196
SRR9662023,234090
SRR6468829,68728
SRR10117543,217845
SRR20746134,515634
SRR6655243,21694
SRR18390907,990036
ERR1889411,8278
ERR998124,38606
ERR1216734,74256
ERR1427414,1199306
SRR6654776,18056
SRR1872883,19832
ERR1396998,3018
ERR999458,70862
SRR7892007,12822
SRR10436026,211268
SRR12037360,14338
ERR1124925,545200
SRR6411467,508142
ERR10047715,223026
ERR1889760,140828
ERR1442689,14292
ERR1396865,4922
SRR10126189,27268
SRR17846329,116638
ERR998265,52632
SRR6468760,75050
SRR1062370,114513
SRR7801967,337340
ERR1889693,71306
SRR10070704,27788
SRR2087774,207110
SRR7789596,62112
SRR9198676,8465
SRR1872789,22422
SRR5921036,316269
SRR5398211,157736
ERR1888917,645578
ERR2716246,366264
SRR11302983,21
SRR7015885,227050
ERR1374643,14050
ERR1216351,197816
ERR667553,47914
SRR8417668,184199
SRR6469705,178910
ERR1621692,66456
ERR1374836,2438
SRR12134624,366278
ERR998183,74
ERR1124747,319490
SRR10126087,24875
SRR8377211,78132
ERR1889707,256060
ERR853723,53362
SRR8106318,40858
DRR189398,202625
ERR1218398,188922
ERR2154647,178192
ERR1069066,271912
SRR998922,30759
SRR11302405,94
SRR5820063,229426
SRR3207402,150588
SRR6469745,129716
SRR9906830,442624
SRR10916824,93567
SRR6654345,25884
ERR689818,83530
ERR984501,4120
SRR5810768,5892
SRR8587739,457386
ERR1889376,209124
SRR10126272,16230
SRR6468953,60222
SRR6469450,64458
SRR11303024,104
ERR853626,41152
SRR1554481,494319
SRR6655286,5743
DRR032738,152522
SRR1062546,32154
SRR1821790,462464
SRR21420706,200532
SRR1785166,259601
ERR1475540,48500
ERR1414974,50070
ERR1415089,36486
SRR10117595,223974
SRR11427361,204430
SRR6289794,86606
SRR17994489,251986
SRR6025619,303808
ERR1889096,273884
SRR8868536,101676
ERR1204431,221932
SRR22129122,1407498
SRR7419857,11983
ERR1889344,110066
SRR870828,138402
ERR1540910,250284
SRR3231264,3495726
SRR13716597,169250
ERR2723654,53692
SRR12661775,97121
SRR12023705,361512
SRR1872297,30
ERR1889270,144382
ERR1069077,191428
ERR2723391,57276
SRR15927811,209752
ERR998140,128
SRR1731762,125854
SRR8787664,50621
SRR8587740,651628
ERR1204441,228766
SRR5810793,4270
SRR11302980,283
ERR659854,95862
ERR2723883,2856
ERR1621517,52546
SRR1872064,44510
SRR7699155,280115
ERR1396925,306974
ERR1205402,200606
SRR9198968,13258
SRR12354656,118954
ERR1821972,22012
SRR5810803,2116
ERR853660,44368
ERR1857650,29716
SRR6654955,129067
ERR2723768,151534
ERR1396974,107150
ERR2723469,87768
SRR1062650,19832
SRR11302902,134
SRR5810851,496
ERR958927,17050
SRR11303254,1023
ERR1216391,86
ERR1816519,21804
SRR12436800,42536
SRR15600950,101932
SRR12661652,53535
SRR10974031,69968
SRR5381346,407946
SRR13234637,665838
ERR1416027,23612
SRR1872566,48
SRR17183788,14894
SRR6469459,42626
ERR871334,267822
SRR5342797,366280
ERR517852,135798
ERR2146895,371692
SRR9331664,244010
ERR1858120,25706
SRR489483,34530
ERR1124877,735456
SRR11909496,199270
SRR9164644,2187
SRR1872231,9298
ERR1889042,372710
SRR6655300,4245
SRR10735826,106889
SRR1062672,21878
DRR084196,101058
ERR959170,17958
ERR1442600,13190
ERR1889560,39594
ERR525370,70108
SRR6655137,19753
SRR3655795,91429
SRR14559686,199577
ERR3909546,82984
SRR18305960,596918
SRR7419829,27423
ERR853490,68614
SRR11206265,51926
SRR5934159,79156
SRR12661905,76366
SRR5341526,70405
SRR14813042,200004
SRR1872334,71904
ERR1216010,132674
ERR1252213,17408
ERR1427257,999844
SRR11302326,338
SRR7410370,151838
SRR870850,122829
SRR9050631,203020
ERR1125086,435010
SRR5979254,258007
ERR1888702,151484
SRR15376941,5558310
SRR13234669,207751
SRR13302564,2047318
SRR12661855,89066
SRR5942261,91309
ERR1821947,23850
SRR6468951,101298
ERR1216735,86110
ERR960088,2438
ERR1099454,175576
SRR11302433,113
ERR273889,1130
SRR11214382,381106
ERR1426935,399506
SRR11303099,38
ERR1442652,18280
SRR6020397,1171534
SRR9875017,72804
ERR999275,54
SRR17218116,424514
SRR12469143,203450
SRR6250314,2
SRR11186429,1591694
SRR7613107,413926
SRR12874654,145992
SRR17497220,164690
SRR6469777,83450
SRR11302895,571
SRR8787717,41293
ERR1124738,356714
SRR7892006,19778
SRR11427416,381602
SRR11303178,90
SRR12661631,44124
SRR8560600,393270
SRR13972077,82573
ERR1442774,16848
SRR11427382,403484
ERR1889088,68798
SRR835151,6498
SRR19086700,397544
ERR1107908,94422
ERR5838120,393430
ERR1373702,56878
SRR17235496,11
SRR2087765,175604
SRR11039787,125826
ERR1426851,147544
ERR1889830,5926
SRR10753209,49788
ERR1408823,46228
SRR23036882,149242
SRR6654408,53916
ERR1205096,101330
SRR6450490,127622
ERR1395916,93592
SRR6655186,21830
SRR1872111,41944
ERR960236,28734
ERR1858048,34260
ERR022486,326554
SRR21831645,375724
ERR232286,108570
ERR716861,193026
SRR19661772,1313136
SRR7235534,433558
ERR780289,116396
ERR1426994,678112
ERR960344,2596
ERR1888804,31102
SRR17224793,243298
ERR1427045,568638
ERR1218381,163742
SRR17745561,12274
SRR8106513,36728
SRR17219943,6235
SRR9312990,120708
ERR1621342,58502
SRR1205170,217837
SRR1872579,30
ERR1204626,123244
ERR1730745,21052
SRR14217614,100724
ERR1205411,179144
SRR1565814,247062
SRR20001185,701010
SRR6654838,13987
ERR1204496,133304
SRR11303142,231
ERR1215545,38
ERR999504,682
SRR5342780,246002
SRR7789539,9976
SRR6654673,20933
SRR15600935,208218
ERR1889358,182988
ERR1757729,6914
ERR1427050,927774
SRR18192270,72254
ERR1099414,81358
SRR748488,765856
SRR9198671,11532
SRR12661752,117152
SRR8784143,3980
SRR11577247,38550
ERR1442891,16416
SRR8788682,3222242
ERR1730669,22816
ERR1215764,16
ERR1857888,29178
ERR755712,221394
ERR958788,13676
SRR17831294,164598
ERR1215599,215344
ERR1475580,19308
ERR1889301,604528
SRR535913,34508
SRR10070828,45570
ERR998371,24006
SRR14340367,6582
ERR232313,15124
SRR12661576,87876
SRR658547,488024
SRR13381153,336040
SRR1523211,86872
ERR1374204,23086
SRR8928870,55654
SRR10070865,190574
ERR718627,115902
ERR1122710,128900
SRR19430243,402932
ERR1124444,190842
ERR1374535,6780
SRR6469174,113632
SRR15049569,112519
SRR1872850,18822
SRR8106573,24492
ERR1621465,185286
SRR5952029,1157298
SRR12436770,35150
SRR10126248,19064
ERR1374404,9152
SRR1062399,26442
ERR871303,439472
ERR667585,42734
ERR737775,114084
ERR959761,2094
ERR1395892,36856
ERR1888609,123378
SRR6654974,7775
ERR1252170,18290
SRR7633491,200517
SRR1872761,16998
SRR10827996,615336
SRR5810930,320
SRR13724945,2927044
SRR19571654,122786
SRR8706246,1448778
SRR9198835,9205
SRR1021213,1229218
ERR959564,3136
SRR21966804,222450
SRR6655196,13243
SRR1299129,514160
ERR984498,15572
SRR6469235,75350
SRR11302759,23
ERR1757469,20630
SRR11302959,172
ERR273894,3632
SRR11302939,109
ERR738224,100678
SRR6468834,63756
SRR12037327,14601
ERR1205354,156210
SRR5810920,1482
ERR1415111,62832
ERR738212,94370
SRR12161252,186304
ERR1889494,219872
ERR657565,63402
ERR1889302,149214
SRR5259817,1741996
ERR1889355,357584
SRR6469857,67056
SRR7468682,216731
ERR968148,312
SRR1062482,37329
SRR1872086,41660
SRR5163094,245992
SRR11869117,29206
SRR10040108,1175736
ERR1374615,9548
SRR6469767,95262
ERR960624,31986
SRR6655167,21876
SRR6268099,38803
ERR958935,63078
SRR1872120,37688
SRR6655149,14170
SRR18645024,821220
SRR12654018,880994
ERR1889158,53118
ERR1889240,82802
SRR11214425,424412
SRR1062664,19131
ERR1374191,3336
SRR6334840,481372
ERR998178,274
SRR8883780,11806
SRR6469421,78440
SRR8868542,396906
SRR12658664,284870
ERR960771,1884
ERR1374850,25998
SRR10127645,162832
SRR7468694,53820
SRR17218102,39110
DRR051059,1783996
ERR977587,833394
ERR1426773,164536
ERR1374329,1580
SRR4050160,419708
SRR11427459,438462
SRR21966822,436688
ERR1408786,82650
SRR9850663,14662
ERR1821520,22348
ERR1374790,11296
ERR2723247,24246
SRR15783460,426640
ERR2146892,409160
SRR8811924,52397
ERR2723095,27100
SRR13646768,522198
ERR959055,5118
SRR21966423,168294
SRR6654875,13976
ERR582879,418
ERR998378,314
ERR1373461,24638
ERR4910732,336363
ERR999446,72800
ERR1415270,54776
SRR1797746,38798
SRR8647260,369982
ERR926058,266
SRR13972070,102000
SRR20002722,134414
SRR6020329,2160270
SRR12672457,117382
ERR963166,37562
SRR10974047,56458
SRR8883840,230324
SRR6908751,170266
DRR314104,523556
SRR8293707,218544
ERR1891633,58750
SRR7892016,44016
SRR17026712,269864
SRR2180307,129027
ERR659941,98630
SRR18820774,394816
DRR162500,126050
ERR659980,109416
SRR870772,75709
SRR1062461,31873
ERR2723280,69880
ERR2723290,111626
SRR17968068,343800
ERR1757609,21582
SRR22744756,210622
SRR1205174,214462
ERR1427224,885506
SRR12313627,220008
ERR968103,702
SRR7268857,108332
SRR11302393,186
ERR999400,436
SRR9198875,7209
SRR3083720,385680
SRR870923,133705
ERR1888150,39794
ERR2723581,185404
SRR14217645,105689
ERR1415102,56136
ERR1426987,809612
SRR6654277,29738
ERR853695,47874
ERR1415245,94934
SRR11684035,7793810
ERR1416085,32786
SRR11214448,368956
SRR1062447,27013
SRR1872992,49114
ERR1408780,454
SRR12661902,78121
ERR1426883,906978
ERR716826,153498
ERR853483,46560
ERR657550,103926
SRR16299317,10003
ERR1204533,125264
SRR2027906,184882
SRR12614062,642250
SRR1049957,224426
SRR3381821,127474
SRR6250100,40002
ERR667491,30452
ERR202535,186
SRR11427286,358584
SRR10151568,38284
SRR17499128,91192
ERR1122783,75096
ERR1204377,180122
SRR15483593,441788
ERR273829,19566
SRR16299123,16364
SRR22420217,311226
ERR2723022,25546
ERR1252246,14888
SRR9697465,361293
ERR1125083,3295974
ERR716849,136008
SRR5504151,284019
SRR18296196,167284
SRR12037414,18993
SRR10863055,487590
ERR1216528,101450
ERR1205376,168214
SRR11033808,109070
ERR573426,38186
ERR1621558,37570
SRR6469341,78696
SRR12661740,44087
SRR7662136,10535
ERR1216087,108516
SRR18124379,173690
ERR2723477,225624
ERR1414927,54346
ERR1122703,209952
SRR8787766,4250265
ERR853584,54730
SRR22404868,224278
SRR8377235,16506
ERR1204372,77704
ERR4844842,164941
SRR10863028,2771762
ERR1857945,39384
SRR8883841,60558
SRR13015655,632010
ERR1396794,2
SRR3932209,168222
SRR7410374,92836
SRR835157,6919
ERR582885,260
ERR1218349,212704
ERR1888167,170928
SRR11577253,44476
ERR958945,1566
ERR202551,674
SRR11537844,5247910
SRR5921028,231761
SRR1872416,32894
SRR11305417,384302
ERR1620489,351320
ERR1416172,69500
SRR527847,522928
ERR1442848,13892
SRR8787715,32795
SRR6469480,73688
SRR11302826,62
ERR1620567,585408
ERR1252027,14404
ERR1414866,64234
ERR1124754,449012
SRR12892304,1726168
ERR2723279,69132
SRR3231332,5206842
SRR12992431,492132
SRR1554484,744645
SRR1914392,346542
SRR9610843,469281
SRR1062818,19890
SRR6654779,10148
ERR1373523,22192
SRR9962812,1819770
ERR1395953,4968
ERR960094,7020
ERR1124494,214736
SRR5921149,287718
ERR926026,121276
ERR1107994,72432
SRR1872446,2
SRR10151785,62382
SRR17547512,40944
ERR1888444,502768
SRR3113937,763830
SRR11092486,75918
ERR1124541,417848
SRR14308848,275131
SRR20083929,284634
ERR1415075,115442
ERR853690,37536
SRR12194943,419509
SRR2239188,155388
SRR17547495,46872
SRR7063565,683102
ERR871568,2344
SRR16299126,14034
SRR21518681,2436452
SRR9198965,15850
ERR999474,67664
SRR1872365,45510
SRR8530753,124244
ERR1374815,6680
SRR776509,72214
SRR10151586,12506
ERR959380,4578
ERR1374319,4778
ERR1216657,16550
ERR1857775,26912
ERR1373485,27616
SRR7891989,45552
ERR1594702,175276
SRR12037423,11316
SRR9906834,114790
SRR12661843,80803
ERR1888651,3770
ERR963142,40830
SRR1062501,33279
ERR9077182,55694
ERR960042,8108
SRR16299522,41429
SRR6250088,141080
ERR1475494,19438
SRR9312982,124074
SRR5855387,2062638
SRR1872949,21134
ERR2723159,43374
ERR1415272,71520
SRR3166958,70598
ERR1889701,39318
SRR1062250,400955
SRR3231361,199472
SRR16299300,5633
SRR22207165,153324
SRR10215485,35400
ERR2154770,28498
ERR1414820,31326
ERR1218364,181398
ERR1124907,1126460
ERR1892094,2424
SRR12661546,62084
ERR1108815,244116
SRR6249982,45906
SRR15626588,1904978
SRR3381815,314782
ERR1621694,94
SRR1873000,170786
ERR9077204,49115
SRR6268101,33693
ERR590714,40468
ERR1621439,58474
SRR14285953,178423
SRR11427413,568212
ERR2723429,94198
ERR1414944,35732
ERR689800,55112
SRR9331658,126420
SRR19594531,65870
SRR5810823,512
ERR2723782,825102
ERR1757383,27760
SRR12661908,359261
SRR7612996,1177785
SRR5163105,198984
ERR871452,638
SRR11926686,435600
SRR14428552,138568
ERR1396861,11738
SRR11302589,82
SRR8867578,279752
SRR7468683,217075
ERR1888144,21804
ERR1889493,40924
ERR4648692,90500
SRR6469537,157090
SRR1062728,19718
SRR8293709,210772
SRR9697468,386137
SRR6469169,101112
SRR9707994,100022
ERR1821873,24322
ERR1204630,149768
ERR1692504,868460
SRR12661630,44417
SRR5934167,111838
SRR12876846,514472
ERR1215572,147828
SRR14369957,610616
ERR1757466,20870
SRR3465544,185286
SRR12103086,929574
SRR14993661,276347
SRR12199233,282790
SRR10989903,256926
ERR998341,34384
SRR15646745,377260
SRR7613113,682503
ERR1427055,878360
SRR22018580,232502
ERR1730641,21888
ERR1373475,16094
SRR17085048,606330
SRR15036074,655343
SRR2968439,834450
SRR870883,113240
ERR582914,1616
SRR12436769,36794
ERR1216313,167900
ERR1889335,93014
SRR1872397,32214
SRR5381350,480274
SRR5382030,128012
ERR689852,64616
ERR1374513,13150
ERR411482,153836
SRR10204639,744100
ERR596587,43370
SRR2136293,390658
SRR8298686,498844
SRR13697041,1026506
SRR8948490,268632
SRR1872823,24120
SRR6811816,41778
SRR1062314,25347
ERR2723068,26534
SRR12194820,519728
SRR10887600,168712
ERR1108103,458320
ERR1442906,15466
SRR5810744,826
ERR1216045,156150
ERR1442815,14028
ERR1124715,283080
ERR999404,40
SRR16299577,8161
SRR20083924,274472
ERR1427388,1026514
SRR16195447,41925
SRR6176702,119578
SRR1871917,17830
ERR1475531,60962
SRR6655165,14582
ERR925787,80950
SRR12999269,1028024
ERR962898,464
ERR1408783,84064
ERR667535,33272
SRR10916826,61512
SRR9728744,3846
ERR1821831,23958
SRR12774384,166267
SRR3624460,789078
SRR7410456,1062
ERR1427002,721944
ERR959306,7498
ERR1427076,1041744
ERR1108539,336088
ERR1821517,23522
SRR1611969,65047
ERR1216747,27204
ERR1374690,12704
ERR1124430,76536
ERR1407623,23590
SRR11955186,692822
SRR9844306,609026
SRR7252516,618300
ERR854776,174326
ERR1216690,38256
SRR11427377,427804
SRR1872593,77064
SRR6654577,26068
ERR1396817,92436
SRR6176627,921446
ERR1216407,98072
SRR11302429,114
SRR8106456,20900
SRR8173223,1126060
ERR596658,25270
SRR15376931,5426096
ERR1252014,10842
ERR998212,50074
SRR5125627,258542
ERR1204527,47204
SRR11302457,216
ERR959260,15324
ERR960901,11798
SRR3581677,506984
ERR023145,68264
ERR1415182,61384
ERR1067163,201958
SRR14326888,25976
SRR6908672,12464
SRR11563223,76210
SRR6655225,5157
SRR042432,2451
SRR12436784,52366
SRR042434,7730
ERR1757642,12984
SRR5485630,227487
ERR1215514,48
SRR8937004,479326
SRR7883075,30572
SRR11303309,81
ERR659857,76876
SRR3231338,3036978
SRR6469744,46540
SRR12194964,687642
ERR958831,16418
SRR10863036,193208
SRR372790,351356
SRR22254570,253596
SRR11869571,1588194
SRR546819,88062
ERR830364,215206
ERR492300,85912
SRR8206458,1006654
SRR10070543,441318
SRR17547521,43690
SRR15663231,376236
SRR11874792,86532
ERR1442679,15480
SRR11196606,367014
SRR2834948,130858
ERR596652,24032
SRR8009941,414854
ERR1889430,58136
SRR8928744,221976
ERR492320,76156
SRR1872107,39112
ERR1857814,31480
SRR5921160,338663
ERR2154686,50176
SRR7789550,16901
SRR6654390,24691
DRR189378,85850
SRR8928746,220616
SRR7444115,553322
ERR1122825,722
SRR1205163,156493
SRR1872973,17214
SRR9906802,285758
SRR1616928,807994
ERR1889436,119814
ERR1888911,555838
ERR375749,1048828
SRR8787723,7188
ERR1416032,24384
SRR6267989,798556
ERR1216423,40970
SRR8305624,1014774
SRR10974087,60986
ERR960297,4502
ERR1216029,139844
ERR1757573,19668
SRR578917,104781
ERR1620550,229248
SRR14139674,341668
ERR960319,26240
ERR1397021,2006
ERR1373764,42550
SRR6384886,298956
ERR1415094,42248
ERR2723996,276212
SRR7292750,201870
ERR698016,80420
ERR1757450,12700
ERR659784,225414
SRR8922973,213180
SRR6654301,17900
SRR8106574,68706
ERR1205289,42
ERR1891672,65132
SRR6268147,194251
SRR22124141,221432
SRR11267518,214562
SRR5855255,250952
ERR1415098,43750
SRR9974569,125246
ERR4910326,251118
ERR1108823,95132
ERR2723496,269404
ERR1620523,132160
DRR162497,86798
ERR1858007,29730
SRR16298921,21581
ERR2154728,21068
ERR1373478,20134
SRR18192266,67496
SRR12443345,527342
SRR1551796,163782
SRR10040095,261428
SRR12774404,80981
ERR7384919,4170730
SRR10436027,240038
SRR11427403,405252
ERR1442792,15860
SRR9622330,124411
SRR3498285,2330180
SRR8867581,364832
SRR7662086,20063
ERR998219,50370
SRR11563221,79741
ERR1888529,486590
ERR2146919,265012
ERR959924,718
SRR11303154,156
SRR4423760,1650283
ERR2154682,355274
SRR10550516,93576
ERR2723955,13656
SRR9198822,6989
ERR958816,15714
ERR1620455,309188
ERR960237,6546
ERR1410188,35578
ERR998266,228
SRR2751018,220508
SRR3420349,1863794
ERR1757681,20350
ERR1757493,29372
ERR2723029,77254
ERR759376,187214
SRR6268153,117209
SRR12194922,670020
ERR2722971,600
SRR14217626,119908
SRR8106520,27840
SRR12287395,114495
SRR2968428,904576
SRR6652905,1003892
SRR8106361,44664
ERR1889305,40980
SRR5127979,137308
SRR17499144,95977
ERR1475756,53658
SRR17547537,27921
ERR1432002,157344
SRR17530169,234337
SRR13646735,507124
SRR6025589,11064800
ERR279665,1514922
ERR3838747,171124
SRR16299381,66981
ERR1122773,76820
SRR8244110,136474
SRR9662031,227864
SRR6268092,62168
ERR1108068,96684
SRR16195462,38820
SRR6654475,14178
SRR519746,1735556
ERR1730816,30566
ERR689807,67060
SRR14693490,132630
SRR17218093,94822
ERR1892032,79178
ERR1395838,22508
SRR11303361,110
ERR1204368,129104
ERR1816509,22496
ERR1757529,12816
ERR962906,392
ERR1888381,314968
SRR11585435,1869628
SRR14217606,86536
SRR11302907,1170
SRR1062215,37838
ERR4172794,538350
SRR15036078,377230
ERR1215846,88
SRR11303161,176
SRR7410430,153956
ERR1216632,76260
ERR960880,3920
SRR8706239,1182108
SRR11801330,153525
SRR8787787,92311
ERR1730511,23578
SRR16298990,13205
ERR871331,311330
ERR960340,21352
SRR7252512,1771574
SRR8599806,1116934
SRR1821805,771055
SRR6020377,221256
ERR517986,100222
SRR11302391,186
SRR11427463,660130
ERR1108748,40004
SRR11196605,396438
SRR17219887,8383
ERR871500,226
ERR853512,67202
ERR1442678,15818
SRR5921135,187403
ERR1475576,13844
ERR1407685,982
ERR780310,95060
SRR18390902,2139404
ERR1426860,796958
SRR6655069,35659
SRR17745562,27034
SRR6469407,266196
SRR1872041,10192
ERR1427392,1026760
ERR2723891,60578
ERR959347,5680
SRR8106486,43676
SRR1871880,16014
ERR958894,256
SRR12037324,15919
ERR2723060,103102
ERR411498,75878
ERR202600,358
SRR14217667,175630
ERR2723240,41290
ERR1203531,135326
ERR1888377,564882
SRR1736704,39382
SRR633550,395688
DRR162473,58866
SRR1205165,196569
ERR716846,166260
SRR6890862,56900
ERR1069146,277620
SRR10990391,254624
ERR1414943,18328
SRR17312072,3596098
ERR1442612,14776
ERR1416054,24156
ERR1442688,15762
SRR9198715,12762
SRR10490657,24861
ERR853827,42044
SRR11033828,310038
SRR11114793,69346
SRR8106387,15974
ERR959038,12336
SRR8106438,42826
SRR9198917,11886
ERR958879,33318
ERR960750,3608
ERR1251912,13372
SRR12661667,47890
ERR1821771,25156
SRR9849238,228424
ERR830345,212434
SRR18885359,568632
ERR960941,330
SRR11140720,232708
ERR1252074,15826
SRR14883460,145702
ERR1408841,89418
ERR1857903,34204
ERR1857789,33406
SRR9849222,197988
ERR871344,150
SRR13249629,102855
ERR998163,342
SRR1872194,77632
ERR1373382,16164
SRR2138298,126642
ERR1216638,71016
SRR15321083,765498
ERR1857605,32182
SRR14923985,304812
ERR667365,73424
SRR17654951,133078
ERR1108733,219736
SRR12661653,54062
SRR17218088,100619
ERR2154718,20826
ERR1821729,22696
SRR10117594,230814
ERR659997,111740
SRR6908654,536088
SRR5366722,1495710
SRR6469277,69872
SRR393007,248643
SRR17248530,361214
SRR12436771,54428
SRR7789603,14501
SRR870896,90195
ERR2723645,6528
ERR2723685,853394
ERR1373436,25434
SRR19641876,497294
ERR959510,1884
SRR11178124,533970
ERR962933,48956
SRR19661791,1515612
SRR6908741,134264
ERR853612,42534
SRR3381837,449652
ERR1889445,81692
ERR1757379,23352
ERR1205407,48
SRR10126196,20847
SRR6268061,41679
ERR1442632,14560
ERR1888352,204792
ERR582872,240
ERR2723899,133708
ERR1475841,35100
SRR6469602,47150
ERR1373697,53208
ERR1730698,28570
ERR1251961,12972
SRR1062335,100993
SRR11302676,42
SRR13015597,295914
SRR6469179,83126
SRR393009,118036
SRR10974002,113320
ERR1415181,89390
SRR5338229,6146
ERR1889271,75472
SRR17239194,374440
ERR1408837,180
ERR963179,252
SRR8883719,48370
SRR6655143,4000
SRR7905395,69230
SRR1062647,19018
ERR959905,10
SRR998925,30679
ERR2723064,107768
SRR9849247,304108
ERR3446761,77116
SRR2136166,109364
ERR659998,130026
SRR633545,385894
SRR6908698,1175464
ERR1888105,151742
ERR960630,126558
SRR6250227,84534
SRR6250184,62094
DRR051062,1030874
SRR1872627,15486
ERR853600,50102
SRR9198876,9959
SRR1872611,28
SRR5810801,2592
ERR999368,46
ERR659874,94240
SRR13697047,542230
SRR12070805,30923918
SRR5810850,472
SRR592700,251088
SRR10151764,19538
SRR8135941,443864
SRR6829411,314644
SRR1551797,422131
ERR1124734,256918
SRR13785101,21670438
ERR1821979,22144
SRR7268865,105184
ERR1415172,69394
ERR830292,216236
ERR718616,206288
SRR1872708,21456
ERR958872,31448
SRR13697043,918344
SRR6268161,139153
SRR3207407,355330
DRR334969,1048290
SRR6170098,1172006
SRR6654562,22330
SRR12708434,695006
SRR8106618,26406
ERR2723609,103734
SRR15600915,127118
SRR7905370,1020236
ERR780294,97926
ERR960356,1096
SRR6289739,94258
SRR9849255,605418
ERR959955,5062
SRR12903380,241044
SRR18935955,94095
ERR9077180,57746
ERR1204461,146150
SRR17077503,691292
SRR10550545,101264
ERR960422,12858
SRR9207164,204408
ERR959195,7130
SRR9198708,15826
ERR202587,478
ERR959702,31894
ERR853539,42222
ERR1122687,184148
SRR11303127,115
ERR4910701,206533
SRR10151729,42780
ERR998110,538
ERR780144,110690
SRR3231260,2021266
SRR17879859,301002
SRR11302531,87
SRR6654727,17287
ERR1216479,26058
SRR7268833,101222
ERR959198,86542
SRR5127967,910968
SRR12436760,52422
ERR2723973,64746
ERR1124703,387028
ERR958761,31536
SRR9164636,44348
ERR738225,108196
SRR7119829,22895
SRR18305959,763784
SRR11140722,182752
ERR959163,2476
ERR1124795,371298
SRR6468794,90782
SRR3231276,3667078
ERR1099405,116290
SRR12194864,383650
SRR1872697,10874
SRR13181589,316436
ERR1069104,206356
SRR1062464,32283
ERR1205254,52
SRR22420226,353868
SRR7154534,39399
SRR13565142,491376
SRR19594536,140847
SRR658548,129619
SRR11785629,73954
ERR1857841,1046
ERR667432,26600
SRR1062291,29915
SRR7883087,32713
ERR1621419,23136
DRR162505,21744
SRR10117544,216785
ERR1396890,21102
ERR1757418,21082
SRR7633480,217848
SRR7801965,490130
ERR1218479,117006
ERR959461,2962
ERR1821838,24158
ERR2723036,39350
ERR492298,62860
SRR870800,107408
ERR1415384,76712
ERR1888527,957036
ERR1373500,31426
ERR594430,224628
SRR9735183,462216
SRR12194914,409100
ERR871602,140
SRR14233931,279168
SRR1062584,18227
ERR1251979,19398
SRR16573983,270775
SRR19086719,109090
ERR303224,2319380
SRR10126132,12648
SRR8106601,20090
ERR2723167,39082
ERR1099432,144380
ERR1475653,46082
SRR12037429,8585
SRR16299403,11379
ERR667402,38486
ERR1889076,529384
SRR7264595,61368479
SRR13074846,41071
SRR1062436,26642
SRR6231897,1497750
ERR1373785,32880
ERR1124475,377428
SRR18192291,42840
ERR718623,100428
SRR8106473,23888
SRR2834969,101832
ERR1889041,4656
SRR11303335,89
SRR6215426,279900
ERR1108504,297726
SRR6176663,59925
SRR6654885,15115
SRR10828007,364510
SRR7410443,254376
SRR519754,4411384
SRR9849195,324836
ERR959125,14084
SRR6268197,144966
SRR17210886,153534
SRR13979062,95812
SRR6268148,185508
SRR499870,14760
SRR1565820,238344
ERR959558,286
SRR16298933,7344
ERR1374788,3548
ERR2724015,237940
SRR11874812,63350
ERR1216511,108184
ERR853747,69578
ERR959400,4896
SRR6468940,12242
SRR15626575,382374
ERR1374226,39790
DRR032761,199293
SRR10753175,52560
ERR1415399,59314
ERR1122751,246688
ERR1124518,526292
SRR14213383,48962
SRR17879865,310842
SRR15204084,179505
SRR14308852,242806
ERR6690612,848449
SRR11427348,448210
SRR10010394,79720
SRR6654667,21865
SRR16299595,23248
ERR853821,46728
SRR3139109,780666
ERR1410204,98262
ERR667414,30674
SRR3932180,313972
SRR12194890,359568
ERR1122839,220432
ERR1888550,642922
ERR5961095,395978
SRR1871891,15846
SRR10070563,23038
ERR2154821,10574
ERR755694,180046
SRR10151982,52116
SRR18820771,592102
SRR1872897,20376
ERR1216678,30060
SRR10415534,595088
ERR1621554,62374
SRR10899682,1329472
ERR202609,702
ERR1215601,484
SRR6025595,254596
ERR755690,194812
SRR1872251,18606
ERR1889248,211482
SRR5382034,144825
SRR13238443,812878
ERR716822,156414
ERR1858043,27242
ERR3446736,62814
ERR716744,59432
SRR14923968,234971
ERR1216494,25188
ERR1730702,24548
ERR960909,794
ERR1204388,161772
SRR13979053,110402
SRR1062495,32254
ERR1124525,500782
SRR13979052,96394
SRR6890849,53193
ERR1889298,144476
ERR1621518,21886
ERR1216315,187038
SRR11039810,198079
ERR1475543,46722
ERR1857735,13656
ERR960838,2344
ERR999284,88
ERR667419,40020
SRR6469221,96078
SRR14066782,116210
SRR22805221,731850
SRR15600968,108210
ERR340675,110120
ERR1124961,851726
SRR6469285,98790
SRR18049403,13026
ERR1730706,17448
SRR1872824,17860
SRR6268185,43766
ERR1431980,48430
SRR1062727,19697
SRR1872620,14046
ERR1692590,62044
SRR19667662,170828
SRR15626562,401900
SRR998910,33861
SRR6144817,19590
ERR1889428,134002
SRR3679516,373276
ERR1107891,71060
SRR6250310,121164
ERR1125034,525224
ERR1122768,84394
SRR18516704,590058
SRR10040064,736778
SRR6890866,48968
SRR10887438,560184
SRR8312798,220996
SRR7905390,521048
ERR1374388,11978
ERR1252113,15144
SRR7882018,1171914
SRR4026141,542138
ERR1216189,109264
SRR11563219,54517
ERR1821875,25950
SRR9189636,287684
ERR1216941,739944
SRR14144776,914102
ERR4910704,212004
ERR926029,138
SRR12194842,361165
SRR11303041,320
ERR1757443,10396
SRR12964278,298488
ERR2154741,10936
SRR17248536,294202
ERR1407550,502
ERR1442654,14444
SRR18687249,74058
ERR1069071,225106
SRR2239195,387753
ERR202530,116408
SRR11213689,52616
SRR8706259,236154
SRR19764250,387902
SRR10010371,64156
ERR998277,24362
SRR10434088,479148
SRR6654341,29773
SRR8457167,713412
SRR19661794,160280
SRR5119923,2109020
SRR15999457,68111
SRR13979033,73800
SRR8526620,110540
SRR7119873,53023
SRR23085082,312042
ERR3489868,282800
SRR6654308,28182
ERR1706509,54966
ERR659967,103002
ERR1858006,29478
SRR1062523,29512
SRR10366894,309466
SRR12125422,39074
SRR13012317,1808716
SRR5975626,794518
SRR8106675,11458
SRR6468783,77450
ERR999442,70104
SRR1062238,122866
SRR1062531,32157
SRR8928736,146608
ERR1099531,207052
SRR12661594,99683
SRR6469350,86880
ERR1442614,16584
ERR1821792,22120
SRR14213386,73471
SRR8305619,1235763
SRR8788678,110940
ERR871544,343136
SRR13652351,200315
SRR10887562,349042
SRR6495324,608786
ERR759362,166846
SRR6257757,560586
SRR19641866,701906
ERR1889869,235332
SRR516125,218746
ERR340680,148264
ERR1216605,96994
SRR1062798,19036
ERR1216016,110056
SRR6289796,69748
SRR17745568,17748
ERR340718,249650
SRR18181451,2075288
SRR19978694,318024
SRR9199032,9467
SRR7789586,262
SRR11186439,24982
SRR10126201,34039
SRR7264577,2584653
ERR449271,69816
ERR1889138,97154
ERR1069084,487442
ERR738287,88860
SRR6654973,14733
ERR1757637,25866
SRR7299170,157390
SRR18042691,1832
ERR657549,541698
SRR5893168,2024426
ERR1289943,201438
ERR853467,32062
SRR13724919,422306
ERR1374534,19508
ERR1099501,115084
ERR667395,18896
ERR1857885,34206
DRR334964,5817987
SRR12037386,18868
ERR1857691,27688
ERR1125065,738788
ERR3446768,57064
ERR1416121,52546
SRR15871414,173880
ERR1215769,40
SRR3470781,278769
SRR11303194,84
ERR1432019,152044
ERR1408839,128
SRR6324383,409170
ERR2723549,1776498
ERR1888890,280964
ERR1415216,37226
SRR12037342,14765
ERR1888455,534188
SRR7535405,21979
ERR871574,105874
SRR13998266,1400101
SRR5893161,1057516
SRR3923686,114613
SRR6025618,261606
ERR1620542,385468
ERR1442643,13658
ERR959904,1082
SRR16647477,550714
SRR9164647,52017
ERR1216768,18280
SRR1872568,18
ERR5236196,222240
ERR1891740,12156
SRR12661520,52991
ERR1889089,69096
ERR1891639,52274
SRR886456,22071
SRR6654575,22679
SRR1062616,19986
ERR202538,546
SRR6268046,33102
ERR716766,186752
ERR958765,5710
SRR10126120,21934
SRR12876839,700782
ERR1889262,82184
ERR998375,13044
ERR1374300,3322
SRR13938341,105040
SRR1555546,4039
ERR1416179,56624
SRR6469619,81652
ERR958849,19310
SRR7299169,161775
SRR6250270,115186
SRR4342166,265083
SRR6250218,52050
ERR1888201,112534
SRR8305623,59077
SRR14713047,364246
SRR12661516,26815
ERR689856,65992
ERR1442601,10844
ERR1889110,88880
SRR14217618,109982
SRR5921147,197104
ERR1204519,176070
ERR853585,37568
SRR870836,112293
ERR1442636,15462
SRR13593806,66638
SRR2989571,283624
SRR6468974,77800
ERR1730645,9228
ERR1757574,27454
ERR1414936,60406
ERR960380,1960
SRR6652897,235446
SRR12661873,52097
SRR11214454,432002
SRR1167753,204440
SRR12070767,27133704
ERR2154792,12902
ERR1857655,40560
SRR10151616,33608
ERR853675,47066
SRR5921142,233167
ERR1124735,465768
SRR10151651,72368
ERR1821765,23716
ERR1730742,9320
ERR1595113,195324
SRR14924007,26491
SRR12356851,321686
ERR1215746,255134
ERR1621498,42070
SRR5186146,257238
SRR7662051,43079
ERR1821871,21378
ERR1620557,173988
SRR11874782,77624
SRR6469159,100834
SRR6176622,2790562
SRR1872869,25364
SRR12125409,38595
ERR1889421,47606
SRR11303350,190
SRR11585442,2853428
SRR5931560,158139
ERR1108530,320142
SRR10017649,667560
SRR12194884,317577
ERR1216683,31230
ERR1216414,127948
ERR1374631,8286
SRR1062554,33808
SRR15662003,155411
ERR1858136,28146
SRR17654933,166903
ERR863498,22750
ERR667526,68874
ERR1373786,33658
SRR1872203,61174
ERR1414934,46474
ERR925791,1602
ERR1374857,1628
SRR11302388,175
SRR3018743,191107
SRR22747847,204864
SRR3932203,184416
SRR12162919,286208
SRR10887615,282884
SRR12070774,25760878
SRR3932178,189588
SRR10070801,122632
SRR14993669,352209
SRR18687236,184347
SRR6469120,136712
SRR10070804,133134
SRR17630941,80458
ERR1821739,25648
ERR1414827,53794
ERR1415429,105638
ERR1374151,4918
ERR2723964,30438
SRR1872077,68
SRR13376250,508696
SRR1872023,19674
SRR2834966,100338
ERR1410203,115710
SRR13646745,377846
SRR1555565,7243
SRR15910168,158549
ERR853667,44412
SRR6654757,10978
ERR716913,216134
ERR959837,504
SRR6507301,34072
SRR7909913,337892
SRR6469228,90516
SRR10040061,807624
ERR999542,720
SRR9211496,178550
SRR10550517,99735
ERR1374623,7132
SRR6654356,40553
SRR3679503,304356
SRR870856,127715
SRR10151746,156058
SRR10974034,84694
SRR6654387,7189
SRR9825125,12576
ERR1730518,25008
ERR1216537,98946
ERR1108006,119300
SRR10151908,24298
SRR6841472,703884
ERR2723307,211360
ERR1124771,453712
ERR1888287,61558
SRR12023707,439478
ERR1215828,186496
SRR13115035,1236132
ERR1821634,23264
SRR6468746,55522
SRR15927823,189362
SRR1062611,18472
SRR1872188,8892
ERR1821893,25176
SRR6654741,12951
SRR6469598,49586
ERR1218412,149986
SRR10344681,216897
ERR755669,269612
SRR1821828,264064
ERR1427391,693284
SRR10974035,77718
SRR19671826,113188
ERR1888869,304284
SRR6890857,55733
SRR1555557,1281
SRR15204081,225028
ERR2723260,72692
SRR6250325,157318
SRR11427447,315824
SRR578908,246847
ERR1888619,100784
SRR9596464,365108
SRR2541817,173458
SRR13332315,288960
DRR189376,206378
SRR1062242,84498
ERR1205264,68
ERR968073,47286
SRR11186412,639208
SRR10070667,311418
ERR1888510,616806
ERR960521,10600
ERR1416028,34876
SRR13780556,330126
ERR1889545,25878
SRR5818014,161206
SRR6246040,824846
ERR1122797,65890
SRR1062618,18312
SRR1534351,233562
ERR871345,158
ERR1621670,24962
ERR958890,29974
SRR633553,333088
SRR6468788,339020
SRR14428545,183617
ERR1821750,25506
SRR11427216,337520
SRR17530168,219639
ERR1858144,33802
SRR6654513,29818
ERR1373694,64518
SRR17630966,1369094
SRR1555547,6951
SRR15927819,123356
SRR6654534,9388
ERR4321734,70980
SRR8788675,1207706
SRR12708432,684582
ERR1821809,20196
SRR10550540,85858
ERR1069058,201404
ERR2723077,9454
SRR18516718,626600
ERR406886,65179
ERR1757434,15818
ERR2154732,54080
SRR6250340,2
ERR962904,484
SRR9849269,520070
SRR11303094,136
SRR11302291,134
SRR16298938,6851
ERR1706524,87214
ERR1395913,3062
SRR5418450,4710
ERR960783,4034
ERR1889853,141164
SRR7008278,78940
SRR8788634,1349306
SRR16299515,12634
ERR697868,65116
SRR17723116,385986
ERR960506,3772
ERR1215763,218
SRR12493000,110122
SRR10735823,143661
ERR1427319,1193506
ERR202522,396472
SRR6654916,10031
SRR7008302,27076
ERR1857643,26286
SRR3290609,804189
SRR959320,62007
SRR17530167,423341
ERR596683,21688
ERR1757439,14680
SRR13249698,498012
ERR962943,43710
ERR1475524,34880
SRR11851894,488699
ERR1821588,23612
SRR8206453,259408
ERR1858015,32322
ERR1374837,4064
SRR997335,696802
ERR1216158,122008
SRR12672458,122347
ERR1888964,417144
SRR12661548,78885
ERR492334,62184
SRR12067711,245048
SRR6374795,411190
SRR5320525,1028982
ERR4910329,226861
ERR1251974,11580
SRR870838,51193
ERR1215515,98
SRR8928893,50428
SRR835180,16713
ERR1888909,1086970
ERR657599,77582
ERR1205339,774
ERR959310,15184
ERR2723350,402166
ERR1427086,517374
ERR1252165,17426
SRR8552553,7309
SRR10151685,40846
ERR517847,82796
SRR13242465,27867
ERR1888740,115346
ERR1857748,33784
ERR1099544,137396
SRR12874656,195864
ERR853482,48630
SRR11785624,152386
SRR13594978,7178
SRR12194975,359818
ERR1427102,994612
ERR960021,9486
ERR1431983,698
SRR7764533,872456
SRR22968686,185030
SRR9875025,39036
SRR6655295,11907
ERR1621560,50032
ERR1442869,15130
SRR1062699,19432
SRR9198639,14342
ERR1204336,111104
SRR13708182,162990
SRR12492980,98044
SRR3179618,117164
ERR716755,140258
ERR1889131,49236
ERR1124556,514684
SRR3622454,145001
ERR780074,158322
ERR1396864,12320
SRR850605,255710
SRR11303256,104
SRR8106433,32814
ERR2154817,141286
SRR11874788,90012
SRR5921136,220445
SRR13938377,58798
ERR999415,78
ERR1216043,168284
ERR1426817,143876
ERR2723397,44156
SRR17547491,60346
ERR223600,694628
SRR9875058,56496
SRR15427704,650688
ERR1205291,166450
ERR4910330,282867
ERR1125090,535592
SRR11302500,99
SRR1872831,27222
SRR8182171,174510
ERR1205414,147494
SRR8298690,462956
SRR7268858,106976
ERR959309,13732
ERR659799,79882
SRR11302419,193
ERR1218432,165630
SRR10887616,167496
SRR7419855,22555
SRR8788656,1148624
SRR8928841,33764
ERR959673,1908
ERR1099573,120478
ERR871501,326
ERR1414886,25308
ERR1407547,436
ERR959738,11540
ERR738245,65878
ERR1415171,98686
ERR659851,118576
SRR7235544,125496
SRR8106315,193822
ERR2723653,74428
ERR2154711,75862
ERR960208,2652
SRR20651072,316188
SRR10040124,817042
ERR1730831,21930
SRR1872847,24326
SRR16299409,9311
ERR1396880,190828
SRR16299000,12092
SRR6176688,80546
ERR1204462,117122
ERR1252098,17250
ERR853456,41138
SRR7154524,38966
ERR492371,9258
SRR20869095,107730
SRR13234681,297036
SRR22805220,209496
SRR2834938,76624
SRR5127968,120080
SRR11926632,112043
ERR1888082,450
SRR6468821,79104
SRR18927009,575226
SRR11186430,35376
SRR8787728,165139
SRR8106702,20506
ERR1620591,366300
SRR16299518,34082
ERR960064,2650
ERR1858062,26164
SRR11302642,51
ERR1426813,178404
ERR10368629,413400
ERR1475658,36436
SRR8787797,22050
SRR959341,30282
ERR1374330,1702
SRR6784682,298858
SRR1872465,10
SRR13015651,381652
ERR959825,482
ERR1252044,17082
ERR596600,48820
SRR9662018,2069884
SRR6814882,188908
SRR1872908,47180
ERR1374140,7528
ERR1889820,59702
ERR1857679,26392
ERR1427167,997482
SRR8928872,28230
ERR689797,90318
ERR960873,3146
SRR11302456,133
ERR958924,43096
ERR3301003,384462
ERR853780,41716
SRR8788696,1777402
ERR216330,9302
ERR1374426,7542
SRR8312794,149289
ERR1414948,42094
ERR1216131,106648
ERR1621683,45288
SRR9849233,217568
SRR5810887,190
SRR6469098,93324
SRR17219955,5210
SRR1872739,22454
SRR6654256,32750
SRR6908676,45576
SRR13970400,558016
SRR886452,607210
ERR1108770,171106
SRR13339152,27802
SRR1531452,17908
SRR8206455,453375
ERR582880,296
SRR6469470,64996
ERR1124746,336358
SRR3544819,54758
SRR6250044,161762
SRR16973877,675106
SRR3179604,295638
ERR1891631,53696
ERR1620412,1317164
ERR232354,1248776
ERR1889091,101594
SRR16299366,10326
ERR1215717,206880
ERR737724,108388
ERR1426854,754712
SRR11869107,41924
SRR12037482,14399
SRR13594971,4622
SRR11575113,27451
SRR7268878,83764
SRR12661771,55349
ERR1216586,25486
SRR7292724,569229
ERR1216148,98600
SRR298565,32136
SRR17400060,197350
ERR1125061,420260
ERR999434,326
SRR9849219,443024
ERR1621355,56786
SRR18192313,127226
SRR8383261,8691
SRR10117542,218886
ERR1621504,41482
SRR9198682,23206
SRR5119924,1915892
SRR22805210,849288
SRR11302684,120
SRR10070787,356182
SRR8106389,45440
SRR7268987,100552
SRR4723027,86413
ERR1414824,84672
SRR7236665,81371
ERR1218480,120590
ERR2154712,281696
SRR6469094,47394
SRR8106569,31224
SRR16299396,18097
SRR6250289,117032
SRR17400076,208906
SRR10887470,361916
ERR1475761,19164
ERR1108726,229152
ERR1888497,22216
SRR19892906,317326
ERR1730487,25710
ERR2723689,91918
SRR1062234,59353
SRR10070848,92980
SRR9189640,211885
ERR1396897,133896
ERR517946,51604
ERR1396894,13156
SRR11302496,191
ERR1889677,55458
SRR9211491,159441
ERR960277,1190
ERR4140027,205660
ERR1888835,96312
SRR2750985,368817
ERR1252016,11436
ERR1124947,555244
ERR667613,47760
SRR10863005,143906
SRR8787711,105155
ERR1252115,14446
SRR8883806,1179015
SRR578906,170984
ERR1396929,172986
ERR1124954,970000
SRR13979064,110031
ERR1204647,104
ERR959253,1208
SRR9849242,253124
ERR1122672,126528
SRR13839962,31452
ERR960061,592
ERR517930,45474
SRR8787683,159909
SRR6469397,22
ERR1069079,585350
SRR13388659,1187682
ERR1889019,366816
SRR18687252,262108
SRR13381331,782488
SRR6250239,84894
SRR11302981,152
SRR800043,774224
SRR13673981,190758
SRR18837604,315104
ERR4140026,221619
SRR13729830,474200
ERR959304,3282
SRR8991404,429708
ERR2723890,86474
ERR5961089,334408
SRR870897,104693
SRR13015610,1106364
SRR4124039,87202
SRR7292729,156785
ERR1889375,221608
SRR6654813,11539
ERR1821923,25388
ERR1620552,232614
SRR14567465,910170
SRR10151774,94578
SRR7662134,16347
ERR960324,4118
SRR9336429,5790644
ERR1396869,100610
ERR960096,13912
SRR9199007,12531
SRR6930577,192536
SRR11206292,62779
SRR1062385,115525
SRR6268090,52032
SRR6908626,6700
SRR10010349,183462
ERR1757396,29724
ERR1889123,229774
SRR10916823,119877
SRR10408933,103359
ERR830298,203302
ERR3838732,122996
SRR10735819,1152310
ERR1099475,87086
ERR716745,63106
SRR8503425,117943
ERR960862,4852
SRR7746650,53156
ERR1251991,20358
SRR1736708,55071
ERR1395837,22492
SRR870942,234525
SRR15927800,178604
ERR1252161,16492
SRR11267515,240666
SRR1562532,78458
SRR14567471,286336
SRR6176714,133566
SRR8784490,21988
ERR854784,84472
ERR689841,82490
SRR13565171,351918
SRR12037417,13173
SRR17499131,51669
ERR2723202,32256
SRR9336417,5809764
SRR22018612,248148
ERR1888127,21286
ERR1427146,1632
ERR716874,156258
ERR1888078,301702
ERR1889178,9588
SRR11862832,91996
SRR5810929,776
ERR1757612,29214
ERR1218428,187736
ERR1396918,138610
SRR12661649,54843
SRR12340125,785924
ERR1205310,42
SRR1062675,18886
ERR1427199,904716
ERR1889236,101050
ERR1099450,160530
ERR1216386,179640
SRR9947421,260842
ERR1124750,500192
ERR1889582,68594
SRR2927820,1526468
SRR1785164,375483
ERR871387,281312
SRR6469212,95536
SRR1872133,24220
SRR17282616,460803
SRR5810938,8652
ERR853824,43178
SRR12436741,42573
SRR19571653,91569
ERR999475,68
ERR738227,102746
ERR4648685,104154
ERR1858041,36864
ERR1215693,132
ERR853546,53910
ERR718619,137452
SRR11577257,34336
SRR11427386,568194
SRR3381753,227120
SRR10010398,48850
SRR11785644,144115
ERR4321717,956782
SRR6469416,56786
SRR8106363,77132
SRR516546,66
ERR1426974,753424
ERR1475572,17768
SRR16298980,10256
ERR2723478,105956
ERR1374203,17714
SRR7886630,1131292
SRR9662016,153458
ERR960598,19118
ERR657574,110102
ERR960657,3106
ERR1374817,4364
SRR6655027,8876
ERR1124751,357858
SRR13234630,191515
SRR20002703,149596
ERR999369,103290
SRR6417972,424758
ERR960410,864
ERR780288,67312
ERR596583,61630
ERR2723367,161864
ERR1205085,588
SRR5683293,1871146
ERR1107877,301784
SRR6469167,306956
ERR1857856,2772
SRR10070838,301550
SRR5274769,315650
ERR1410139,593892
ERR2862352,2100958
ERR1442872,13730
SRR8798894,320594
SRR11448263,203204
ERR1427263,827254
SRR7268957,186636
SRR6289795,69692
ERR594453,220870
ERR960003,526
SRR18516952,26949
SRR14217591,132505
SRR8054404,582628
ERR925734,302
ERR1374331,8494
ERR1816561,20460
SRR7662022,18773
SRR9198909,9607
ERR7131163,271434
SRR10126200,19545
SRR11214374,422734
DRR051063,731796
ERR1374422,6570
ERR1426928,829090
ERR2154661,107310
SRR1872468,8
SRR10550538,105327
SRR6654884,14424
SRR5125636,236694
SRR11955190,629230
SRR10151738,98994
ERR1216026,119136
SRR10863011,239374
ERR1415037,53970
SRR7468693,59946
SRR7789546,11994
ERR1124937,606228
ERR657618,80868
SRR17600934,222972
SRR12661867,47344
SRR6289709,71702
SRR6655042,7004
SRR12999267,3027428
ERR1124676,432162
SRR10974136,62370
ERR4968938,222567
SRR6654424,8076
SRR10550572,88479
SRR6469323,54594
ERR9077174,57392
SRR6655081,25599
ERR960187,3648
ERR657538,107272
SRR13674933,122826
ERR1099418,127168
ERR1407707,26900
SRR11302330,1029
SRR9198836,19585
ERR657524,65862
ERR1757416,24448
SRR10070626,390554
SRR3381812,440438
SRR21518666,10738740
SRR10010356,94534
SRR5810682,4868008
ERR1218333,182920
ERR3838749,179952
ERR1427054,737308
SRR8788669,499428
SRR9198792,13329
ERR1889722,264978
ERR871315,289110
SRR4423761,1112935
ERR1397034,10934
ERR854811,154272
SRR10267095,280336
ERR999327,1106
ERR1216354,109530
ERR1888307,101674
ERR689815,68352
ERR2723806,55172
SRR10151870,91530
SRR6654792,18669
SRR5398209,142106
ERR1216051,148548
SRR6020412,766564
SRR13839968,119642
ERR1821964,22802
SRR1062788,98743
SRR9849199,312596
ERR1216784,19768
ERR1857574,25582
ERR1374132,1722
ERR1414865,54264
SRR11427339,415612
SRR1872635,11362
SRR8106564,30598
SRR6468756,22102
SRR6877479,435722
SRR1872479,32622
SRR6469464,66520
SRR12672452,127632
SRR15036068,1065507
SRR10511879,130463
SRR16299562,19825
ERR1373601,52482
SRR1872029,16
ERR1407643,1796
ERR2723856,106060
SRR11951245,158932
SRR835183,459006
ERR1443973,429678
SRR8173226,2148224
ERR1888495,268050
SRR13181558,250304
SRR1554495,2600886
ERR959466,2326
SRR11302737,93
ERR1475598,35782
SRR6469131,286086
ERR1124730,362316
ERR2723602,118236
SRR22129121,1067698
SRR11302524,102
SRR10902873,2258730
ERR1432000,175540
ERR1416123,47190
SRR13602450,281708
ERR1442812,14176
ERR2402430,855666
SRR10070588,74928
ERR1373607,65170
ERR7720648,2223292
ERR667564,47390
ERR1204405,183886
ERR1204488,115898
SRR13238450,257614
SRR6261604,35280
SRR13297033,646730
SRR12287384,274079
ERR998206,16108
ERR1427118,970412
SRR2087782,168994
SRR1872128,18
ERR998393,28622
ERR1108108,284770
ERR1427266,929402
SRR10611683,5294960
SRR8787750,90356
ERR1204356,152564
ERR999298,40020
ERR960672,8
SRR3932201,134440
ERR1857702,534
SRR3381793,301066
ERR1218385,289986
ERR3266355,23317
SRR11577252,45084
SRR6655011,6490
ERR4029245,485718
ERR2723422,60896
ERR738248,81806
SRR13849962,1161468
SRR2751019,196050
SRR13374840,341042
SRR6654423,12075
SRR8106616,21302
SRR17846330,128664
ERR1396913,63358
SRR10344675,128736
ERR517925,48566
SRR10151835,22262
ERR1620511,156930
SRR12974173,442238
ERR1216561,16898
SRR12661622,49737
ERR1427078,944448
SRR10126225,13302
ERR1475534,43260
ERR1373538,17654
SRR11873956,454578
SRR13015625,958344
DRR162532,157824
ERR960000,7488
SRR8357661,371250
ERR1730741,21278
SRR5125629,156364
SRR1872555,32
ERR202501,8316
SRR8784151,51392
SRR15204095,173230
ERR596647,18996
SRR5398197,21610
DRR189370,157238
SRR17745579,232
SRR1872015,7446
SRR12037501,13171
SRR12774380,159378
SRR6654597,24519
SRR18181449,577508
ERR2723220,84446
SRR6176679,116859
SRR1299124,1003548
SRR7801959,619833
SRR7662112,16812
SRR1062387,116374
ERR2723881,49978
ERR1124889,477066
ERR963189,66
SRR1609735,131912
SRR11315241,652236
ERR1099428,189938
ERR1442794,17750
SRR7882026,289630
ERR1857858,648
SRR7535401,24180
ERR1757389,23832
ERR1107986,156350
ERR1216327,198226
SRR6289761,165126
SRR12749699,5961911
SRR11785636,94322
ERR2723982,20096
SRR11303061,89
SRR4457850,114067
ERR871528,109764
SRR8706247,1685080
ERR998171,126
ERR1252245,18210
SRR1872374,40446
SRR13972065,52658
ERR2723875,25354
SRR4050165,425294
SRR17499129,73690
SRR10070619,722750
ERR1857640,26922
ERR1442622,19026
SRR7268888,99676
ERR1426992,768264
ERR1408807,236
SRR16299290,8288
ERR998123,72
SRR13724970,1917484
SRR12492984,82802
SRR9164645,62912
SRR12037478,13283
SRR3679526,354456
SRR5883633,135764
ERR2723595,213826
SRR7942638,820950
SRR12070813,28250984
SRR6215425,276960
ERR7131169,312873
SRR10151769,93238
ERR1373577,40960
SRR11777175,213877
SRR17219889,10077
ERR1395880,1028
SRR11243178,5369222
ERR853759,67904
SRR9198841,10268
SRR6654686,10252
SRR21966438,138246
SRR16299294,4545
SRR6289750,101058
SRR8928924,155004
SRR8106379,60884
SRR2180314,191627
SRR7119824,12647
ERR960230,7286
ERR998315,34162
ERR1442656,13784
SRR10974107,61204
ERR1888513,434068
ERR871380,301506
ERR1427103,834298
SRR6468909,74224
SRR6451495,118025
ERR716898,172598
SRR12964277,172894
SRR1871889,14432
SRR6020378,192710
ERR2723579,134132
SRR12661528,41340
SRR6654300,33396
ERR1889121,87730
ERR1889799,80174
SRR7942625,95933756
ERR659935,139964
SRR14217601,87070
SRR12340456,811396
ERR1410178,44574
ERR959022,0
ERR1426857,851758
SRR17745595,5396
ERR2723510,179886
SRR3207415,55473
SRR12142045,77369
SRR22805212,1070500
SRR12831468,873218
ERR755706,180998
SRR6469840,122334
ERR959813,370
SRR11040631,317270
SRR14213391,38625
SRR9861062,418514
ERR517881,80532
ERR959971,716
SRR11519040,282133
SRR6469352,92986
ERR1216411,71524
SRR10070648,100930
SRR14428595,112141
ERR2723078,69202
SRR10989886,407924
SRR20283709,53090
SRR5818019,167366
SRR20018673,144752
ERR1888224,3004
SRR6468960,43830
ERR853665,60286
SRR12661779,60055
SRR870881,171989
ERR1730633,20458
SRR8928729,150156
ERR1218318,203446
ERR1216004,135216
ERR1408832,75812
SRR1872493,81700
SRR15049563,383668
ERR1108039,159558
SRR10126028,22077
ERR2723568,136988
SRR10058768,300392
SRR6506180,1043018
ERR737756,98756
SRR18296205,180306
SRR7662031,7968
SRR870795,97085
ERR960641,4660
ERR1730620,27756
SRR16299590,13337
ERR1888198,18124
SRR2353208,1599686
SRR11303252,136
ERR1122767,130694
SRR17547542,55731
SRR9067637,1368368
ERR7132848,304030
SRR11302747,338
SRR10117568,265064
SRR6841461,467372
SRR959357,31298
SRR5186147,258296
SRR7236669,346158
ERR738231,102012
ERR999376,82
ERR830331,248684
ERR1888511,165456
ERR1427322,1042012
SRR7292748,164030
ERR1621591,49348
SRR8928803,18188
SRR14285947,180062
ERR959902,1142
SRR13849960,550598
SRR1872830,16590
SRR11315237,696062
SRR13339154,219114
ERR1821977,22682
ERR960308,961782
ERR871589,405272
SRR7726444,1550810
ERR1620586,118018
ERR1888679,2336
SRR22129114,988126
SRR10836790,238410
SRR15927827,178122
SRR6250148,152400
ERR999553,86
ERR1124928,814904
ERR1415097,45498
ERR1621503,49934
SRR9854013,26128
ERR1216186,131332
SRR12070794,27381352
SRR18053118,1068830
SRR4469351,203018
SRR1523216,86496
SRR17654950,116666
SRR8922965,329320
SRR13565146,353218
SRR18745515,1183664
ERR977591,33799708
ERR1426932,658370
SRR13160658,139850
SRR10272860,1891678
ERR1124501,480894
ERR492379,64794
ERR1215593,217806
ERR960301,1370
SRR372794,218038
SRR17497228,187714
SRR9198695,21479
ERR2723618,3222
SRR12194957,521438
ERR1216033,136936
ERR1427067,514764
ERR1216723,62376
ERR2723248,34794
SRR10040096,900574
SRR13724949,2573414
ERR1215754,14
SRR16299116,71
SRR22420220,287624
ERR1816504,23044
ERR1857697,2270
ERR738290,82138
SRR9674239,121290
SRR1872862,9774
ERR737714,348
ERR1215727,219706
SRR7662044,16161
SRR1062378,115789
SRR10151678,62698
SRR8784176,337905
SRR16378894,54851
SRR6289816,88636
ERR1426913,769526
ERR1374208,10972
SRR17247008,1121786
SRR1872420,43038
ERR1857808,4508
SRR7278698,226735
ERR1415397,78712
SRR6469075,69228
SRR6469697,192640
ERR1475501,25726
ERR1475548,37490
ERR1205117,4134
ERR1426785,135578
SRR1872808,13972
ERR1414999,33236
SRR6469617,683752
SRR10974104,159690
SRR6176704,123954
ERR2723715,79266
SRR11302910,581
SRR8244112,138350
ERR1204295,166038
SRR17547555,33169
ERR1888818,126802
ERR1857678,27286
ERR1427163,1008698
ERR573427,66144
SRR10863013,360126
ERR1816572,21890
SRR21966816,223654
SRR13708183,142308
ERR1426848,190480
ERR1889282,47648
ERR1620579,56006
SRR10125983,27263
SRR9674297,113528
ERR1215954,111530
ERR1108526,332316
SRR12661841,74505
ERR2723424,197368
ERR960039,6
ERR959711,20900
SRR12340117,573648
ERR1216936,781366
SRR9336415,4974546
ERR1108117,374752
SRR14139664,358096
ERR1757694,7330
ERR998312,44
ERR962952,374
SRR11869098,52705
ERR830363,249102
SRR7236672,142315
SRR11303104,73
SRR15204109,243661
SRR5810798,1494
ERR2723606,86058
SRR8811904,54167
ERR999491,1502
SRR8137047,282336
SRR1872798,25612
ERR2723811,87112
SRR5893120,92093
SRR10862990,745454
SRR10366892,458506
ERR1107934,234902
ERR1108780,287692
ERR1205268,70
SRR870960,216375
ERR998269,296
SRR1872742,18942
DRR067133,4257392
SRR17731348,146528
SRR6020379,8066560
ERR998190,35400
ERR2723629,209512
ERR1888092,26936
SRR836196,897216
SRR10070695,90642
ERR2723607,302944
ERR962984,522
SRR9622320,173523
SRR12134631,4722834
ERR1427378,998434
SRR6250245,98032
SRR8106405,47912
SRR18927017,551074
ERR1216450,104628
ERR1692541,54216
ERR517961,63224
ERR1888362,447864
ERR1414918,53382
SRR12113708,409271
SRR1872308,30
ERR1396989,42962
SRR5809470,82305
ERR2724022,1662
ERR1889622,125362
SRR1062539,23647
SRR1565805,305469
SRR9198657,10095
ERR1108506,335510
SRR20869087,54730
ERR759377,144274
SRR21831670,581580
ERR1821878,27952
ERR6690608,606585
ERR1252015,12964
SRR10010359,120406
ERR1374391,6108
SRR9159940,624098
ERR1396911,2788
ERR1442639,17298
ERR1374670,20662
ERR1218441,200732
ERR1475482,16806
SRR7154530,31574
SRR8784178,831201
ERR232339,814418
SRR7612982,82866
SRR12464069,259840
SRR10070833,244178
ERR1252037,15442
SRR17994493,202440
ERR3931359,92209
SRR2013989,353084
SRR12194915,293516
SRR8377218,205364
ERR1373680,61566
ERR1108131,251044
SRR6289770,69996
SRR11684020,190190
SRR11185419,184770
SRR14993687,128382
SRR6468912,54728
ERR780049,69886
SRR22129119,2033186
SRR10887530,333566
SRR9849197,275368
ERR1218347,194398
ERR962987,146
ERR9787509,290498
SRR7299200,213262
ERR7179896,146078
SRR14703429,785932
ERR2723765,197770
SRR10060610,339764
SRR1062254,406493
ERR854774,126442
SRR12113711,379864
SRR5127962,438850
SRR6469047,81396
SRR6469360,74292
SRR19667665,132262
SRR22318719,79468
SRR11610423,235988
ERR2723942,41490
SRR5113023,144976
SRR13360757,242235
SRR1872755,10596
ERR1204231,155044
SRR1872240,40976
SRR6152624,157199
SRR6176621,2649206
ERR1396992,1462
SRR10550562,78184
SRR12150546,182320
SRR12170582,292916
SRR1062620,19449
ERR659922,143524
SRR3465543,176117
SRR5942265,80285
SRR6654531,4685
SRR10974023,64772
SRR7236664,301984
ERR2723980,38934
SRR11303326,117
SRR9198732,17565
SRR10126080,196
SRR6469832,102
ERR232322,4483754
SRR1872464,10
ERR405182,131234
SRR18935956,108266
ERR1889713,82336
SRR15048124,385136
ERR667546,42160
SRR6654420,9078
ERR1888061,236640
ERR780071,126510
SRR8787734,125125
SRR12356850,293916
ERR1426818,202146
ERR1692543,44502
SRR870814,140970
SRR11777174,212201
SRR17001172,379526
SRR11302709,139
SRR11855602,428874
ERR998261,736
SRR18745505,1409814
ERR1108524,217760
SRR10868200,510962
ERR1373634,51124
SRR11206273,54161
SRR6469506,167654
ERR659838,61820
SRR10948648,1170230
SRR11684026,224868
ERR1204371,102512
ERR1397040,60320
SRR22443586,319560
ERR1858044,28460
SRR13759082,47732
SRR14923977,292339
ERR2723917,19128
ERR1416026,40868
SRR12194949,392568
ERR1892049,119526
SRR6250272,103504
SRR8787754,2614341
ERR697984,52052
SRR8749827,773422
SRR10152015,146528
DRR162482,120830
ERR737753,78698
SRR1821806,394990
SRR12628229,327166
SRR9849249,206142
SRR1872605,100758
SRR8244104,160460
SRR11302464,799
SRR11090054,48101
SRR7749237,9913
SRR7905356,2285134
SRR11214441,161376
ERR202531,165682
SRR392968,287748
ERR830349,198252
ERR1204514,93284
ERR525417,113166
ERR959659,1752
SRR13724924,114308
SRR8883873,353554
ERR960391,806
SRR9622318,204093
SRR10182211,39973278
SRR9608467,934054
ERR2723331,135038
SRR6469231,72914
SRR6250180,146906
SRR12628230,399096
ERR1218471,163282
SRR3231256,1253924
SRR14710792,216056
SRR5978435,710614
SRR6469264,108062
SRR7549097,518820
SRR11293504,785962
SRR11213706,64836
SRR1872695,12766
ERR1374341,3512
ERR3446758,62884
SRR1062224,21978
SRR10126001,24361
ERR1396916,139564
ERR960906,3406
ERR1888638,101276
SRR3231300,1654502
ERR926031,170
SRR7886633,1441618
SRR8749826,523391
ERR999328,104
SRR5341522,114215
ERR1107955,117418
ERR1620488,414304
ERR1889556,152796
SRR4241542,818898
DRR162511,28636
SRR11186432,254124
SRR15626529,182296
SRR7942616,495028
ERR1889456,328414
ERR1427341,773920
SRR9850665,16535
SRR392996,17208
ERR1821715,22186
SRR3679554,119438
ERR1125082,263766
ERR697924,74420
SRR5125767,936284
ERR1692521,81568
SRR10070741,107486
ERR1431985,1306152
ERR232294,32986
SRR10117587,228028
SRR1872144,28838
ERR1215721,238564
ERR4911021,144454
SRR6494597,772588
ERR1427084,1050578
ERR1426954,1006206
SRR1531482,1340616
SRR11302693,102
SRR11185421,383468
SRR8106706,26828
ERR8517082,160848
SRR2145845,105979
ERR780122,178836
SRR5320501,317362
ERR1289944,186460
SRR19641867,825282
SRR8485421,21698
SRR16574811,291968
ERR667557,42332
SRR3581667,513014
SRR11777173,141278
ERR1204634,183846
SRR7063573,390136
ERR2723219,10548
SRR7905364,787566
ERR853744,41138
SRR5810931,304
SRR5921193,345364
SRR1062590,19218
ERR716711,62700
SRR10415531,461576
SRR11302600,141
SRR13015573,409188
ERR962951,536
SRR6025601,262434
SRR7749228,16248
SRR6289758,196288
ERR925703,55342
SRR6469130,74912
ERR492339,81172
ERR2146954,165494
ERR659839,61980
ERR960043,1510
ERR596608,42250
SRR15710929,168614
SRR10070831,24004
ERR1427416,553848
SRR8526629,162366
SRR15373452,7764484
SRR12877274,157130
ERR1218335,177026
ERR1821763,23042
ERR977578,886060
SRR14993683,344995
SRR14703469,23042
ERR1888982,342882
SRR8106366,50572
SRR8503424,115661
ERR1069074,201336
SRR6654295,16545
ERR1125052,470936
ERR1069119,226340
SRR7264586,25936527
SRR13181528,420032
SRR6908361,293076
ERR960141,1640
ERR998358,1218
SRR6469191,90616
SRR1062409,26157
ERR1475818,28706
SRR13080692,272139
ERR1621353,47432
SRR8305649,608131
ERR1124621,117696
SRR9849252,431220
SRR5115723,610577
SRR16195478,50620
ERR871360,192
SRR8788719,120074
ERR1621579,50158
ERR959595,2834
ERR1204291,117074
SRR7268866,104396
SRR1062631,19192
SRR7813757,866094
ERR2723418,122872
SRR9674304,150146
SRR6020352,930920
ERR1122785,140130
ERR273825,2687328
SRR8383291,7789
SRR11302543,85
ERR594439,221724
SRR20001190,659476
SRR17642812,468242
SRR15376937,4406020
SRR12661543,75769
ERR1108001,116678
SRR10040083,1127638
SRR9674274,144958
ERR1108167,122758
ERR7131143,137427
SRR7268837,101566
ERR854835,113776
ERR1216765,21268
SRR8883848,233644
SRR12424274,345202
SRR11302668,98
SRR15783458,399614
ERR959522,930
ERR1888896,623530
ERR1888113,98224
SRR9164638,57643
SRR835150,61153
ERR2154739,71142
SRR14163088,78484
ERR659992,110564
SRR2968427,1793288
SRR11303146,70
SRR13311746,3303504
SRR10070744,276278
ERR738262,76326
SRR11303187,77
SRR16195451,85410
SRR10836793,334800
ERR2723099,47834
SRR4050163,429578
ERR1216736,64004
ERR596657,30604
SRR12774399,667433
ERR1415164,78880
ERR959167,11132
ERR1374318,9082
SRR11873959,846118
ERR1889412,10630
SRR16195513,27323
SRR797908,132993
SRR9198750,9556
ERR1415428,54538
SRR5113012,512638
SRR12493017,116334
SRR6469303,36878
ERR1122791,222146
ERR960373,2872
SRR7268829,105004
SRR8135923,1045302
SRR12892309,5901888
SRR13938375,100388
SRR10199508,170074
SRR1872714,22046
SRR6374792,659144
ERR1621529,49286
DRR029942,27176
SRR17745571,4182
ERR1426765,417312
SRR10887450,372620
SRR1872563,12
SRR7633492,230907
SRR1062346,116209
SRR6387406,339607
ERR1216564,21764
SRR5810761,494
ERR1757514,20534
ERR1888926,537470
SRR11869423,213280
ERR1426845,96168
ERR1107952,214876
ERR2723675,4906
ERR1889659,295626
SRR6829423,1942054
SRR1872875,25268
ERR1427406,1197706
ERR716785,178604
SRR13789078,978720
SRR10126030,14749
SRR16327295,146320
SRR1216351,244854
SRR5163822,133262
ERR925735,302
ERR1888366,240810
SRR10323906,8860
SRR6469271,88942
ERR1122800,160584
SRR8914606,336774
SRR22825755,17128688
ERR1407709,26352
SRR1062775,22540
ERR718591,438
SRR10753182,8956
ERR999407,76
SRR10070788,108846
ERR960548,12
ERR202596,706
SRR22420228,278532
SRR1872988,86852
SRR5853085,329969
SRR14915978,95190
SRR22404866,195930
ERR1757672,41278
SRR1531461,2201864
SRR11302509,74
SRR11186410,597824
ERR1069135,351236
ERR1426918,820950
SRR5810876,958
ERR1407539,1084
SRR11302443,104
ERR999314,140
ERR1122705,160598
SRR10151726,20220
ERR1415361,120942
ERR1373804,33896
ERR1889214,20622
SRR519731,3634162
SRR13970395,458998
ERR998129,146
SRR1872373,40270
SRR6908684,18442
SRR12464109,298190
SRR6039683,887929
ERR1374303,7522
ERR1426781,180322
SRR11303238,180
SRR8377236,524852
SRR6250018,36870
ERR871458,132156
ERR2723221,113926
ERR1396833,0
SRR2040562,65592
SRR6020324,43925334
ERR3446766,65410
SRR8787795,48269
SRR20869099,69064
SRR14217612,109941
SRR12661854,85306
SRR17218089,114576
SRR7268849,101922
ERR1692497,68598
SRR11814650,357976
SRR5605446,333248
SRR13115051,1397082
SRR16299006,19305
SRR11303022,149
SRR11214455,403562
SRR7886609,236042
SRR11033812,39440
SRR5044683,90767
SRR10125993,38363
SRR16574815,301458
ERR1858121,33830
ERR1252177,15414
SRR14217731,80021
ERR1857774,27718
ERR1216739,28948
ERR1216517,87882
SRR1062477,32074
ERR961005,1008
SRR10151765,83836
ERR1204389,168116
SRR3231347,3629442
SRR11302812,74
SRR11303268,323
ERR1407704,72
ERR1108747,106660
ERR697920,80564
SRR8106347,221068
ERR517882,76112
ERR998248,62408
ERR1407541,152
SRR6468774,78668
SRR12493006,105357
ERR2723750,136500
ERR960091,8872
SRR8647262,592240
ERR1218424,180646
SRR9198796,9219
SRR11302303,129
SRR14923954,121164
SRR14139660,363478
SRR12661705,42500
SRR6468827,215578
SRR1062747,122158
ERR1251990,21818
ERR1216696,78796
SRR10151893,34472
SRR5893140,35075
SRR1872633,5420
SRR10916834,113365
SRR7240617,23871898
SRR12194867,246668
SRR9199024,14779
SRR11302276,146
SRR12661741,43137
ERR960802,20230
ERR1216529,66720
SRR13074837,9347
SRR6469615,95258
SRR22428429,144258
SRR10199008,281296
ERR716852,183772
ERR2723302,695276
SRR11303257,846
SRR12712225,167254
SRR8787647,75307
ERR1888437,572308
SRR18788795,192362
SRR5520649,208958
ERR1757714,13154
SRR1872431,12916
ERR853704,67644
ERR959635,19708
SRR5087315,5978038
SRR18220760,52824
SRR6132698,114660
SRR10862996,1308762
SRR11777169,226119
ERR1426999,886352
ERR3446751,60040
ERR1821962,21902
SRR7905387,561244
ERR959847,2
SRR15413363,1297644
ERR2146974,505280
SRR12658667,239249
SRR13234634,323193
ERR1124845,677844
ERR2723995,51270
ERR1373462,19334
SRR870731,21300
ERR1891706,56824
SRR14703421,100788
SRR6469399,52538
ERR999317,34
SRR17745560,12526
SRR11090023,45946
SRR7662135,14012
SRR10151688,49206
SRR1062816,19435
SRR3086893,118396
SRR8787675,3888265
SRR10550536,87556
ERR492367,63724
ERR959138,9374
ERR1252138,17508
SRR11302501,104
SRR6908686,32468
SRR3231320,1914804
ERR737765,126930
ERR925773,70026
ERR1069096,270032
SRR14066776,396675
SRR6654952,5455
SRR11917480,266579
ERR1857881,30516
SRR8787751,266276
ERR590742,33622
SRR7549092,258688
SRR633548,282720
SRR10511884,136023
SRR499868,15047
ERR202588,400
SRR12672472,130768
ERR853813,43820
ERR2723615,89208
SRR17745577,5674
SRR15048109,527590
SRR1872243,41942
SRR5251434,46337
SRR7468686,44412
SRR3166942,426080
SRR6469292,56616
ERR1125053,678894
SRR8787608,94585
ERR667434,18386
SRR870847,126382
SRR10899958,293964
SRR1872435,22
ERR1692451,93824
ERR1692601,71294
SRR959326,60132
SRR13789080,1067166
SRR17219899,11887
ERR1888283,125632
ERR2723859,16734
SRR12661879,79939
ERR590790,30862
SRR6829416,1079344
SRR16574819,296928
SRR8106350,460482
SRR8106691,18712
ERR1816553,22904
SRR11603953,544482
ERR1692549,43820
ERR525366,95600
ERR1415035,2484
ERR1215840,196780
ERR1857839,31014
ERR737749,4202
ERR1204455,328670
DRR162536,33158
SRR19764258,1204024
ERR411634,203010
SRR16195483,50760
SRR7268828,110858
SRR1555563,5327
ERR657539,116482
ERR1889153,45606
ERR1621652,59606
SRR3231341,3013902
SRR15600927,39368
ERR1730526,15050
ERR1216372,113706
ERR1475492,23472
ERR2154758,157112
SRR11206278,64765
SRR20002710,144827
ERR1621599,58076
SRR10887458,437464
SRR9850657,19069
SRR6654270,27121
ERR1251959,15098
SRR15831117,386304
ERR1374554,12156
DRR314106,435146
ERR1373451,17692
ERR958832,16364
SRR7883080,41155
ERR1442855,15166
SRR7789584,562
SRR1062635,19254
SRR10393505,16840
SRR17007608,2283516
ERR1122774,179388
SRR10126088,20226
SRR7154551,45107
SRR6289751,101010
SRR11302635,48
SRR6327868,213956
ERR1432008,189516
SRR6655066,57819
ERR1215712,50
ERR959918,4
SRR16195452,71970
ERR1427077,827518
SRR11267507,245842
ERR340700,224644
ERR1215522,426
SRR3355801,101414
SRR8071435,590232
SRR6289676,76234
ERR697908,49504
SRR10010335,134868
SRR10151837,134496
ERR659927,115320
SRR11427439,208406
SRR6798776,750294
SRR11303259,829
ERR657598,4882
SRR9159941,169368
SRR13450059,93402
SRR2392483,857190
ERR1396813,830109
SRR14713033,266699
ERR1475786,24976
SRR6025615,254368
SRR7789570,13701
ERR1620465,401426
SRR17547518,41285
ERR1252096,14820
ERR1374283,4000
SRR12764353,140667
SRR14373551,20636
SRR5921032,293485
SRR15204080,281924
SRR10230307,179374
SRR9198756,7433
SRR12661583,85241
ERR963124,68
SRR22428439,14110
SRR12661742,40017
SRR14924012,28709
ERR1396903,249902
ERR960714,138
ERR1427329,1023728
ERR1475699,20108
SRR11033819,454832
SRR16964671,285558
SRR9312987,127034
SRR6268144,449056
ERR959018,932
SRR16299371,5754
SRR3679544,417086
ERR1216644,16234
SRR22744757,316430
ERR716719,58696
SRR10863045,246991
SRR22428447,41862
ERR1889033,347368
ERR853650,53116
SRR1872772,13912
SRR18516711,686979
ERR1397046,11246
SRR10151591,34718
SRR16299053,32862
SRR12661699,57750
SRR11874783,112772
ERR960164,12
DRR032747,150517
SRR19594537,73429
SRR1062670,20598
SRR9849856,1374446
SRR5382031,483687
SRR11303054,275
ERR1252238,18302
ERR10034092,820620
SRR1872542,52
ERR1858099,27688
SRR22270146,184140
ERR1888136,79690
SRR11015119,25139036
ERR960634,15018
ERR1692598,27920
SRR6468918,60572
ERR1204278,76644
ERR1108021,193526
SRR392987,107656
ERR1373750,26752
SRR16905269,245638
SRR11302299,197
ERR1099466,75828
ERR202567,714
SRR15036063,1164127
ERR958806,8152
ERR959313,1550
ERR1204552,180614
SRR870746,24922
ERR1374557,13178
SRR12037341,3949
SRR6655106,45746
SRR3381851,90026
SRR13979027,78103
SRR12194927,522435
ERR667367,40130
ERR960635,8934
SRR12650408,156830
SRR11540940,422377
SRR14703475,17932
SRR3996124,2072
ERR667603,51882
ERR1427284,1218426
SRR11303020,173
ERR1888367,237948
ERR1857768,618
SRR7905411,919294
SRR6507308,20878
SRR9198653,31061
SRR6251108,11255
SRR6655323,5138
ERR657541,85698
SRR12287399,8970
SRR1519898,130629
SRR23060060,520198
SRR11554206,132951
ERR1124943,715262
ERR1888941,422944
ERR998218,150
ERR1108505,197362
SRR8383287,38878
SRR12070816,22560674
SRR10126077,9703
ERR1889380,389142
SRR3207422,204680
ERR3266365,29418
SRR6020393,800960
ERR2723257,91258
ERR1216565,33044
SRR8526611,207540
ERR1475701,37580
ERR1475843,44358
SRR1872361,37476
SRR8106377,85406
SRR11243184,6118606
SRR12070809,23437550
SRR12661814,92842
SRR11302956,59
SRR13646807,412946
ERR1205122,1002
SRR6654371,22919
SRR18010264,302678
SRR4242440,209802
SRR658541,201644
SRR17219975,2977
SRR13327930,308130
ERR1216431,102390
SRR9199000,11358
ERR999303,178
SRR13249627,87825
ERR406896,106099
ERR780080,122808
SRR1732707,24142
ERR1757707,21744
ERR871326,328510
SRR6654738,10394
SRR12661596,102569
SRR11033789,87166
ERR1204609,72134
SRR8106710,75292
ERR2723525,145872
SRR19364730,598814
SRR6654690,27402
DRR162488,62418
ERR659769,956
ERR659766,93186
SRR20958393,77788
DRR162510,52652
SRR6152623,160194
ERR1475652,43168
DRR162543,22542
SRR10974024,69616
SRR10070577,148568
SRR14340358,7926
ERR1757464,29834
SRR6654730,12273
SRR13777243,388010
SRR12464076,264744
SRR13979090,1648877
SRR6655351,4843
SRR3018747,219610
SRR5626503,195940
SRR6469718,161118
ERR1858059,26736
SRR12658663,317240
ERR1857807,33640
SRR15691860,85674
ERR659963,111840
ERR1069055,281530
SRR21966819,207130
ERR1374792,15430
SRR6020331,1791422
SRR12060554,27465
ERR853768,77532
SRR6289644,320346
ERR145632,164024
ERR1374619,3532
SRR6469184,85824
SRR9199022,6925
SRR3420333,2394044
SRR9899211,317242
SRR21831672,636122
ERR1889084,212854
SRR17642808,612069
SRR11302527,1015
ERR3446773,70602
ERR2723069,86720
SRR1555561,4753
ERR1621626,41244
SRR14902685,262088
SRR12661689,44320
SRR6469640,38212
SRR1265740,120078
ERR998425,30910
SRR13234661,198726
SRR11881513,427370
SRR11359867,382829
ERR962974,45180
SRR6655255,11189
ERR959758,7452
ERR959007,1604
ERR6690606,829139
SRR16298929,22900
SRR6655319,7265
ERR7720655,4883952
SRR1265742,345685
ERR1730610,20338
SRR5805896,78771
SRR10868196,522158
ERR1124503,84578
SRR12037460,8697
ERR1416055,23828
ERR596579,44396
ERR1821783,21036
ERR871588,119402
SRR8883843,35052
SRR9974564,146515
SRR6654436,18485
SRR2834941,131586
SRR10126035,25684
ERR1252175,16634
SRR7801968,482420
SRR1931761,679896
ERR1757564,23448
ERR1108086,387930
ERR1374294,5910
ERR1857882,1762
SRR10741404,167156
ERR1374174,2992
SRR6072789,139087
SRR8928821,20684
SRR18927206,49336
ERR737715,95292
SRR3381836,272084
ERR1215897,24
SRR14217575,104171
ERR853487,43074
ERR960145,19218
ERR1373566,34602
ERR1621573,22198
SRR11302975,135
SRR10586539,127913
SRR12661569,71239
ERR1857769,27626
SRR10127663,303786
ERR853527,42530
SRR10126285,17155
SRR12060556,40006
SRR6176645,133246
ERR871575,2018
ERR1888338,164248
DRR162507,35796
ERR999285,31346
ERR1396984,6776
SRR5320519,250680
ERR1757696,34670
SRR8106524,45512
SRR11033782,265694
SRR13339164,1235658
ERR1888418,448216
ERR999278,744
SRR1872073,33786
SRR17968064,510112
ERR1108527,182314
ERR1108009,102586
SRR10828005,620390
ERR411478,104252
ERR1888660,73852
SRR3228726,212566
ERR1205375,64
SRR17547499,36205
ERR1374804,5018
SRR1554477,2354564
SRR14308855,341664
ERR3266369,28159
ERR998327,26560
ERR1099569,88358
SRR6469688,47862
ERR1442670,14940
ERR1216491,32628
SRR12037346,14633
ERR959782,456
SRR11213707,55067
ERR1122834,146448
ERR998132,88
SRR8377224,303860
SRR5119946,112940
SRR7268897,112374
SRR9198784,18050
SRR1872893,21712
SRR10070559,9354
ERR1427048,912040
SRR870891,75584
SRR6250262,103750
ERR999452,114
ERR1396935,182462
SRR12661582,82877
ERR492301,64388
SRR9849243,269998
ERR959194,21226
SRR1554479,2578821
ERR1475648,38026
ERR1858117,30012
SRR11302923,52
SRR7699161,252556
SRR12125418,34441
SRR20283715,778048
SRR5822006,162861
SRR12661853,81776
ERR596660,28042
SRR5810848,840
ERR3011945,102090
ERR657577,105730
SRR8456907,638808
ERR998260,44108
SRR1062481,32427
ERR1373373,14524
SRR3923677,148393
ERR659937,129858
SRR5251439,88388
SRR10038904,554938
ERR998431,33996
SRR1062313,25019
SRR7154540,39466
ERR1215756,28
SRR12070776,23750656
SRR6654286,16532
SRR6654947,8267
SRR5810723,2400
ERR1888249,93606
ERR960861,2798
SRR10887502,263342
SRR5810810,5342
SRR17400074,178852
ERR1888360,241192
ERR667412,29804
ERR2723784,5682
SRR9211492,208461
ERR1427049,924314
SRR392978,108799
SRR4050162,395228
SRR17745588,102632
SRR10150437,1545668
ERR959102,10114
SRR11303329,62
ERR960457,380
ERR718581,102352
ERR1888687,220854
ERR949676,177392
SRR10887472,278124
SRR9198655,14322
SRR20651075,317152
SRR5125622,221658
ERR853802,41950
ERR959128,14360
SRR15600914,119732
SRR10126037,20392
ERR2723212,2446
DRR032764,173239
SRR15483590,376834
SRR2541815,108374
ERR1108185,159776
SRR7468703,93409
ERR1889102,354958
SRR11302634,240
SRR18192298,344054
SRR11303237,98
SRR17723096,462422
SRR13716596,164128
ERR871372,200
ERR1252233,17054
ERR1888799,47462
ERR1427044,1314926
SRR8106700,25472
SRR6268186,44074
ERR1442742,15142
ERR1124517,182678
SRR17604948,59072
SRR1872661,28588
ERR1216730,107600
SRR6289731,89548
SRR12436779,66925
SRR16299383,9419
ERR667586,68162
SRR5921052,386807
ERR959234,12624
ERR1415135,1988
ERR958994,4638
SRR2146372,76052
ERR1426807,126126
SRR14213380,96260
SRR6268040,17367
SRR6289797,69388
ERR2154740,87238
ERR1889755,128338
SRR1062774,22875
SRR14326887,284618
SRR5125787,712650
SRR7789568,12848
SRR20002704,170696
ERR1374118,11332
ERR1407602,360
SRR489491,34276
SRR7049638,1319892
SRR11684021,287746
SRR17218121,377475
ERR1475562,36902
ERR1888517,439388
SRR20746136,681276
SRR3083718,444488
ERR1416029,25656
ERR871607,136
SRR6250231,74436
SRR6661135,124478
SRR13015617,513346
SRR1872705,14802
ERR1215792,238456
SRR7746636,49401
ERR1204556,118120
SRR12436838,102741
SRR12443359,211390
SRR8135940,453778
ERR959420,9288
SRR5485631,164096
ERR1821555,24298
ERR1124912,821012
SRR5593164,73043
SRR6250288,122616
SRR14993666,363565
SRR6654704,18226
SRR11585432,1714604
SRR5893144,92620
ERR1706508,37260
ERR590717,38536
SRR1872068,54
SRR10323903,666842
ERR1757522,13534
SRR6289785,72880
SRR12661588,110108
SRR1555587,7049
ERR1251896,23298
SRR1872734,14242
ERR1891665,62814
ERR871565,1256
SRR15626567,352698
SRR11303307,113
ERR2154748,24802
ERR2146883,1032410
ERR1374661,11848
SRR3231274,1352898
SRR2051110,272669
SRR11164688,18057456
SRR12774390,286525
SRR11303013,186
ERR1374672,15962
SRR5004962,365728
ERR582864,252
ERR1889285,80710
SRR11214431,337210
ERR1757713,10878
SRR5810759,1172
SRR5942263,81128
SRR6072797,298609
ERR1730484,22972
ERR1888627,9992
SRR13646783,410382
ERR959719,25976
SRR6176625,3513320
SRR6655160,15658
SRR2146363,54170
SRR16299124,14607
SRR16298932,17579
ERR1414977,55904
SRR10887564,150522
ERR594433,193158
ERR1215544,32
ERR1252182,15180
ERR1730821,25858
ERR1205118,127022
SRR11267529,366000
ERR1407652,108
SRR5810718,1368
SRR10765083,144472
SRR21034900,217324
SRR5320503,285202
SRR6654381,25901
SRR13646782,375898
SRR6268056,27746
ERR659858,108738
SRR9198846,7521
ERR998406,39690
DRR189375,119634
SRR10277620,228170
SRR6655245,2875
ERR667503,30932
ERR1374604,7044
ERR1125085,585730
SRR1872655,36440
ERR1122775,90922
ERR962947,53038
ERR1125064,626730
SRR12661889,62668
ERR998275,194
ERR517923,74802
SRR3231317,6052712
SRR9854022,216271
ERR2154810,40704
ERR1108057,246484
ERR1427426,870856
SRR6176668,72191
ERR1888442,452518
SRR5163095,228254
ERR960566,2232
ERR1396878,228468
SRR13979063,97256
ERR1427403,559100
SRR8305635,61507
SRR16339847,270974
ERR1889675,130064
SRR7410398,222034
ERR1416148,58318
SRR6654716,12697
SRR17818765,448674
SRR8137051,188720
ERR998418,33236
ERR1889452,340746
SRR3622451,62014
SRR8552566,251154
SRR5820060,99956
SRR1797744,70746
ERR1374566,7706
ERR1252259,18386
SRR13998083,375036
SRR17282610,299311
ERR1858076,30704
SRR5810836,2310
SRR11214398,142403
ERR1108723,177778
SRR11909492,249754
SRR6176707,146115
SRR8883753,68866
SRR2776878,137295
SRR14270300,3345740
SRR1265751,328154
SRR392992,23338
SRR14213376,116519
ERR573422,37360
SRR7235515,1080746
ERR1888475,418374
ERR1395847,32970
SRR1872424,36052
SRR13074828,21175
ERR1427010,603136
SRR10753214,66560
SRR12492979,101579
ERR1427237,674154
ERR1821820,23386
ERR853558,47822
SRR1872151,34492
SRR9608478,742902
ERR1374182,2752
SRR1872326,68906
ERR1857880,26904
SRR11303218,71
SRR8106337,589986
SRR6469513,171572
SRR12661721,42459
ERR1216381,70728
ERR959436,530
ERR1730838,26650
ERR689814,55012
ERR830293,159002
ERR1857939,32622
SRR10151574,100176
ERR959784,1136
ERR1888694,184080
SRR6469229,82770
ERR962938,304
ERR405183,115864
SRR12614069,486694
SRR13437200,211106
ERR2723118,55268
SRR15600954,226704
SRR1872874,15400
SRR6020355,5135608
SRR11974581,71192
SRR19594533,61260
SRR5125201,242304
ERR1442580,14834
ERR1888351,263362
ERR1124848,930080
ERR689802,58590
SRR13674523,176398
SRR6469724,55064
SRR850591,157274
SRR6655041,7749
ERR1216332,163264
ERR1069122,201510
SRR17282619,454146
SRR5535509,415894
SRR17745573,6554
SRR11293499,660448
SRR9961221,566244
SRR633540,389048
ERR1396940,5280
SRR9728741,520896
ERR492318,69382
SRR5683317,380602
ERR1374443,7014
SRR9849866,457196
SRR6468925,373868
SRR8928813,26808
ERR1374749,5996
SRR14567479,416688
SRR8787810,805142
SRR12971779,1260332
ERR716810,157910
SRR12474628,483456
SRR14308858,992583
SRR8991400,895948
SRR8928745,222224
ERR1858019,32166
SRR10776673,101608
SRR14703467,22436
SRR12464081,281962
SRR11427231,453918
ERR2723746,57520
SRR8732848,485930
ERR959966,658
ERR3489863,844343
ERR015563,73016
ERR1099565,152748
ERR1416180,52712
SRR6654470,751
SRR10010369,103688
ERR984495,1684
ERR492347,61936
ERR667398,21936
SRR10490653,12214
SRR8883862,559482
ERR738226,107472
SRR9849251,400102
SRR7699156,370309
ERR1204526,73756
ERR1108173,133964
SRR6654918,8853
SRR7662016,28841
SRR11427458,429758
SRR13149769,469898
SRR11303191,30
SRR6654607,16100
ERR1107946,153000
ERR1821596,21244
ERR1757516,29916
SRR6250106,92536
SRR16905268,294912
SRR11427256,379912
ERR1374819,3346
SRR8106668,93460
ERR1397013,2102
ERR1415063,63554
SRR11303005,71
SRR11302935,163
SRR8357665,274180
ERR958867,23904
ERR1205108,448
SRR18297396,1966328
SRR1062344,119833
SRR6908724,60414
SRR15831106,256236
SRR519718,3565746
SRR10126078,15647
ERR1069080,437282
ERR2723282,234338
ERR1374234,9968
SRR953087,1581973
SRR15483584,338362
ERR1888359,349282
SRR17714721,347694
ERR1410198,59974
ERR1415443,90314
SRR13221791,256532
SRR15626554,291332
SRR10060618,162862
ERR1414908,58640
SRR13234644,20329
ERR1374727,31854
SRR1062624,18160
SRR6268146,208399
SRR10010366,49418
SRR9849254,544902
SRR7268839,99630
SRR11140708,180545
SRR13849954,1022278
SRR13374852,326348
ERR1594703,159154
SRR8106502,32662
ERR958990,6194
ERR1889438,274270
ERR1426874,1031540
SRR10948886,144532
SRR12194936,312878
ERR1621486,54240
SRR580560,102609
SRR10151709,46432
SRR15036057,433199
ERR1107892,152124
SRR10127658,388742
ERR7720656,3686454
SRR9198692,15526
ERR960805,6728
ERR757853,236828
SRR7154525,37283
SRR13074832,22196
SRR10753245,11082
SRR998902,30160
ERR1730561,18484
ERR6501832,653908
ERR698012,100266
ERR2154800,50776
ERR1408854,103080
ERR1475709,30360
SRR8526651,1771402
ERR998424,520
SRR1871985,20360
SRR1062592,18191
SRR6655370,4807
ERR960599,632
SRR17239189,153456
ERR1821631,24450
ERR2723692,44488
ERR1888996,102962
SRR7789609,326
SRR11365198,123423
ERR1475794,20626
SRR14060970,258303
ERR2723669,60300
SRR7662021,44333
SRR17714717,293946
ERR1475697,24040
SRR18645019,279316
SRR11601823,1023630
ERR853579,46446
SRR6908606,36406
SRR10230306,169314
ERR1216665,21804
SRR17530174,300827
DRR084187,77594
SRR5978434,1265702
SRR11303354,113
SRR12356845,112570
SRR12185264,254870
SRR18053122,4329910
SRR8106669,23452
SRR16299404,24531
SRR11302652,1167
SRR15626565,362260
ERR1099478,98928
SRR22124142,236712
SRR8377252,58908
SRR20083914,257080
ERR2723492,203776
SRR16299542,15274
SRR11427412,388906
SRR2392491,736372
ERR780302,92738
ERR1730574,23450
SRR535851,41362
ERR1426830,126966
SRR1049950,258998
SRR11519043,101935
ERR926055,144
SRR6655353,5104
ERR1108199,259986
SRR8106635,34322
SRR6469624,153752
ERR1857671,25648
ERR960267,10
ERR1888358,644274
SRR10117584,296436
SRR13242478,41699
ERR960497,1758
ERR1889489,158450
ERR1218444,198516
ERR1373560,40386
SRR1872901,13862
SRR11303267,241
SRR19364727,732364
SRR13759088,62998
ERR1252061,15156
SRR13450057,88496
SRR9164637,72135
ERR968120,152
SRR18516946,28199
SRR6469317,57444
ERR1396846,117268
SRR8867580,355274
ERR1415045,39240
ERR1374350,8272
SRR10753227,11718
SRR17400045,169836
ERR2723978,137974
ERR863491,26010
SRR1062758,125177
SRR12194872,303854
ERR853538,41802
SRR850595,83794
SRR7662118,15688
SRR12661800,63689
ERR959246,15272
SRR1531465,6301206
ERR1415434,86654
ERR1124587,369674
ERR1251968,15430
SRR6908610,36252
ERR1108116,318716
SRR1062796,97268
ERR958790,24426
SRR5125789,809376
ERR2154750,16652
SRR6129540,598814
ERR853828,50834
SRR870911,115688
ERR3266381,25735
ERR959628,3086
SRR16183163,653222
SRR15646748,361376
SRR9849860,4783546
SRR17714705,841894
SRR8868533,86874
SRR6469410,54156
SRR11420476,104060
SRR14428544,187106
ERR1857625,30606
ERR1108053,208596
SRR6261582,624150
SRR5893044,535572
ERR1730547,21596
SRR11537840,5087016
SRR11206269,64922
SRR1062406,17576
SRR11186471,202840
ERR1099456,124274
SRR5893098,164092
SRR15691856,54772
ERR1374525,61758
ERR959447,1114
SRR5687191,29368
ERR1374407,24990
ERR1125031,485426
ERR1252056,3298
SRR8383260,8721
ERR1124466,771096
SRR12661784,70831
SRR6468966,522654
SRR11302483,69
ERR1821948,20536
SRR13646727,413056
SRR12170584,279446
SRR17191186,170302
SRR6469460,80670
SRR3159076,108980
ERR232319,28094
SRR8928856,8986
ERR1889834,79308
ERR2723076,34326
SRR22129109,547614
ERR1108755,156228
ERR670992,60236
ERR1216335,184016
ERR1396988,17640
ERR2723090,1056
ERR960904,868
ERR1124526,4972
SRR15662004,219285
ERR958911,14842
ERR960779,10488
SRR17720613,410594
ERR1888071,131090
SRR10836776,258132
ERR716925,123100
ERR968046,120
SRR13115070,641268
SRR13074858,9065
SRR15712664,22502
ERR1621415,43234
DRR224544,532288
ERR1410218,112062
ERR962912,512
SRR14217607,98613
SRR12070729,29305732
SRR14428580,164742
SRR18885356,635594
SRR18124373,119198
ERR517965,101714
SRR5378552,230080
SRR13848219,162627
ERR1122810,155902
SRR1872494,48
ERR959095,264
SRR1062739,121516
SRR10490662,8379
SRR17720621,224576
ERR959743,2134
SRR9198868,4203
SRR10974127,93860
ERR1888296,148832
ERR960191,21310
ERR1396938,1630
SRR8991405,2075726
ERR998435,21122
ERR716818,132668
ERR697923,55250
ERR998141,50854
SRR6654434,801
SRR11140723,180604
SRR10735805,196
SRR11427337,830398
ERR1427210,778316
ERR3446734,68258
ERR1889877,48686
ERR998415,65304
SRR10836785,120066
SRR18181446,2675602
SRR7061299,704526
ERR1108833,167106
SRR12070724,25151208
SRR12774377,140554
SRR1872848,21200
SRR12661824,80988
ERR1373416,33102
SRR9198996,15501
SRR5382008,120904
ERR960255,6012
ERR1374763,11114
SRR1062724,19164
SRR17714674,291234
SRR22272447,223922
SRR2750996,447679
SRR12661732,35951
ERR871354,210
ERR1374170,716
SRR12708436,630476
SRR1555539,3433
SRR2541816,135708
ERR737778,99712
SRR7444125,612352
SRR1062340,102156
SRR9211499,206553
SRR6654304,19681
SRR16894980,429560
ERR2723082,123956
SRR1871993,20752
ERR1889498,57524
ERR6690604,282538
ERR273897,89836
SRR10010376,78930
ERR998143,45500
ERR998200,212
SRR12661763,36359
ERR145649,141766
ERR1205120,492
SRR13015587,234678
SRR4423750,927475
ERR1442671,11730
ERR1889182,71124
SRR12774381,88228
SRR850589,170080
ERR998131,706
ERR871454,260
SRR6469522,393200
SRR6268044,44929
SRR10126270,13879
SRR10735817,174300
ERR4091975,267772
SRR7661984,45259
ERR667405,22412
SRR7061292,932816
SRR8787676,2940088
DRR224531,672578
SRR7410429,194926
SRR12037325,12018
SRR8883863,67970
ERR1426767,134468
SRR8663320,41174320
SRR5818009,50178
ERR1124991,689626
SRR4050167,447802
SRR17714716,155534
SRR9198738,12767
SRR17349045,194986
ERR1889322,74126
ERR1373507,29104
ERR853630,47788
SRR6289638,278771
SRR11926659,570022
SRR6908629,35214
ERR2724020,1080
SRR13706210,191516
SRR6469747,241252
SRR1062435,26209
SRR8883764,3944
ERR1889190,103590
SRR11302710,66
ERR1216663,49294
SRR11214385,513900
SRR6654281,11955
ERR960554,376
SRR6655163,21053
SRR1593714,3887645
ERR1215733,136
SRR6469259,88482
SRR7410355,300978
SRR11092488,81647
ERR1373580,58066
SRR3381858,169590
SRR6176724,127292
SRR14066780,730538
ERR1373727,33970
SRR11267488,393226
ERR1442595,15050
SRR8435106,390378
SRR7264584,9805020
SRR10828011,438018
ERR1124949,656374
SRR7813752,732940
ERR2723003,497642
SRR11869572,1620866
SRR10151867,37928
ERR1107982,111344
SRR4375304,33848
ERR525382,59094
SRR9336403,202648
SRR14428564,142466
ERR1888432,430328
ERR1204276,110196
SRR8787577,125092
SRR6469565,87740
SRR11302472,135
SRR7049633,2776704
ERR1215942,204896
SRR6468744,35306
ERR853555,69610
SRR7785384,576310
ERR1395957,96440
SRR8928953,18154
SRR18390904,1723854
SRR1872022,25466
ERR780150,93162
SRR3109807,25993
SRR19430235,368679
ERR1216619,102606
ERR596639,24908
ERR1407711,124
DRR315800,259972
ERR1888969,127638
ERR1821722,21272
ERR1821676,22958
ERR10034048,227166
SRR13979083,1709146
SRR11302861,74
ERR1888263,8732
SRR21092438,23928
ERR1218396,158538
SRR16299119,25495
SRR6468844,51632
ERR659903,88874
SRR12037440,23169
SRR9669991,83567
ERR1889425,62854
SRR11303015,264
SRR9207179,116630
DRR162533,83832
SRR7268846,103528
SRR8784177,6873579
SRR11302797,30
SRR13565166,279146
SRR13437202,198964
SRR10511890,139239
SRR13176112,498516
SRR1948296,16178
ERR2723697,125098
ERR1124610,199114
ERR1204331,88260
SRR3083731,358356
ERR594455,194988
ERR1594691,305656
SRR1872851,13712
SRR12661845,72277
ERR1889026,191718
ERR1427298,931286
SRR6468987,76714
SRR17400082,90279
SRR6654542,20198
SRR7468691,58423
SRR12191836,366872
ERR667413,31824
ERR853671,38560
SRR10070583,623292
ERR871460,276
ERR959668,1388
SRR22420224,334478
SRR6655150,17397
ERR960633,166038
ERR1373412,29088
ERR960427,466
ERR1427154,548962
SRR1062269,515430
SRR10126052,46093
SRR10776680,71923
SRR6025578,12802890
ERR2723406,30900
SRR7268805,250414
SRR6250144,102060
SRR9854035,602130
SRR13724952,1881288
ERR1888595,4400
ERR737748,103582
SRR3622452,106073
SRR13238439,3063038
SRR17547509,42079
SRR11862875,863992
SRR8787625,155594
ERR2723298,257036
ERR1125017,696778
SRR10828003,673068
ERR1122835,216588
SRR1265753,246198
ERR1373626,45440
SRR9875048,70408
SRR19364719,1031460
SRR15204082,175381
SRR8106306,284486
ERR959121,14994
ERR716706,66108
ERR1395886,278
SRR11577279,63735
ERR716821,206372
SRR8135943,510864
SRR1039574,1335796
DRR162547,26340
SRR12672478,148525
ERR1124975,800980
ERR3489876,126376
SRR8134458,126090
SRR10151580,40712
ERR1216098,123150
SRR11302750,1087
ERR999479,62
SRR6890867,81785
SRR17026707,265804
SRR5893099,46573
SRR8787682,138807
SRR1821824,256558
SRR6654849,12318
SRR12340481,684504
ERR1821850,24238
SRR6468807,101532
ERR1889790,73924
SRR5921079,122183
SRR6469326,70374
ERR697883,70592
ERR8516975,950178
ERR999208,116
SRR22805229,238284
SRR17497219,175016
ERR1218350,168954
SRR12614057,512558
ERR1215965,97742
SRR6655145,20772
ERR1415392,90994
ERR1124680,435008
SRR13176105,636786
SRR9207197,190396
SRR12055986,59350
SRR7633489,226272
ERR1408845,96414
SRR13181514,483566
ERR2154665,51944
SRR6655052,10009
SRR8298683,1021162
SRR9961219,629906
ERR998125,266
ERR871445,274
SRR6654287,6437
SRR835179,8894
ERR1397027,84728
SRR1872325,32
ERR1099393,86008
SRR20002724,141342
SRR11302283,112
SRR13674721,181896
SRR11542101,156416
ERR1730748,25884
ERR1124901,670930
SRR7268868,106530
ERR659872,69286
DRR189390,69808
ERR1108080,131680
SRR13429149,110808
ERR959108,11408
SRR7292725,276096
SRR2136297,320890
ERR2154771,13044
ERR1426812,149782
SRR6655284,4695
ERR1889448,464912
SRR9906801,460878
SRR13311748,3763528
ERR1426901,1058824
ERR1373638,48022
ERR1757539,9974
ERR1374363,3058
SRR15831136,425542
SRR18687240,74254
SRR13297053,490004
ERR2146978,1312412
SRR11090013,41275
SRR959348,10618
SRR13311751,3031226
SRR1062691,19100
ERR959222,1036
ERR2102837,85581
SRR2834962,125510
SRR16195466,70990
ERR9077167,52917
SRR11302610,187
ERR1124502,208890
SRR8383277,6477
SRR2051094,184011
SRR15910170,142780
SRR11033835,5426782
SRR7264568,106850556
SRR6468803,60686
ERR4029236,382088
SRR12356834,282852
ERR1252148,16756
SRR12661907,76879
ERR1821902,25276
SRR4423758,1126759
SRR6251107,5885
SRR6025626,16803650
ERR716856,229392
ERR2154774,11902
SRR17745575,4086
ERR1757628,17310
ERR853703,42502
SRR12661668,496473
SRR16195509,180250
SRR17085052,397906
ERR960712,13084
ERR406891,60755
SRR13979084,1087419
ERR9787516,332710
ERR1427265,1107464
ERR1374194,1956
SRR10151966,57296
SRR17413283,89309
SRR6811832,315082
SRR7909916,880318
SRR7119851,9482
ERR1374244,8730
SRR12194801,544606
SRR15712672,12334
ERR1396941,74748
SRR4369378,132801
SRR10511883,188032
ERR667614,42610
ERR716814,183156
SRR8298696,386662
SRR5379363,111292
ERR273828,15160
SRR11303321,204
SRR8298702,313628
ERR1757553,17576
SRR6469845,142526
SRR5810835,1226
ERR1442766,15708
SRR13074844,76011
SRR7049635,3961068
SRR22437985,235588
ERR1407680,1220
ERR1475742,19718
ERR411518,96600
SRR17720617,509698
ERR1216523,103840
SRR8106309,76820
SRR10152018,47858
SRR10070792,248844
ERR1124822,688162
SRR22129106,1739864
SRR11090052,52674
SRR2051093,170102
SRR1035237,529764
SRR8787796,271187
SRR3624458,753456
ERR4321727,661400
SRR5818013,51990
SRR8883881,25078
SRR1551795,172777
SRR11302846,129
SRR10070572,520974
ERR492338,640576
SRR6469740,119770
SRR10511896,142815
SRR2340149,172717
ERR1857878,31290
ERR1215703,192754
SRR11302387,183
SRR2146358,14064
SRR1062432,27126
SRR9906812,206582
SRR7613123,1327942
ERR1374653,10086
ERR1215679,310
SRR959373,30662
ERR1396838,4
SRR8526653,684638
SRR16183161,403308
SRR11302680,1142
SRR10990406,496294
SRR7292746,149171
ERR1204374,108016
ERR1442892,18946
ERR716731,58462
SRR10393506,52472
SRR6469109,25948
ERR3838731,88152
SRR12436841,72166
SRR5818007,173211
SRR6468755,60614
ERR1373519,31692
SRR6289765,69006
SRR1871982,22884
ERR2723861,43276
ERR1821848,23780
ERR1692616,85838
ERR718638,119722
SRR22018605,1263574
SRR9044117,69963
ERR1888770,6058
ERR1124862,511440
SRR6250212,5208
ERR1730492,21406
ERR1415049,408
SRR6655168,30551
SRR7641833,2739892
SRR12037380,17616
SRR6908651,726148
SRR1062293,24525
ERR1475821,43246
SRR836198,417980
SRR11302753,1227
ERR273870,5540
SRR9198825,6457
SRR10070578,500286
SRR1872056,23586
ERR960031,1140
SRR15362157,559124
SRR6654881,8212
SRR9198742,8655
SRR10010392,49192
SRR6655361,5746
SRR11303345,1168
ERR6690610,462260
SRR6654574,49803
SRR1062431,27322
SRR8106657,23604
SRR9198739,10210
SRR10040059,914514
SRR11585443,1166194
ERR853799,42186
SRR1872181,29354
SRR8883777,13722
SRR13938382,97420
SRR12100493,758208
ERR1373548,23600
SRR6261603,33527
ERR1216124,114158
SRR8937007,42518246
SRR11874803,91942
ERR959078,5980
ERR411644,109568
SRR12786072,227646
SRR15927828,224166
SRR14217594,66769
ERR998161,51832
SRR3544816,47054
ERR1373640,54724
SRR5163826,143813
SRR5125770,960302
ERR492311,46392
SRR2138302,90296
SRR5163092,196192
SRR3231257,1221952
ERR4902954,788430
ERR1427198,1042130
ERR1374853,1740
ERR1475565,46650
SRR11196607,285220
SRR7882025,864304
SRR3207425,224546
SRR6468923,69564
SRR9198707,9300
SRR6025581,8395120
SRR5443700,60784
ERR689835,64828
ERR1475798,37266
ERR1069078,175992
ERR1374735,10218
ERR871551,242
SRR6289764,69442
SRR870958,224550
ERR667523,153002
SRR16299376,11731
SRR9198659,8144
SRR9674291,116956
SRR5683316,540028
ERR1218372,143922
SRR11302985,160
SRR7015876,317446
ERR1594699,135050
ERR1889113,100062
SRR8928747,223246
ERR999269,250250
ERR1891724,76770
SRR5017067,3512770
ERR2723924,44330
ERR1857595,27652
ERR999383,38608
ERR1889318,166316
SRR6655067,53030
ERR1730665,34274
SRR13697045,521992
ERR1415159,70328
ERR517904,82752
SRR12037420,22069
ERR4132485,258698
SRR11186441,349188
ERR1215566,110
ERR959801,394
ERR854790,128800
SRR6176730,142179
ERR1426982,753276
ERR1204264,162980
ERR1431988,37678
ERR1373594,60658
SRR7746630,44838
SRR17219905,7798
SRR6289808,79530
SRR1062322,20463
ERR1757542,19680
SRR12661783,61330
ERR780298,112706
SRR11302971,28
SRR14140446,218066
SRR5378555,358936
SRR10973995,63954
ERR1124802,174110
SRR10070751,90240
SRR13074841,23561
ERR657615,79546
ERR959889,1766
SRR8784147,262737
SRR11035187,623354
ERR1595116,192692
ERR1889264,32946
SRR5482145,990520
SRR10070860,129572
SRR6469063,42828
SRR6921815,285072
SRR9674338,100616
ERR1108119,355042
ERR697909,59650
ERR1692552,63240
ERR659990,155680
SRR7662127,9500
ERR2723805,16818
SRR1872996,143102
ERR2723962,26026
SRR11302475,160
ERR145654,1416
ERR1889688,68358
ERR582869,338
SRR17982189,7225252
SRR10126126,8128
SRR8298669,453020
SRR17547520,40333
SRR10776677,98689
SRR6261587,311692
SRR6025616,168554
SRR19661777,983322
ERR1205229,32
ERR1858002,27004
ERR998302,32658
ERR1889482,61768
SRR11302721,78
SRR7699138,193638
ERR1408850,1928
SRR6289733,89842
ERR1124896,559856
ERR998299,20180
SRR1872894,37048
SRR6469336,70200
SRR18927010,537444
ERR659778,228004
SRR6469547,78036
ERR1620530,490636
SRR11267499,256664
SRR5810694,1662
ERR1889312,102496
SRR392984,37514
SRR12661906,77889
SRR11302802,94
SRR8106434,34998
ERR1396866,7842
SRR7089637,537028
SRR11033825,476278
ERR1289928,71260
SRR12125379,55393
SRR10151736,49106
SRR13865264,153072
ERR340751,362316
SRR2750976,370077
SRR6654361,19628
SRR8298678,392998
ERR4973560,44323
SRR5382063,125870
SRR8270602,261476
SRR10394609,423702
SRR8106705,22956
ERR1442883,16806
SRR9207178,180388
SRR1871959,22020
SRR11926683,663098
SRR6654322,63299
ERR1442627,12930
SRR11243176,6038164
ERR1888612,86020
ERR1540912,237892
SRR18687237,186173
ERR697953,49634
ERR960666,4470
SRR12661903,79734
SRR11699725,241991
SRR9674301,156556
SRR6268169,48768
ERR1889874,113508
SRR4468778,208688
SRR6176729,143191
SRR19762963,159460
SRR7236662,19787282
SRR9058954,326602
SRR5837507,233686
SRR12103774,370928
ERR960382,4984
SRR11090025,36318
ERR871510,144
SRR7154549,42144
SRR1062726,19334
SRR17720626,180770
ERR1889219,4884
SRR1872498,92
SRR13074848,8414
SRR9198673,9514
ERR1888616,11928
SRR11874806,82288
ERR1889542,24144
ERR1251996,13850
SRR20869090,51014
ERR1395870,34322
SRR11039798,145956
ERR718594,115928
SRR10127647,1257686
SRR12194808,794390
SRR17745594,9250
ERR780107,93126
ERR279668,84792
ERR1621361,63906
SRR11214442,225706
SRR10973996,62884
SRR6468857,88810
ERR1374421,3516
SRR8106655,55174
ERR959009,5778
SRR11302604,78
ERR1216458,25190
ERR411479,549872
ERR1692496,56670
SRR9198661,8336
SRR6654324,37500
ERR1821825,23490
ERR963176,25968
ERR1730546,25986
SRR16574817,297198
SRR1062334,100984
SRR8928944,96326
SRR6654504,4482
SRR516555,72
SRR7268983,102680
ERR1821527,20628
SRR12194856,446086
ERR1216513,81182
ERR1252053,15876
ERR1442831,14756
ERR1374830,4500
ERR963117,100
SRR9198885,5746
SRR11951249,166509
SRR3083706,363608
SRR1062343,113160
ERR963115,34278
ERR2723051,92682
SRR1872484,40
ERR1857776,33066
ERR1395897,27380
ERR659925,122530
ERR1426840,136034
SRR10151936,83050
SRR7410403,197360
SRR12083656,26020730
SRR7223672,418222
SRR15712670,5462
SRR6469520,252284
ERR1888183,188734
SRR12201312,295590
ERR1216610,96082
SRR2735241,311714
ERR959267,28836
SRR7789621,10316
SRR1872376,28888
ERR697899,32052
SRR6267990,647532
ERR1692555,59470
SRR10887490,226556
SRR14217609,112284
ERR1218430,253848
SRR8784171,3724
SRR20283702,29669
ERR1374489,9162
SRR6020444,580462
ERR998144,31280
SRR9849864,2032800
SRR13327934,270414
SRR10117591,190336
SRR12786064,231462
SRR17529059,356480
SRR11427317,360674
ERR594428,219164
SRR21140658,154314
SRR5892569,340735
ERR9787507,361666
SRR13429150,125445
ERR1216501,72776
SRR11267534,303558
SRR10753240,15156
SRR6654495,8953
ERR998209,30088
SRR21120215,29622
ERR667620,43540
ERR1414857,46742
ERR1888487,376290
SRR12774361,71627
SRR3083684,270972
SRR11684017,10270
SRR11554208,121099
ERR1216617,104946
SRR6655291,5129
ERR1204379,201140
SRR9198995,8110
SRR6654735,17058
SRR6268047,7233
SRR14168554,204320
SRR10151759,80282
SRR7236659,192336
ERR959614,768
SRR6268184,114444
SRR17723108,768595
SRR8787712,7239
SRR14217698,114762
SRR6469510,165618
ERR657590,69222
ERR1475702,22988
SRR6655296,4918
SRR13646757,553486
SRR5810733,424
ERR1373805,37490
SRR18390910,847952
SRR13565141,533768
SRR19667661,149798
SRR17745584,4704
ERR1215523,276082
SRR8788698,1490350
SRR5006042,2041696
SRR6268166,77289
ERR2146948,411616
SRR10958326,258803
SRR5833544,606152
SRR21966429,87441
ERR2723648,407562
ERR1888197,68114
ERR2723777,185664
SRR14883465,161234
ERR1252123,16232
ERR959999,80
ERR1108154,201762
SRR10117531,233409
SRR3231285,2275392
SRR16298988,6783
SRR516122,258044
SRR11213691,109875
SRR8457164,565314
SRR11303077,75
ERR1892043,83720
ERR449277,56540
SRR891510,225056
SRR12992432,535958
ERR1427276,770250
SRR6655372,9667
SRR2835254,94004
ERR1757507,23094
SRR8788638,822964
ERR1427226,1108160
ERR2146968,463780
SRR9198992,9210
SRR5113034,590182
ERR963209,52
ERR1892061,92168
ERR1475666,18734
SRR10916841,109649
ERR1205228,526
SRR5921066,446386
ERR596649,22160
SRR7813749,506908
ERR716784,164466
ERR596428,30112
ERR1891676,58664
SRR11302608,93
SRR6654985,14939
SRR6908723,59366
SRR15204090,151938
ERR659916,146330
ERR2723803,109936
SRR372792,414534
ERR999423,588
ERR1730800,31980
ERR2723378,15386
ERR1410193,85362
SRR6469324,70502
SRR11302626,82
ERR1203493,78528
SRR1872872,31702
DRR162477,60212
ERR1442888,16982
ERR1857937,36034
SRR3231350,6468306
SRR11777248,715674
SRR7764540,1617114
ERR1204572,110002
ERR2304203,380030
SRR3083743,258374
SRR11303129,208
SRR7278696,316472
SRR14217711,114354
ERR1216413,99676
SRR8250772,319816
ERR1215801,28
ERR2723969,101562
ERR1888435,252322
SRR12287378,175710
SRR1062450,20936
SRR11302271,68
SRR10425376,179736
ERR517863,74664
SRR12971783,1687800
SRR5921083,232580
SRR9875029,54464
SRR6469563,201618
ERR999499,458
SRR11302883,32
SRR19661800,168526
ERR525344,49878
ERR2723876,50796
SRR8922974,332300
SRR12436733,29007
ERR962942,586
SRR7883090,7923
ERR1205330,24
ERR1857722,28100
SRR1872731,13656
SRR19364722,1718020
ERR10047706,229998
SRR6654811,9419
SRR3083722,337550
ERR1821709,26696
SRR10070679,82978
SRR17282633,287142
SRR6469347,78490
ERR1415160,96998
SRR10153635,281178
ERR1857990,27250
ERR1374702,13466
ERR1374765,6400
SRR17654911,73032
SRR22129120,872610
ERR1889424,160868
SRR13015609,1078686
SRR11303139,74
ERR2154684,11672
SRR12831463,471266
SRR17247908,267902
ERR1816577,23106
SRR1299127,1016060
ERR596599,48448
ERR959870,1304
ERR1396848,2570
ERR1252157,16982
ERR959149,20434
ERR1252033,15992
ERR1888438,381512
SRR12998953,188480
SRR12708448,592766
SRR7789624,6960
SRR12474630,220596
ERR999202,84
SRR1736710,55189
SRR6654817,20676
SRR835149,7330
SRR12492996,114542
SRR12436803,55935
SRR12134630,1933078
ERR4911020,290314
SRR8883810,711431
ERR968099,196
SRR1872628,17198
SRR11090032,42977
ERR871353,292
SRR13381327,562981
ERR1099406,107758
SRR21966820,199108
SRR9899208,309126
ERR1442596,14486
ERR1204246,123466
ERR1204603,119734
ERR1374406,6986
ERR960116,370
SRR7119821,4815
ERR582927,2178
SRR1872954,11014
SRR10126090,19384
ERR853698,45844
SRR6655309,4087
ERR1892059,5780
ERR5385018,622804
SRR6469101,63678
ERR960692,3213582
SRR14924005,165487
SRR8945522,123004
SRR13115069,290404
SRR8286597,361470
ERR2723667,73016
ERR1216673,34092
SRR11186474,1219186
SRR1873001,43670
SRR6655321,5131
SRR13839974,45692
SRR16490787,14370
ERR2723542,5818
SRR6469772,24574
ERR925709,328
ERR1124823,685162
SRR12436828,29581
ERR1889667,128068
ERR10368628,528064
SRR6324382,381300
ERR1122787,215540
ERR871391,368
SRR9044116,64807
SRR6654439,13038
ERR871366,202
ERR2723709,153774
SRR9674290,131890
ERR1099472,158338
ERR960265,6530
ERR659987,126802
SRR3166930,245598
ERR716857,196312
DRR162495,108746
SRR9199009,3724
SRR16299411,27510
SRR9198872,9286
ERR1251913,14990
SRR16494154,149452
SRR10151960,59658
ERR959431,1582
ERR1594711,203784
ERR963139,74
ERR1396810,1
ERR1107912,140070
SRR6469278,131916
ERR1204226,107830
SRR6129538,680278
SRR3679518,388950
ERR1108069,143118
ERR1730550,19890
SRR5810865,348
ERR853489,38084
SRR12340480,541788
SRR13074836,19146
SRR6654685,18054
SRR6025579,10419964
ERR959368,34616
ERR1858109,30342
ERR1252051,13822
SRR18042681,188486
ERR853606,46228
SRR13074824,20199
SRR13015621,878768
ERR1858110,29274
ERR959315,1942
ERR2723137,15910
SRR1872621,29784
SRR5125639,295054
ERR1374128,2624
SRR14077615,240460
ERR1204620,74860
SRR10151853,47732
SRR1062366,113661
SRR11873957,472330
SRR17720622,88388
SRR8132755,184664
ERR659891,63194
SRR20218327,259274
ERR738285,93110
SRR6469074,71016
ERR1621571,56274
ERR1216682,24792
SRR12443340,829542
ERR1889420,44524
ERR2146893,401062
SRR12661654,53375
SRR7905394,321938
SRR13046869,30810
ERR1889468,34382
SRR3228704,70800
SRR8928855,8580
SRR1205168,216318
SRR9182363,430030
SRR6654354,23374
ERR3266357,26366
SRR8787581,50467
SRR9875028,44486
ERR1124985,566596
ERR1204418,240498
SRR1872821,19748
ERR1427037,674640
SRR6921819,189280
SRR3381718,475032
SRR9944757,1063940
SRR5520636,221729
ERR1122715,221256
SRR11031289,660114
SRR6654514,32861
SRR3018754,99459
SRR11302593,253
SRR6250127,45744
SRR6469487,39782
SRR1736707,64797
ERR1888877,434304
SRR6908716,12820
SRR9182367,432814
ERR1108002,126050
SRR17497224,179594
SRR10070646,153278
SRR6020345,1812012
SRR6655171,23905
SRR1871999,14504
ERR755683,227452
SRR5127981,189059
SRR10070580,82872
SRR10753235,21226
ERR1426777,165412
ERR1216771,30384
SRR953568,1515329
SRR2177451,75722
SRR20002709,137696
SRR1872915,27368
ERR1427024,894172
ERR1620589,2
ERR1099394,99370
ERR1889391,190100
ERR716855,181092
SRR12898825,214266
ERR1215956,111788
ERR1218369,155704
SRR870909,147305
SRR17210880,163091
SRR1872307,52
SRR959361,31461
ERR1620566,211878
SRR6144808,22179
SRR1785168,355073
SRR11302875,97
SRR6345657,1133310
ERR1252126,14658
ERR999549,482
ERR853733,45692
ERR1373453,21798
ERR1069149,401272
SRR8928771,281376
SRR15347704,913786
SRR797919,173436
ERR1730515,23420
SRR11684023,358966
SRR1872888,15468
SRR17720618,200640
ERR1108171,183132
ERR1396812,631712
SRR12142003,157179
ERR1857938,29782
ERR830335,226042
SRR13181564,440432
ERR1124932,646716
SRR7882020,326824
SRR11542111,159586
ERR1124437,245660
SRR16784088,1198706
SRR10151909,108314
SRR10737685,684100
SRR15927801,182694
ERR1125010,672532
SRR5004948,498566
ERR958873,21330
ERR1125016,569474
ERR959770,8
ERR1427097,1053336
ERR1204512,66676
ERR1216126,130346
SRR6654455,10459
SRR6654824,8805
SRR15626559,284844
SRR12194844,751048
SRR11302408,179
ERR871428,266
ERR1374131,4680
ERR1857906,29270
ERR698001,109530
ERR1427350,845012
ERR1706529,47502
SRR22968680,175738
SRR12070775,25556342
ERR1122770,103856
ERR667566,48440
SRR12464070,276612
ERR998282,4
SRR6654537,7829
SRR16298939,6535
SRR8784480,38808
ERR1888193,395496
ERR517936,43888
ERR1124582,367488
SRR18837605,324127
SRR8928876,31296
SRR3018761,169612
SRR5125638,122454
ERR960503,5262
ERR960153,1208
ERR1374533,5252
SRR11427407,362622
SRR10117515,319869
SRR5125625,203078
SRR20651070,264104
SRR6450499,111072
ERR3838750,287662
SRR10151781,83640
SRR13332320,286080
SRR9058956,189844
ERR2723173,16796
SRR14456964,186863
SRR10550579,78550
SRR1736711,45021
SRR5125781,1001328
SRR13388650,1005782
ERR737727,114096
ERR926045,259526
ERR1099528,144740
SRR10151838,69940
SRR8784167,14136
SRR10151667,45504
SRR7268814,124762
SRR6268118,19184
SRR18049409,13294
ERR1099484,62308
ERR1427346,890032
ERR1427123,1044382
SRR19571660,104755
SRR6250009,39392
SRR11427468,345068
ERR1426983,672768
SRR8928914,224018
ERR689882,56804
ERR4911024,422110
SRR11917481,269027
ERR1204271,194956
ERR1888807,72336
SRR1872160,58614
SRR3679553,387462
ERR1415243,102088
ERR1888457,430040
SRR3622458,136316
ERR8058372,285352
ERR959365,26
SRR6468737,59412
SRR5921025,239545
ERR1069094,493468
ERR1621627,41274
SRR13707162,153446
ERR582912,1730
SRR5893056,4522
SRR12999692,1329
SRR6468935,50080
ERR959666,3330
ERR960336,10232
SRR6655339,10514
SRR17547502,21692
SRR11302450,36
ERR871448,2100
SRR12283714,801130
SRR10956567,1012464
SRR13646738,930082
ERR959004,14592
SRR7661999,48702
SRR870887,40336
ERR1427165,1060306
ERR1203481,93824
SRR12661660,56287
ERR2723879,50524
SRR5382043,134946
SRR1872552,42
SRR8706253,101904
SRR6268110,13724
SRR1062657,10052
ERR998387,672
ERR1442621,16384
SRR8788691,1639834
SRR10151855,93438
ERR1730785,27044
ERR960760,1212
SRR12194935,296796
ERR1252006,13798
SRR6654970,12382
SRR12554273,1284068
SRR10903539,1197344
ERR1374196,2608
SRR8883808,901368
SRR11214449,244322
ERR1395821,34232
SRR11302690,112
SRR11577237,57156
SRR7662001,15852
ERR959691,6738
ERR1415398,73764
SRR1871929,4168
ERR517931,37162
ERR1730827,12722
ERR2723610,190512
SRR9961218,737694
ERR1204504,147220
SRR14217728,112694
ERR1204304,155174
ERR1621515,63300
ERR959255,0
ERR1407646,26520
SRR13646787,369420
ERR1107909,40446
ERR1414906,61628
SRR8928899,64318
SRR392991,95363
SRR2834986,88708
SRR8787670,13678703
SRR8787610,310089
SRR1554473,1072601
ERR999219,112
ERR2146914,555314
SRR6020310,678240
SRR8106662,31202
SRR298566,77918
ERR780072,125750
SRR11033816,26520
ERR959925,1170
ERR1858035,31726
ERR1821594,20638
ERR1816562,21692
ERR1857763,30300
SRR6250329,53494
SRR19761453,274168
ERR1889769,121094
SRR5810678,6896829
SRR11577266,52660
ERR1216516,111648
SRR6250159,88584
SRR7410457,313552
SRR12964276,228500
SRR21119113,250698
SRR2567880,114148
SRR8106510,24102
SRR6655025,17032
ERR1621371,26420
ERR1889745,250834
ERR960572,17994
DRR162464,85948
SRR5810821,1032
ERR780138,91804
SRR5931555,157892
SRR7535421,56991
SRR5810877,3406
SRR3166947,254598
ERR2154657,70392
SRR6176705,134824
SRR13015595,397548
SRR5131064,367170
ERR1108782,249410
ERR718630,128654
ERR1888920,327556
SRR11302779,41
ERR1216062,109904
SRR15048115,177710
SRR4116053,2509662
SRR15600955,216664
SRR11540948,211711
ERR273826,10104
SRR10182214,187353430
SRR6654942,7733
ERR1252050,14702
ERR1416151,60474
SRR870801,110936
SRR11303374,105
ERR780285,105864
SRR10117571,253009
SRR20283706,2715
ERR1124529,318098
SRR8788677,706172
SRR5837500,249998
ERR1408785,600
SRR1871958,40
SRR9198866,34141
SRR6468780,59652
ERR959265,3786
ERR1816580,23076
ERR1373564,35112
SRR11926627,126806
SRR7699162,357792
SRR16299478,12304
SRR22018571,227802
SRR8305626,599875
SRR5341540,76816
ERR1427325,1167466
SRR13437201,158940
SRR6025624,14165814
SRR10126275,13056
SRR2422968,1928134
SRR12992430,933936
ERR960181,3206
ERR1889021,513144
ERR657623,115696
SRR8883785,178206
ERR1892053,9402
SRR7757832,264315
SRR17604936,149685
SRR1531446,5792540
SRR3290610,300091
ERR1124930,534794
ERR202508,4290
ERR1107920,102534
SRR15626537,158648
SRR8787620,78267
SRR7145924,432548
SRR7882031,654960
SRR8787669,3858558
SRR12194889,342502
ERR659981,109438
SRR7746629,42471
SRR6211487,234848
ERR1215845,188056
ERR1621632,47402
ERR854778,126890
ERR959599,8
ERR1889338,108700
SRR2989572,316240
ERR716860,158172
SRR6818822,320512
ERR1442696,11328
ERR949685,184
SRR1872164,19968
ERR659955,131540
SRR10394606,303040
ERR1373438,21168
SRR11427296,332918
SRR10974079,182648
ERR960011,2306
ERR960285,1062
ERR1730773,31950
SRR3679545,377804
SRR12436805,26540
SRR2051101,301121
SRR7662064,43294
ERR998271,194
ERR1857760,2206
ERR1889049,166622
SRR942765,88332
ERR2146928,229562
SRR22404871,209214
SRR11214445,384142
SRR13674720,182862
SRR17282630,216227
ERR960412,1410
SRR6469481,90696
ERR659810,106970
ERR871580,106
SRR11785626,155234
SRR9044114,67328
SRR6289740,94532
SRR6655031,8765
ERR959353,4288
SRR8945520,173660
SRR12474624,926138
ERR2146887,372224
SRR11427396,207666
SRR11302722,1127
SRR10989895,318776
ERR1415447,64586
SRR3932173,179550
SRR13234607,915501
ERR1124745,294930
SRR8811931,65132
ERR830288,150064
SRR20869085,66161
ERR1108122,375148
ERR1416051,25918
SRR8928801,18894
SRR6908700,1079134
SRR8106605,49190
ERR960732,3918
ERR1757504,35798
SRR8883728,102692
SRR1821838,328618
SRR3083710,444898
SRR11214389,114708
SRR11302730,84
SRR12060553,43933
SRR11427388,411876
ERR963175,36
SRR5342790,412454
SRR7942623,30323268
ERR960556,9372
ERR1108799,58788
ERR697990,66506
SRR8928764,239388
ERR1251988,26770
ERR1215833,16
SRR10126331,16341
ERR998162,132
ERR1821924,36836
ERR273876,2566
SRR6020423,5699612
SRR5892567,331823
ERR1215793,50
ERR1215908,210730
SRR11699729,224347
SRR11922999,157778
ERR340739,166108
SRR13938368,123312
SRR10070826,160854
SRR13724942,3238164
SRR14573851,598284
ERR871591,113226
SRR19661782,1127800
SRR6246044,332866
SRR3655793,147794
SRR11427312,1928342
SRR6654427,2636
SRR12661675,409069
SRR9198958,14454
ERR1475660,47170
ERR853474,39878
SRR6298091,408274
ERR1889708,245446
ERR1888206,37072
SRR870868,112370
ERR2723696,252850
ERR960744,3560
SRR10126019,12253
ERR1205107,546
ERR998364,56
ERR1889212,38356
ERR960676,52
ERR958980,17934
ERR925754,206
SRR7410392,158050
ERR1215766,336
SRR6268154,1292416
ERR854816,149656
SRR6908682,27290
SRR5893103,229784
SRR6469585,100486
SRR13998187,861074
SRR10277632,104
SRR6654242,10636
SRR11590412,117112
SRR6654603,23270
SRR8732839,601578
SRR11917483,618853
SRR886454,2442543
ERR1757393,22022
SRR6468772,85880
SRR8591316,403110
ERR999226,756
ERR1108149,102042
SRR11427229,320148
SRR10408935,144794
SRR12037356,16523
SRR870840,142844
SRR11806492,10538332
ERR1620461,428118
SRR5535508,623028
SRR1062730,19294
SRR8106714,871438
ERR2723359,127328
SRR13938367,91774
DRR189389,57235
ERR780110,98750
ERR1889719,159370
ERR1426948,684056
ERR968143,302
ERR1432001,265484
ERR1416107,197394
SRR12037345,12777
SRR13938378,163672
SRR6469556,85092
ERR959052,2
ERR596591,63998
ERR959320,33542
SRR7662015,16596
SRR7268901,105964
SRR3393533,176817
SRR13015641,355792
ERR871525,270020
ERR1205125,636
ERR2723383,97730
ERR959401,4968
ERR1108521,257526
SRR5810807,1670
ERR1888802,47936
SRR3581674,407735
SRR7789591,22128
SRR14428547,174247
SRR9058963,1202096
SRR6469039,27000
ERR1124882,650298
ERR960581,11986
ERR718608,109366
ERR1889763,81790
ERR716829,144768
ERR1252097,15282
SRR12045009,1650894
SRR6293904,1504236
ERR853481,50996
SRR19764244,758130
SRR13646736,419178
ERR1108192,145400
SRR6469400,84616
ERR1252024,15544
SRR17714683,236212
ERR1108516,317854
SRR6890910,246424
ERR1107886,216060
SRR11933715,149243
ERR517856,72868
ERR998264,760
SRR11303145,50
SRR17547550,38966
ERR1888681,2910
ERR949644,161866
SRR7154536,40977
SRR12967074,79618
SRR6654613,20250
ERR1757384,43396
SRR6654620,18329
SRR18042706,135142
SRR10151701,344154
SRR870738,23374
ERR968071,248
SRR6655000,9255
SRR8883741,44936
ERR1442854,14586
SRR5382022,127160
SRR5893062,348712
SRR17077500,404210
SRR6841459,420988
ERR959045,2
ERR984482,88500
SRR3465550,180854
ERR1426783,176306
SRR10151843,45276
ERR718571,98646
SRR1062330,111559
SRR6250108,111916
SRR8106394,13858
SRR1872631,22984
ERR1204569,124274
SRR1872262,108
ERR1427429,907340
ERR2402421,651542
SRR4375094,21336
SRR1872192,41918
SRR11862879,644887
ERR1858108,27388
ERR1414972,60782
ERR1204585,110348
SRR17497217,199132
ERR1891659,65148
ERR963199,64090
SRR6655016,9007
SRR1531455,2045450
SRR10513903,874560
SRR5004959,1213622
ERR1692542,60844
SRR6654391,18513
ERR853805,44516
ERR871491,208
SRR5443689,156352
SRR3581718,249130
SRR2227658,117423
SRR5382025,109774
ERR960389,838
SRR6908732,205690
ERR958819,12884
SRR3381860,78420
SRR13015583,309716
ERR854797,163636
ERR1108809,48918
SRR6250204,58214
ERR2723637,332822
SRR13238436,268764
ERR1889540,108604
SRR22018585,245200
ERR1216569,22866
ERR1594710,107720
SRR5810784,926
SRR1872814,8766
ERR1857758,31776
SRR11427248,460130
SRR18192304,599948
SRR1871979,38
SRR6654269,11403
ERR1857592,26448
SRR8435108,392652
SRR17375069,1154881
SRR12170031,281158
SRR1062497,32362
ERR1374372,2408
ERR1216138,86482
SRR12125399,34238
SRR15831130,448650
SRR5979251,286204
SRR17219939,12081
SRR1872846,37004
ERR1431986,33044
ERR1124576,338788
ERR968136,41196
SRR1872902,14034
SRR17720619,507698
SRR6655141,27239
ERR959797,102
ERR1427170,1218776
ERR3841997,760386
SRR6144828,31110
SRR7886636,1396513
SRR16768276,335766
SRR11302313,100
SRR18927186,62172
SRR6654509,31778
SRR5837494,304718
SRR15204107,181105
SRR6020356,41056054
SRR1821792,379494
SRR15626553,491960
ERR1889608,172906
ERR1621585,53652
SRR12661804,79528
ERR3266394,35330
SRR6250285,78352
ERR2723411,111542
ERR1427127,776254
SRR1872124,25428
ERR1215913,542
ERR999337,440
ERR1218338,166318
SRR8106457,50808
ERR1427425,492444
ERR1373603,59292
ERR1407645,28782
ERR1414971,40972
ERR1426788,135966
ERR1821518,22450
SRR3622442,99716
SRR6655130,38101
ERR925758,59192
SRR1821809,270109
SRR13979068,83743
ERR5056093,117240
SRR20018672,105440
SRR13785098,5650510
ERR999274,90052
SRR1872200,40634
ERR4910710,160528
ERR525361,47986
ERR1888173,96532
SRR1555493,914
SRR8106273,473876
ERR960448,904
SRR1871928,66
SRR11164689,14607388
SRR9849279,295066
ERR659822,61826
SRR2087780,162502
SRR16494152,167354
SRR8787624,47515
SRR9906825,183246
SRR12070817,21740088
SRR516547,111
SRR16195488,151644
SRR6250105,80764
SRR5382065,121425
ERR1204580,119918
ERR1621502,47230
ERR871506,202
SRR7235532,664196
ERR959146,6180
ERR2723244,218
ERR1416075,32348
ERR926054,165400
SRR10125979,21918
ERR1205335,58
ERR8517159,165490
SRR13015629,750858
SRR11427428,442388
SRR14217660,24154
SRR10126330,11739
ERR2154639,107064
SRR1872557,124
SRR11293500,655396
ERR596650,22594
ERR1857994,27434
SRR8383273,4687
SRR8587698,6264
SRR3183442,1382690
ERR853771,46282
ERR1204497,142756
SRR11862880,1177827
SRR10836770,135318
SRR13115065,384832
SRR7662092,16561
SRR17221758,1049920
ERR1124591,350190
ERR1373583,61592
ERR1426986,995414
SRR6327869,237898
SRR1871867,14962
SRR5113025,170406
DRR162485,75806
SRR8883870,120800
ERR1122748,198876
SRR8782106,4230
ERR1215870,182576
SRR13388643,1043968
DRR315801,321506
SRR12661657,52799
ERR667476,22338
SRR10974080,176924
SRR7661987,11010
ERR1888836,39394
SRR15204085,195269
ERR582854,228
SRR516553,76
ERR1373676,51032
SRR12774414,244376
SRR5593160,81615
SRR5125634,301328
ERR1373585,53780
DRR162494,49380
ERR1857806,7050
SRR14075697,212772
ERR1416152,59838
SRR10070548,35292
SRR10753184,12296
ERR1889289,114686
ERR998384,76
SRR6654360,12918
SRR15900242,4128682
SRR11186475,1186500
SRR9198765,8355
SRR9822877,1620856
SRR6655074,64085
SRR7410362,144406
SRR10974042,65354
SRR11033788,46020
SRR17248538,233864
SRR9277358,91846
SRR7268821,112268
SRR1062777,15052
ERR1374214,27038
SRR19661776,994462
SRR8787760,73023
SRR13234609,860211
ERR1124983,601116
ERR959201,5626
SRR11302297,118
ERR998230,714
ERR958961,364
SRR12103771,301368
ERR1816518,23288
SRR6469802,134328
SRR13234612,907388
ERR1408798,89728
SRR21528735,460600
ERR1216694,102786
ERR1427113,938762
ERR1215790,56
ERR1215542,44
ERR1216756,21278
ERR998133,53002
SRR12436792,56788
SRR5251430,62590
ERR1108081,338854
SRR9207196,123830
SRR16299550,11458
ERR667410,29342
SRR8457166,549696
SRR13234616,319229
SRR8787709,2221414
SRR6468854,63486
ERR1396839,1
SRR16299548,7330
SRR15964627,56163
SRR11610431,204328
SRR6039686,543424
ERR871596,164
ERR999516,98
ERR1427151,951464
SRR9198960,9313
ERR1889731,156930
ERR1857723,29310
ERR2723621,2614
ERR1415174,87660
ERR1107921,94926
ERR1426971,919768
SRR10127670,256356
SRR3571773,394370
ERR1395944,3140
ERR1204624,128106
ERR1415009,53400
SRR1736716,74354
ERR960229,4516
SRR10862999,576694
SRR3679505,313956
SRR13297052,518936
SRR11303334,92
ERR871322,323126
SRR11427415,479238
SRR16299657,27579
ERR1821749,23788
SRR17218122,385428
ERR1620417,81596
ERR4910721,365460
SRR11214451,566158
SRR2927824,1669874
SRR12661534,74486
SRR13646797,356764
SRR9906818,615652
SRR10735831,108804
SRR8788712,42019
SRR13181583,462832
SRR11427359,391074
SRR9674284,126038
ERR959561,6368
ERR1067165,349494
ERR1888889,383980
SRR13360749,197934
SRR6268177,63326
SRR9312995,99728
SRR13594955,4046
SRR2834979,87160
SRR13417615,442888
ERR1124705,164320
SRR10974029,263880
ERR1216507,71130
ERR1415411,111774
ERR1857993,26574
SRR1872184,43058
ERR2146976,472200
SRR3381875,167718
ERR1889561,50082
ERR959978,456
ERR659812,62094
SRR9198766,10674
ERR1662946,346598
SRR13115083,4309884
SRR6846413,282478
ERR1857700,29530
SRR11303173,148
ERR1857755,27524
SRR14567466,947238
SRR1872842,15878
SRR942772,29538
SRR7942605,389844
SRR9875026,104966
SRR8787752,50765
SRR2179998,63788
SRR13221793,298676
SRR2039720,247645
SRR959309,17695
SRR6289777,51452
SRR12661608,104722
SRR1821841,248202
SRR1872264,36548
ERR1124651,380466
SRR11303322,104
ERR1621563,60268
SRR13594969,6204
SRR9728699,436900
SRR18220772,51931
ERR1108034,169340
SRR16964686,351128
SRR13979091,1143200
SRR8787730,15083
SRR12436794,171575
SRR3111315,191052
ERR1892028,105458
ERR780057,63072
SRR6908668,358260
SRR9604617,32326
ERR3266377,27220
SRR1531473,718402
SRR10753221,12136
SRR13249700,292686
SRR6469676,421128
SRR17630956,132772
ERR960908,4186
ERR1692510,55276
ERR949663,158832
SRR12083055,2213602
SRR8788631,1486126
SRR835165,7813
SRR10916818,101428
SRR3231311,2227314
ERR1757736,23048
SRR9849236,280324
ERR659950,130198
SRR11213693,76457
ERR2723246,39260
SRR7119828,28531
SRR6469146,73876
ERR2723016,83202
SRR9331656,191566
ERR1621388,43278
ERR1252090,17270
ERR998342,202
ERR999490,184
ERR1414893,44468
SRR11302950,161
ERR1374338,8184
ERR1204453,306842
SRR17191187,177924
SRR1872174,41804
ERR1204237,86814
SRR7662093,15948
ERR3266362,41058
SRR12469183,256188
SRR6655320,89442
SRR1872298,50782
SRR13242456,37472
SRR14703476,24024
ERR1216627,59796
SRR6655304,5196
ERR959876,2376
SRR10434083,556636
DRR334962,5438536
ERR1621633,42906
ERR871486,166
ERR1216680,33278
ERR960827,69474
SRR9875031,28803
ERR871538,140
SRR14915976,96101
SRR10010361,61930
SRR1609753,124508
SRR6176644,2055472
ERR1821975,21346
SRR6469354,66646
ERR1889478,50806
SRR8799029,274638
ERR1889303,181588
ERR590782,45534
SRR6468858,527388
SRR12659579,271780
ERR600681,135004
SRR6654235,14634
SRR14270310,3151598
SRR6469551,113116
ERR1427340,736600
SRR1821825,263149
SRR7268889,99688
ERR963202,59424
SRR12774362,222096
ERR2154636,397484
SRR6655259,75982
SRR12037487,66515
SRR12661758,41487
SRR11590414,132834
ERR517949,62044
SRR1797757,155354
SRR594771,462297
SRR11926664,540224
ERR1252119,17108
ERR689812,58646
ERR716828,150586
SRR3381768,410892
SRR11590432,130127
SRR11309037,5264914
ERR273854,2
ERR6501833,496324
SRR10887499,151054
SRR1872177,43372
SRR8787673,30509344
ERR582947,1944
ERR959455,18
ERR2723853,20152
SRR12037377,14730
SRR1062771,22527
SRR10153190,202224
SRR6908605,25206
SRR10277618,118876
SRR12464075,238302
ERR202543,209840
SRR5125765,985812
SRR12492983,108964
SRR15376944,1975862
ERR959049,6704
SRR870767,135757
SRR12429754,528010
SRR7699147,363758
SRR10040072,1118304
ERR1416021,24142
SRR10126144,11867
ERR667602,2182056
ERR1889314,6374
SRR12194917,263604
ERR755702,131832
SRR9211487,228757
SRR17191188,179154
ERR449275,61684
SRR12194841,351291
SRR12661545,59583
ERR998150,134
SRR8928905,147758
SRR10862994,309756
SRR12194907,292002
ERR1397061,4148
SRR19572324,257842
SRR6132692,62500
SRR959317,111992
ERR1215839,210148
SRR8106441,45128
ERR1821879,21206
ERR1757614,19610
SRR8928847,59884
SRR13528189,1367214
ERR1099486,79886
ERR1205271,62
ERR1216341,218196
DRR162548,22132
SRR8883866,55812
SRR6249951,41136
SRR1062764,123942
ERR1374159,1052
ERR737739,87410
ERR1216575,26452
SRR1062748,122471
ERR1889563,107188
SRR13221965,390470
SRR10974063,59044
ERR998239,44526
ERR1442625,16346
SRR14902692,259938
SRR7892035,14120
SRR17413285,74070
ERR757855,230440
SRR10863041,177398
ERR1415437,96796
ERR2723148,61192
SRR13015599,391744
SRR11610432,198470
ERR960727,742
SRR10550541,93069
SRR6469810,111274
SRR10151734,49140
ERR1216642,101756
SRR1035982,175237
SRR11213690,57774
SRR1872677,47110
SRR578922,162588
SRR17720319,416515
ERR1108749,112856
ERR1415237,66466
ERR1373464,13826
SRR5520627,235884
SRR9198634,7778
ERR1416196,70586
ERR960054,5092
ERR1730485,25018
SRR18192302,98414
ERR1218411,159112
SRR9211503,156538
ERR4910327,207196
SRR6818821,317140
ERR1692591,45844
SRR19638124,461810
SRR11554194,225732
ERR1889244,52986
SRR11178122,767592
ERR1374111,4548
ERR1216766,26764
ERR959567,4246
ERR960263,8
ERR2723395,42412
SRR6020447,4799404
ERR10034071,274678
SRR1872822,12840
ERR1216931,731922
SRR13646784,344032
SRR1872857,20468
ERR2146956,513708
SRR15831096,223428
ERR1374664,3338
SRR21966424,110981
SRR6268058,43873
ERR1415054,56392
SRR15600912,168624
ERR659772,72006
ERR1821761,23344
SRR8270601,252800
SRR10204632,757668
ERR959807,312
ERR962949,166
SRR10058774,277600
ERR1099443,149336
SRR8054403,832536
ERR998369,20836
SRR13979050,96812
SRR10958337,272696
SRR4423757,844492
ERR1216011,125534
ERR1889620,230622
ERR1475839,46046
ERR1122782,68448
ERR718648,117172
SRR12654010,255636
ERR959745,20406
SRR9621256,1068
SRR10836789,229612
ERR1216708,112032
SRR8106474,52414
SRR10125970,34332
SRR6654463,14550
SRR17007607,1483906
SRR17282625,235542
SRR11302912,1071
ERR1442685,15100
ERR1821802,23114
ERR1374574,13508
ERR1475478,12064
SRR9960230,5433484
ERR2723847,127514
ERR1888268,12346
SRR15600948,492078
ERR3838744,1461932
SRR7762357,9374
ERR1204546,128462
SRR15606833,406320
SRR3139118,2816406
ERR1621674,53764
SRR10060611,207092
ERR1426909,725136
SRR3139115,788132
SRR10586527,618586
ERR853661,44596
SRR14923970,97001
SRR6246041,1181606
SRR13437206,222811
ERR406898,79911
SRR8928851,5030
ERR1891685,61130
SRR6250315,133900
SRR19761446,192148
ERR1415202,73262
ERR960243,37920
SRR8556702,2224338
SRR6654364,40091
SRR16299007,24351
SRR11303048,63
SRR8782099,3814
SRR6250125,29412
SRR393008,39060
SRR1872311,23184
SRR11303122,130
SRR6289677,75880
ERR1427023,744554
SRR6469706,202712
SRR1872169,42144
SRR11542099,161107
ERR960079,11090
SRR4026140,989654
SRR7292731,48138
SRR17247012,208530
ERR925706,306
SRR10989899,288348
SRR6469008,72938
ERR1427359,1142608
SRR870866,131518
ERR959424,594
SRR11926628,181163
ERR2723966,113808
SRR959323,68827
ERR569522,1500
ERR1692472,49484
SRR1621206,1249532
ERR6690607,709151
SRR18534002,167684
ERR340667,93492
SRR10485755,177166
SRR14883459,143546
ERR1621616,59778
SRR8982955,189860
ERR1889440,319182
SRR1871862,17898
SRR7789593,21151
ERR780112,144138
ERR998255,33344
ERR492326,49702
SRR11302999,140
ERR1216531,61656
SRR14993679,326904
SRR749514,130631
ERR4968952,254449
SRR16299480,19545
SRR9621257,1528
ERR1374325,4616
SRR1872127,25592
SRR14710786,201008
ERR1374447,1916
SRR11213717,80142
SRR9849232,266352
SRR9141304,75305
ERR962976,2214
SRR4457858,114188
ERR1442645,14280
SRR13724911,896532
ERR525402,41984
ERR594448,215472
ERR1373589,51556
ERR1416089,27852
SRR17282631,215783
SRR8592251,183475
SRR20083925,241200
SRR13646778,366364
SRR19661778,1009740
ERR963127,38842
ERR1757438,32302
ERR1889811,159576
SRR11114788,71088
SRR1872445,8394
SRR9854024,442335
ERR1427189,995040
SRR11303155,298
ERR1692572,44352
ERR2723005,302244
SRR9622311,151189
ERR962907,298
SRR5006038,2786798
SRR11302801,53
SRR6908615,21068
ERR999366,100
SRR8787794,112099
SRR8286595,1768966
SRR7119835,3153
SRR5443713,48263
SRR18267569,249772
SRR4423759,655696
ERR959626,2936
ERR667394,28128
SRR9198874,10729
SRR13724967,1951928
ERR853750,48160
SRR11302461,942
ERR1108811,44890
ERR1889831,55982
ERR659912,107450
SRR6497182,800834
ERR959013,8332
SRR18192271,214424
SRR6468977,56048
SRR13181516,327194
SRR7268912,118810
SRR16518318,142388
SRR11554195,228439
SRR6655352,4463
SRR1872994,38752
SRR8106391,17188
SRR11427297,267908
ERR1373384,20470
ERR1215726,440
SRR6655099,137100
SRR10836803,234800
ERR1099556,85438
SRR6132691,10692
SRR3381773,97322
SRR10151796,47250
SRR6654854,7438
SRR2146355,23612
ERR4973564,42354
SRR959328,60345
SRR12661600,96049
ERR4029247,589746
SRR13381333,705822
SRR1872425,39332
SRR12661671,172401
SRR12464098,286236
SRR6469060,37598
ERR1427410,500792
ERR1069097,309850
SRR7612990,421939
SRR15831135,497874
SRR1872882,21596
ERR960959,56
SRR6654315,16341
SRR7235545,147138
ERR1124719,299752
ERR716800,150446
ERR9077194,56166
SRR13402902,84950
ERR1475793,37524
ERR1730839,14158
ERR1415132,54730
SRR6268183,40554
SRR10974090,58860
SRR5125773,1025422
ERR853741,39322
SRR6655029,16515
ERR1204361,141242
SRR12436790,44191
SRR6495318,303125
ERR1692617,55494
ERR1427333,817002
SRR1872202,38430
SRR8787678,161648
SRR5378559,144268
ERR1252136,17606
SRR15097767,110880
SRR7535413,73915
SRR12661870,57633
ERR1216037,122988
SRR11365242,823836
ERR1108145,100380
SRR7063575,448916
SRR11302417,162
SRR11213700,55243
SRR7419851,51773
SRR8784164,40636
ERR1858105,29156
ERR1857844,34130
SRR7637836,339272
ERR998340,706
SRR17689308,177488
ERR960678,2
SRR15600966,108662
SRR8868548,113907
ERR1821836,23346
SRR8106581,35018
SRR11302406,106
SRR1062782,22126
ERR517926,50886
SRR8383306,3935
SRR13796921,1769898
ERR1124895,619290
ERR1124708,271414
SRR7410441,368584
SRR12436814,67312
ERR959725,8038
SRR13242481,25845
SRR5921071,168588
ERR1122677,149314
DRR162528,65804
ERR1757454,13980
ERR960725,14176
SRR13972067,94006
SRR9182362,426364
SRR870862,96095
SRR10836764,184070
SRR8928932,82982
ERR1427011,493664
ERR958968,144
ERR968129,244
SRR3231267,3736838
SRR5443688,153575
SRR10956574,1050256
SRR3498281,155890
ERR960142,566
SRR6654715,6739
SRR12037488,13442
ERR1892047,14516
SRR7119870,15111
ERR1888857,22494
SRR16299286,181169
ERR1216022,149822
ERR1415228,36358
SRR11302898,1267
SRR8883756,103530
ERR1621656,2476
SRR9198935,19375
SRR11700445,73017
ERR1730576,28012
SRR870951,213851
ERR492374,58208
ERR959289,14664
SRR10151716,45946
SRR10887588,116458
ERR1889122,192360
ERR340733,171426
ERR999518,53302
SRR7264594,31740237
SRR7757825,232887
ERR1374505,6230
SRR3371420,476514
ERR1108088,347488
SRR6469764,91012
ERR960015,1020
ERR1216740,17094
ERR667496,39592
SRR12469189,193588
ERR1427072,843800
SRR5125784,878994
ERR1374829,4158
ERR1892092,95714
ERR2723416,24692
SRR1062412,27579
SRR15600918,171540
ERR999561,93460
SRR6469626,113192
SRR11699733,180398
SRR1555503,1158
SRR1872998,56006
ERR1216081,126986
SRR6469529,188410
SRR8377241,946036
ERR1857879,29250
ERR405178,97700
ERR998112,124
SRR15711649,447334
SRR12443341,1239144
ERR411475,317944
ERR960051,3184
SRR7891983,54138
SRR10070736,61296
ERR1888076,213484
SRR13221789,209864
SRR1062355,119258
SRR14326882,686280
SRR6654678,18837
SRR6289811,88650
ERR853715,41900
SRR8137052,224498
ERR959175,680
SRR12661524,21068
SRR5810796,22
SRR15048113,636490
SRR5382029,120053
ERR959077,142
ERR1410222,109292
SRR6277534,57515
DRR162525,42762
SRR1039874,1059107
ERR1408814,416
SRR3679529,342708
SRR12197604,334708
ERR1374480,3514
ERR718653,129632
ERR1252218,14878
ERR1892037,86532
SRR11926642,117417
ERR1730815,12662
SRR12786070,241170
ERR959796,170
SRR11302274,92
ERR999268,92440
SRR5320542,58018
ERR1888329,239530
SRR5378564,217182
SRR11874791,91208
SRR6384887,287522
ERR1395851,25106
SRR6655308,3931
ERR582888,256
SRR17624608,191432
SRR9198884,8513
SRR5921109,254701
ERR1858077,32052
SRR1872958,18574
SRR9875059,6918
SRR2180294,268978
SRR7662137,13851
ERR1204632,137438
ERR1373391,26308
ERR1757374,27590
ERR1857746,29350
ERR1821829,23008
ERR1373596,61858
SRR7633483,414901
ERR1730588,27742
SRR6176657,58052
SRR1872191,58374
SRR7662074,60875
ERR1215597,44
ERR755697,176122
ERR1730573,26700
SRR21091435,3840
SRR14924004,152726
SRR6268192,523581
ERR960693,1549074
SRR519739,3772674
SRR19762955,143685
SRR12313637,186550
ERR959322,1026
SRR7749241,16571
SRR13559192,148484
SRR5113028,134360
SRR8383297,15126
ERR958799,2
ERR697927,83586
SRR15048120,1327258
ERR1414829,55520
SRR12661862,58110
SRR7535417,47448
SRR10040073,1434290
ERR1892069,105308
ERR959133,1002
SRR11785622,138069
SRR9119508,1685935
SRR6469552,190388
SRR19661795,214126
SRR3381857,99942
SRR392994,54936
SRR17604953,60968
SRR19661767,783450
SRR1555576,3963
ERR2723752,114952
ERR1692461,67478
ERR1475530,30114
SRR9622329,127856
SRR12356855,316186
ERR2154798,45586
ERR1621541,58630
ERR1889570,45344
DRR334976,869439
SRR1611974,146937
SRR2927825,1597674
ERR517942,69492
SRR5579867,42218
ERR1858140,28732
SRR6654546,74503
ERR999365,134
SRR12661669,350633
SRR14923967,251864
SRR7299177,164356
ERR1416145,52194
ERR569539,1962
SRR3228719,243015
SRR11303176,206
SRR19086714,113618
ERR1216692,120526
ERR1889179,296540
SRR12141872,63270
ERR1374337,2268
ERR1475564,39620
ERR1889339,157506
ERR738299,97144
SRR5944013,296296
SRR16195511,151397
ERR1621351,50818
ERR853710,40526
ERR1889316,4332
ERR1442562,368
SRR14567477,1047052
SRR17547492,58726
SRR7410387,271006
SRR6654515,6372
ERR926050,122864
ERR492345,51288
SRR3381732,258832
ERR960884,1138
SRR1871865,7020
ERR1218400,167086
SRR6020363,2068778
SRR5060338,89120
SRR7268815,125324
ERR998448,132
SRR18296204,184872
ERR1215844,34
ERR1374678,4900
SRR8883766,4766
ERR1216713,107448
SRR14923956,80052
SRR7662147,16173
SRR11542105,142163
ERR925701,276
ERR582906,1506
SRR1871984,33198
SRR6334480,2471432
SRR3144620,507099
ERR1416042,26732
ERR1821816,21498
ERR1415133,61090
ERR202570,640
SRR3381759,588136
SRR8106585,14294
ERR1251966,13716
ERR968140,408
SRR6655161,18005
ERR998242,80
SRR11862829,106276
SRR14551646,11376892
ERR926044,216
SRR1872045,48626
ERR1621446,24374
SRR1205173,223055
ERR1889157,432762
SRR6469122,76740
ERR1415365,89186
SRR11213709,75902
SRR12786080,273882
ERR1821911,17750
ERR1205360,227196
SRR5115719,128584
ERR1730789,26316
ERR1889567,52602
SRR10990415,381420
ERR1215943,191780
SRR21831669,733404
SRR17499132,127263
ERR1888621,105176
SRR16299316,6887
SRR10358540,704570
SRR6469525,16994
SRR2834950,129642
SRR9198967,6923
SRR11302832,86
SRR5809476,104052
SRR7801966,356881
ERR1374138,4378
SRR2239180,235459
ERR340692,131868
ERR1216614,63404
SRR11302881,39
ERR998366,33044
ERR1757532,18080
ERR1889810,56620
SRR15831098,279222
ERR960225,37904
SRR9207181,95786
SRR6469337,79880
SRR11033792,62512
SRR6293903,1041452
ERR958937,33004
SRR14804251,5205275
ERR1540914,306684
ERR1889781,103492
SRR3465549,165051
ERR667450,24454
ERR2146934,347842
ERR1205333,118
SRR1291421,114113
ERR1069069,237680
SRR17239195,179378
ERR968034,284
ERR3446749,66362
SRR1708346,227008
SRR3231327,9208742
SRR16973881,162114
SRR20869091,143935
SRR10126283,16568
ERR1108808,143386
ERR963149,124
SRR10510888,636718
SRR1531468,363466
ERR2723162,28258
ERR1427387,1492462
ERR2154744,18314
ERR1215938,196758
ERR689854,100750
ERR1374301,8976
ERR925731,238
ERR853645,40080
ERR1620462,481858
ERR1821782,27870
SRR19627919,163550
ERR871583,109200
SRR16905281,1170756
SRR5921154,376445
ERR1252154,13308
ERR1889069,317916
SRR1062321,110856
SRR12874642,138620
SRR6655244,648
SRR20002728,124138
ERR1621650,78
ERR1414942,41716
ERR1889394,177008
ERR411642,125800
SRR17547535,28324
SRR11302311,85
SRR6655214,10770
ERR854847,177074
SRR8928790,4686
ERR1124655,434132
SRR7789524,9002
SRR17218095,167911
SRR6908680,16074
SRR11577256,67024
SRR13176108,1979156
SRR2179997,146895
SRR11554207,129766
ERR998350,29110
ERR517893,57592
ERR4648678,96326
SRR8439647,641756
ERR959862,25188
SRR14693493,124360
ERR1414846,53424
ERR1888568,507568
SRR17600933,225796
SRR6469768,195012
SRR6655207,10278
SRR11917482,621450
ERR1427220,895192
SRR10737691,587636
SRR6268083,12783
ERR1374218,17522
SRR5163828,142875
SRR13429145,142286
SRR13074871,14628
SRR3231293,5073914
ERR1415400,83474
SRR1872896,46134
SRR11302481,95
ERR961002,196
ERR1821971,25572
ERR4029243,648426
ERR232360,32990
ERR1122779,81070
SRR7801950,485067
SRR11186443,346200
ERR4321711,94378
ERR3446737,71540
DRR162523,52326
ERR958852,16214
ERR1427095,698718
SRR1872923,9594
SRR3231331,5192348
SRR1062207,36989
ERR1216658,21362
SRR1062496,32440
SRR7240604,24316934
ERR1215966,119282
ERR689849,82966
ERR1621374,50524
SRR6811821,453
SRR9906844,395710
ERR1442586,14714
SRR4734160,113236
ERR697941,62876
ERR273863,2764
ERR4029229,267278
SRR8883828,50113
SRR10277623,309826
ERR853788,42864
SRR6908709,562926
SRR16674681,286086
ERR667393,19832
SRR7468700,59464
SRR6654550,19782
SRR3624462,820998
SRR14285957,192137
ERR1374375,1836
ERR3266360,40551
ERR1416093,25844
SRR6250223,71712
SRR8377249,136736
ERR4132487,268426
ERR1891682,77410
SRR12194980,579136
ERR2723656,111690
ERR1426931,588160
ERR1099555,80362
SRR11303008,56
SRR12661819,67891
ERR657614,99510
SRR1062300,34376
ERR1730490,32462
ERR1857915,29696
SRR11033311,180002
SRR11785625,135497
SRR5382009,149086
ERR1888405,173228
SRR19762958,158957
ERR854781,161798
ERR232343,1355026
SRR1555555,3182
SRR10737686,652406
SRR3987431,485761
ERR968063,52182
ERR1475700,27496
ERR3266382,26258
ERR960923,96
ERR925753,260
SRR13646788,333664
SRR7410466,129634
SRR10550564,104618
SRR8255920,651475
ERR1857828,31834
SRR6250279,120004
ERR1414967,57100
ERR780280,114232
ERR1216944,651622
SRR1062562,18666
SRR7299196,212953
ERR755675,183916
SRR11540946,361110
SRR15927816,178140
SRR13724927,67744
SRR12744941,254396
ERR960338,4362
ERR2154717,1402
SRR21518667,1805190
ERR1124440,263296
SRR1872322,1306
ERR1407588,72
SRR2968460,3014706
SRR2919460,45114
SRR10974046,60424
ERR998437,30730
SRR11303304,71
SRR10126213,24650
ERR1888784,128222
SRR12614072,751242
SRR10070642,93218
ERR340694,92714
SRR11267510,202654
SRR6469080,31976
SRR11302943,197
SRR11302828,91
SRR9849865,2528500
SRR22018608,1131576
SRR1872390,33660
ERR960949,186
SRR13388658,1029438
SRR8298710,494190
SRR20746140,720371
SRR12446287,544836
SRR12672459,132333
ERR2723499,144798
ERR1889400,275380
ERR1427007,631106
ERR1888120,37046
SRR9674316,133826
SRR19594534,68952
SRR3231315,6201528
ERR960875,2952
SRR3083730,437648
SRR11092476,75801
SRR11302614,202
ERR968044,172
SRR12658662,188814
ERR1216506,128322
SRR3465542,151886
SRR13565175,267328
SRR5805888,30270
ERR1215949,178626
SRR393005,137394
SRR11302292,77
ERR959652,680
SRR16299293,6981
SRR13849959,1329394
SRR4734159,140878
ERR1099401,81778
ERR737772,106892
SRR3679504,301988
ERR1475729,39814
DRR334966,7251174
ERR569536,1916
SRR6176620,2378996
SRR23085087,77524
ERR1415212,25038
ERR998398,33152
SRR6654894,6449
ERR1889315,54876
SRR5519771,353679
ERR960474,4152
ERR667500,32688
ERR1442702,14672
ERR1373678,64472
SRR13437190,210672
SRR6468888,77910
SRR535847,55720
SRR16299406,9279
ERR1407542,538
SRR14270305,2546074
SRR10070867,125230
ERR1692455,66974
ERR659853,101448
ERR830290,206856
SRR2136295,373536
ERR525337,54018
SRR11214391,132791
ERR959869,864
SRR22825765,23332584
SRR7410358,128234
ERR959107,4696
ERR3446772,70548
ERR1857957,24980
ERR1426904,609956
SRR886459,49614
SRR12464112,240808
ERR1889726,251072
ERR949680,240
SRR10836771,132176
ERR657559,99106
SRR9844304,132412
ERR718580,108814
ERR1889402,152800
SRR15831100,235274
ERR1475526,63586
SRR19638161,1042644
ERR1414867,74208
ERR1374200,32778
SRR10070808,39718
SRR7419840,54618
SRR12037475,13234
ERR1108545,247470
SRR13234645,20098
SRR21228038,104794
ERR959012,14136
ERR1216426,354
SRR9825128,63021
ERR830319,211280
SRR11206261,51736
ERR999346,64
SRR8106370,22802
SRR3183443,1313530
ERR1108202,191954
SRR6250014,46902
SRR6655008,8049
ERR1889838,56786
ERR1757391,28650
SRR3207419,197414
SRR8383288,4346
SRR8787646,1182817
SRR12661772,93281
SRR1872283,48902
ERR960487,2906
SRR519750,4237000
SRR8485412,27364
SRR16676616,254240
SRR21228027,140778
ERR271382,222966
SRR1004789,166006
SRR20869074,55250
ERR853635,42096
SRR6890899,267169
ERR1888721,264280
SRR5921040,330093
SRR13759089,224253
SRR19671827,159606
ERR1373386,26716
ERR2723109,26006
ERR999417,45550
ERR3266370,28508
ERR960428,3280
SRR9198837,18799
ERR1889075,120684
ERR1889554,103458
SRR1872222,41226
SRR870737,24603
SRR1531460,597338
SRR6890856,39853
ERR2723067,101970
ERR2723425,222878
SRR13076842,65773
ERR573447,32588
SRR5119938,40166
ERR2723116,38486
SRR7942624,67116178
ERR202502,608288
ERR1216655,16526
SRR10836765,194466
ERR1427357,754772
ERR1427379,1793012
SRR12037323,15708
SRR11909489,609252
SRR6469515,215526
ERR1888417,453664
ERR871436,220
SRR19761452,164154
ERR755693,249882
ERR780092,96830
SRR7008296,61766
ERR2723101,20902
SRR3932190,178162
SRR9312998,132276
SRR6654791,22621
ERR755680,187118
ERR1821846,25574
SRR8135922,87860
ERR1108014,123132
ERR1395874,278
SRR10106416,125123
SRR17731344,209962
ERR1374289,34890
ERR273877,2920
ERR689808,100328
SRR8106630,628202
ERR1407697,26140
ERR959765,968
SRR18935960,144331
ERR1415233,71952
SRR1569495,111579
SRR6654578,25494
ERR1857987,27438
ERR1108133,167646
ERR1204595,124438
SRR10735815,163633
SRR13234615,344168
SRR8883872,57322
ERR925768,77982
ERR1397028,109372
ERR1888298,129688
SRR1062397,27080
ERR667435,26508
SRR6416910,430534
SRR12654011,239984
ERR1730563,3256
SRR10117560,29411
SRR17499147,145885
ERR780086,136664
SRR8137055,224930
ERR1373726,22452
ERR738219,75550
SRR15626545,300846
SRR5947673,136240
SRR959345,24244
SRR7535403,36721
ERR4140028,175520
ERR525385,53924
SRR8135959,371172
SRR5921138,315176
ERR999272,64
SRR12464093,232314
SRR19641865,684364
ERR1205322,132
SRR6654431,29646
SRR11302785,55
ERR1821835,25066
SRR6268178,37844
ERR2723580,170936
ERR1374773,3146
SRR17191197,399436
SRR870929,181777
ERR3365996,172124
SRR6384888,436110
SRR6289746,95292
SRR6654822,21062
SRR10863024,422960
SRR12194954,302564
ERR2723965,78002
SRR3231263,2031552
SRR10126298,16786
SRR13594963,8032
SRR10344667,97293
ERR2723333,158410
SRR4375301,52912
SRR942767,62938
ERR1397019,2344
ERR1204442,282824
SRR13115075,2619448
SRR18290761,114840
ERR959430,3122
SRR16905285,1445698
SRR14217717,73765
ERR1816558,20916
SRR9735178,464352
ERR1122702,127594
ERR1416113,45584
ERR1099392,62450
SRR6468979,62814
SRR9198861,16863
SRR6132700,61236
ERR667529,44300
SRR17745590,5600
SRR14285951,208746
DRR189366,1077456
SRR11148654,140562
ERR1374734,4002
ERR1442704,15958
ERR1124686,227490
SRR7410368,192642
ERR1888237,82428
SRR1062794,96381
SRR5683303,346178
ERR1204419,314470
ERR1408843,96996
SRR11785635,100909
ERR2723108,35896
ERR925713,61242
ERR1889405,447776
ERR959789,1066
ERR949684,151930
SRR1062246,399303
SRR9674254,122444
SRR1872918,13724
SRR17026709,266140
ERR853672,78510
ERR1415001,94
ERR960879,12892
SRR10852226,185659
SRR10230305,288643
ERR1730538,13586
SRR20001188,678288
SRR11542098,149612
SRR8883818,147205
ERR1888519,577308
SRR1062570,19890
ERR1442733,13112
ERR1821769,21334
ERR697962,85934
ERR999540,74006
ERR780035,70534
ERR959230,296
SRR7268838,99588
SRR6250201,178048
ERR716843,182398
SRR16299573,10179
SRR10863019,328446
SRR6289655,306985
SRR11806490,8478852
SRR11302639,45
SRR12436755,87130
ERR1475714,32720
ERR960110,5440
SRR11302513,203
ERR2723783,1126748
SRR6250091,113748
SRR7942618,372796
ERR963178,53290
ERR1427212,789822
ERR998402,29074
ERR999425,610
SRR8959882,207384
SRR1555553,6086
ERR517985,112470
ERR1757701,31942
SRR11214440,241196
SRR17714713,351814
ERR659897,103848
SRR14703472,22184
SRR12749592,1625800
ERR1857891,29742
SRR7063576,596860
SRR6268055,30635
SRR13865267,274046
SRR8106416,50122
ERR2723327,340630
SRR1062439,26715
SRR19430249,246835
ERR1889060,111268
SRR10321289,101984
SRR10060615,247994
SRR8788654,1261296
SRR10070777,327786
SRR10126232,19978
SRR12194815,524046
ERR1107890,157772
SRR16299553,12866
ERR1251899,14072
SRR10070754,219172
ERR959939,1112
SRR17219959,8725
SRR8782100,3855
ERR958957,2030
ERR582943,1762
SRR6890906,225628
ERR1442844,12980
SRR10550520,99763
ERR959611,2204
ERR958776,31208
SRR12125385,40429
SRR8305650,568125
ERR1216188,94356
ERR1215821,264710
SRR8383271,17120
SRR14308856,368628
ERR1397051,1356
ERR960822,1202
SRR17900892,334233
SRR14851104,869961
ERR960384,4118
ERR1442809,12842
ERR1858027,24840
ERR1415414,92168
ERR2723046,68254
ERR1888792,38512
ERR1124563,220738
SRR17745593,5920
ERR1889539,117270
ERR2723238,42474
SRR12661711,44959
ERR1414951,33358
SRR7162664,37760
SRR1188152,87304
ERR2146945,327326
SRR9198666,5382
SRR1167755,193464
SRR11302715,139
ERR1442801,16240
SRR17547539,27420
SRR6469861,22830
SRR10151874,74766
SRR9058951,468988
ERR1415221,39616
SRR1872672,8426
SRR6996479,30944
DRR032743,183357
SRR6654786,9345
SRR17731346,174446
SRR9608468,1307538
ERR5961092,373318
SRR6313722,1236192
ERR1416066,27068
SRR6289673,57194
SRR9198869,7557
ERR1205235,130
SRR11302592,192
ERR1252223,16090
ERR1414821,44460
SRR1708350,466880
ERR1373365,23168
ERR492308,59622
ERR1218481,292172
ERR1374696,11988
SRR4330936,371706
ERR1475585,19458
ERR1374801,8878
SRR5810820,1896
SRR16490791,12390
SRR6469633,168714
SRR6039223,6617264
ERR871309,270924
SRR11302757,102
SRR6020405,741244
ERR1204560,177740
ERR1426776,145042
SRR11862883,2068288
SRR10887451,398884
SRR18192263,293016
ERR517915,78950
SRR13565170,360010
SRR10990400,307472
ERR1621514,63256
ERR1889455,253712
ERR1204235,162444
SRR2039718,289576
SRR19641873,447572
SRR8787586,25619
SRR11302586,106
SRR7659028,355146
ERR1816574,22862
SRR6655199,10441
SRR1062669,20157
SRR19571680,123008
SRR11267533,289486
DRR189383,93871
SRR1035984,151610
ERR1373409,18416
ERR999532,51256
ERR1821546,21268
ERR1124900,343108
ERR1889200,41990
ERR1416082,24598
SRR6469427,48038
SRR12661560,94759
SRR7882016,446182
SRR10366891,373458
ERR854800,148418
SRR8305610,443727
SRR11542095,158458
SRR12661725,90151
ERR960563,3522
SRR12436776,229455
SRR6039680,569320
SRR13839956,83881
ERR2723368,159580
SRR10117569,269138
SRR10126290,29206
SRR10151629,30898
SRR14703431,606278
SRR3228713,115719
ERR1427213,872800
ERR1442617,18216
SRR1062515,32026
SRR8106445,49556
ERR863496,27032
SRR14060972,1095206
ERR1730621,16422
SRR13646786,396928
SRR9211490,196650
SRR6468769,77784
SRR17654920,229842
ERR232337,9056
SRR20869086,55525
SRR1871931,36
ERR1107942,110266
SRR9875020,42324
SRR1736706,56753
ERR1888289,71378
ERR2723834,72182
ERR962905,2524
ERR871347,306472
SRR11080803,358656
SRR18192288,402178
ERR1374199,39294
SRR5382041,125675
SRR14295679,958479
ERR1204280,107278
SRR12340461,1019076
SRR5113041,207042
ERR1216119,103068
SRR13115044,326904
ERR1891641,58198
ERR1124552,703200
SRR9050625,242652
SRR17219927,5387
SRR13339157,231376
SRR6848347,495712
SRR1872317,42
ERR1373648,52154
ERR1888317,104968
SRR12578019,847372
SRR6469192,103172
SRR12492986,104157
ERR959058,3396
ERR1816507,25160
SRR6176736,116326
SRR16195481,100344
SRR5893065,1454114
ERR1821926,22124
ERR517906,61036
SRR6250331,52992
ERR1426789,136060
ERR1215986,167492
SRR9198871,8450
ERR1099384,130636
ERR1046083,76018
SRR13646805,381254
ERR689872,76668
SRR5810762,588
ERR737699,107946
SRR19086713,69308
SRR10117589,220166
ERR1204429,234398
ERR1427089,818072
ERR590718,38788
ERR926023,316
ERR958764,22404
SRR6250302,159638
SRR3086889,145806
SRR5687194,14226
ERR1821865,21298
SRR1872702,26346
SRR18192274,155286
SRR6081856,168741
SRR1004785,180810
SRR7089632,484594
SRR6469784,13850
ERR1416076,26926
SRR13780563,311888
ERR1124986,599880
SRR17400057,172510
SRR10753255,60346
SRR5810730,876
ERR3446742,62748
ERR716831,130682
SRR9875051,57226
ERR1218486,177680
SRR14340361,8902
SRR12658659,293518
ERR1757635,9650
ERR1397062,47108
SRR6261581,572582
ERR1757660,25418
SRR11213712,41079
SRR12661607,131063
ERR1821987,22590
SRR18390908,1031544
ERR1108046,212628
ERR959333,15996
SRR7008280,54636
SRR870747,28015
SRR13646793,476172
ERR659969,98668
ERR3838740,254722
SRR10990414,362974
ERR871508,194
ERR2723513,251378
SRR3083726,512320
SRR13724937,2145462
SRR8811923,81428
SRR10321295,2573728
SRR13646796,419196
SRR10408938,129678
SRR6176685,95162
SRR11427214,345066
SRR11302760,105
SRR8787662,83110
SRR10126300,22387
SRR7662035,48143
SRR11186417,518124
ERR718599,112406
ERR590778,33156
ERR1373751,32626
SRR3231259,1248588
ERR1888391,317710
SRR8787656,82256
ERR202574,396
SRR2293665,288470
ERR1408792,334
ERR2723744,11334
SRR6469389,67840
SRR11015123,28580056
SRR5125633,251126
ERR958909,24826
SRR11302850,226
ERR1416044,25414
ERR958850,880
SRR15204092,261705
SRR7119790,1687722
SRR13565184,154510
SRR14217639,113441
SRR16298964,11548
SRR10070856,203326
ERR1216424,138732
ERR1821619,20856
SRR8305628,775236
ERR949691,180
ERR1475631,44520
SRR14144775,726610
SRR18745516,1787728
SRR9844308,96368
ERR958983,4
SRR13716311,164898
SRR9198636,11138
SRR1872729,17162
SRR9728723,414062
SRR1872218,49120
SRR3113939,780668
SRR5855245,317516
SRR6661134,146535
SRR11728560,22812
ERR303222,322700
ERR1416183,66516
ERR1414919,42308
SRR10070618,11910
SRR1871973,23154
SRR6387408,358169
SRR10753264,17114
SRR11302390,281
SRR11303225,228
SRR10126295,21057
SRR8883836,263158
SRR11773518,666978
SRR8883701,169674
ERR1892072,78932
ERR1122711,178054
ERR1730666,37640
SRR6469801,176146
ERR1374614,8180
SRR3381853,88946
SRR5809478,128448
SRR6176637,3589034
ERR1373531,20794
SRR7410462,244548
SRR6654325,145641
ERR1414907,84198
SRR1872769,22108
ERR1396881,8328
SRR1551782,836500
SRR17714704,530008
SRR6468759,75796
SRR7264593,41838617
SRR14902691,264256
ERR1122695,324564
SRR1062423,26913
SRR6469223,75722
ERR1426843,145562
ERR1252088,18920
SRR13011469,424288
SRR1531471,47502
ERR1416144,48538
SRR7612980,248641
SRR11214412,757396
ERR962915,438
SRR10735808,191
SRR6334486,3187082
SRR13839972,64328
SRR10863031,227474
ERR977594,3069796
ERR1373684,50288
SRR12436756,53815
SRR10126020,17848
SRR8109041,162820
ERR1216008,116650
SRR3095293,725211
ERR1216110,115652
ERR1730544,23422
SRR14217663,104282
SRR11033813,394868
ERR1757617,11108
SRR9022958,684118
SRR21758107,130577
ERR949682,234278
ERR1107887,326070
SRR13565161,225448
SRR3231286,2322708
ERR1442887,15874
ERR1069095,322814
SRR15204087,153012
SRR12287383,197435
ERR2723072,276
SRR7641834,1699070
ERR1374446,3274
ERR2723209,372012
SRR1871957,24090
ERR853796,43348
SRR11590428,124179
SRR13181570,515616
SRR8383267,5087
ERR2154669,112844
SRR6289692,52048
ERR1442918,11980
ERR697867,83428
ERR590733,40864
ERR960542,8
SRR6655281,5396
ERR023147,217252
ERR1757653,5322
SRR17282626,307134
ERR1757667,22514
ERR697922,81292
SRR11214388,157183
ERR1821614,21330
ERR1216091,85212
SRR6020313,947066
SRR18124383,132284
ERR780324,91704
SRR9881611,361551
SRR12070788,25454970
SRR13970396,488036
SRR12661759,42438
ERR925736,250
ERR2146940,472670
ERR1442867,16260
SRR11590415,141582
SRR6655151,29530
ERR925726,266
SRR8298700,330766
ERR1475475,26246
ERR1621347,60384
ERR1692490,56238
SRR6020358,35720740
SRR3083703,152816
SRR6257758,517724
SRR11090036,51285
ERR1889842,83954
ERR853596,42984
ERR1205307,62
ERR1416058,47412
SRR8883803,345792
SRR9198887,57640
SRR2239178,181557
SRR10126107,18294
SRR9674235,125268
ERR738297,66318
ERR1857874,2126
SRR10753181,28848
SRR6469286,94890
ERR1374683,10298
ERR960275,1646
SRR7419852,50206
SRR10151876,42988
ERR958930,4904
ERR853469,44336
SRR22129125,1162828
SRR10199496,243178
ERR2723412,93320
ERR202622,179010
SRR17400065,192312
ERR1215797,229274
SRR14217616,121325
ERR2723373,86408
SRR9854016,188772
ERR1621457,49348
SRR11302289,1105
SRR9708003,103880
ERR1888906,565194
ERR1407613,1492
ERR1891655,59700
SRR1062527,32510
SRR12037402,16124
SRR18731946,192060
ERR1373571,27916
ERR968098,34678
ERR518000,104814
ERR1888880,94204
SRR6289781,86516
ERR1621473,53474
SRR6250197,79062
SRR11185418,155076
ERR1821870,23186
SRR6468758,60574
SRR12661915,121927
SRR20746130,753930
SRR17239193,368954
ERR1125011,459576
SRR9849224,285826
SRR12899699,1512714
ERR1427369,1002572
SRR12356839,280978
SRR6289715,73578
SRR11039814,176506
SRR10126294,13050
ERR1857850,476
ERR1888644,168144
SRR13319606,370892
ERR232341,19014
ERR1415068,66390
ERR959207,7720
ERR999205,108
SRR17714709,323432
SRR5443716,52208
SRR7764534,975998
SRR8936994,6517264
ERR959721,7492
SRR12194800,645454
ERR1692468,71158
ERR1888631,7714
ERR959953,946
SRR1872269,18030
SRR16518319,164640
SRR18220765,55132
ERR718592,111898
SRR6654471,2065
SRR6469752,113780
SRR15048116,88166
ERR959292,10618
SRR9336418,4478802
SRR5837506,241806
ERR959792,1112
SRR1062773,22748
ERR271390,742
SRR10862995,218438
SRR13646728,435184
SRR1872800,7184
ERR1108124,341294
SRR10126269,16059
ERR1416096,26114
ERR999225,50042
SRR16299061,11756
ERR2723340,518082
SRR3953258,6065
SRR12037330,9289
SRR3371419,667222
SRR6250217,66066
SRR8787613,45278
ERR1373781,34706
SRR10836768,133036
ERR1108834,207466
SRR9674283,126526
ERR1857876,1210
SRR10126073,17693
ERR1203494,45682
SRR9198990,9329
ERR1427262,1231402
ERR1373616,67494
SRR15999462,72733
SRR7699168,281556
SRR3166953,677622
SRR5810846,302
DRR162537,28636
ERR1124888,367650
ERR959272,74294
ERR780048,75012
ERR1215688,225712
ERR1891667,57988
SRR6268126,22638
SRR6289679,76672
ERR1888492,155140
SRR11302539,112
ERR1397020,2100
SRR9674311,138088
ERR1407552,434
ERR1252212,19660
SRR14217637,105672
SRR16299055,10267
ERR4321728,678808
ERR1374708,14638
SRR9325689,202462
SRR10887559,722042
SRR10230308,143404
SRR8106480,29526
SRR17239196,174230
ERR959917,1454
SRR5921067,345576
SRR1872398,29638
SRR11302533,88
ERR596613,58346
SRR21675907,199072
SRR1872876,22362
SRR13115041,1443766
ERR1621672,44054
ERR1204244,124840
SRR1555554,3771
SRR8182167,838324
SRR16299521,18464
ERR1396926,38960
SRR12661833,65427
SRR1871976,22
ERR667517,34858
SRR10017647,874556
ERR999403,228
ERR1442796,15408
ERR1252242,17154
SRR1062627,18778
ERR1888629,31892
SRR10126278,13412
SRR11302462,142
SRR21228036,158174
SRR6020308,75901996
SRR5893166,977526
SRR12446284,588960
DRR162552,40630
SRR5443669,145469
ERR1216165,129332
ERR1099477,116578
SRR5115720,91153
ERR999436,1326
ERR1757506,26502
SRR6888829,40544
SRR6249969,39148
SRR11302599,67
ERR1888374,357436
SRR18352679,20033
SRR8928769,282048
SRR6468986,78614
ERR1124927,761606
ERR1888984,811356
SRR18053105,723418
ERR737771,102844
SRR10070570,25904
ERR959314,13670
SRR8383310,10211
SRR7223661,300344
SRR13076836,88776
SRR9906800,266794
SRR10550513,88880
SRR10070742,152804
ERR960776,490
SRR3579898,290182
SRR13528198,866490
ERR1427274,530582
ERR959428,1252
SRR3536482,494024
SRR5251443,69344
ERR2146888,305574
SRR2750982,356669
ERR1407565,84
DRR162546,22948
ERR1407639,1846
SRR6468784,111220
ERR959509,530
SRR18042687,164646
ERR960558,7080
ERR1888209,65792
SRR8457173,562814
SRR10070864,124308
SRR527839,860354
SRR1785160,251366
ERR659976,119196
ERR871470,124
SRR1872313,30
ERR1888279,20000
ERR1888468,564048
SRR10988548,89286
ERR959072,6454
SRR6655022,8170
SRR14272179,104289
ERR667378,16978
ERR1620532,259244
SRR5006028,1450138
SRR7268911,120274
SRR5921082,261718
SRR10125989,20144
ERR340673,55552
SRR17085062,738516
ERR1373404,34874
SRR8992787,17384
SRR10887533,890826
SRR11427221,359460
ERR1889280,56376
SRR10151735,46022
SRR6654833,9755
ERR1216453,23276
SRR11267505,213818
ERR1427287,995758
SRR11302459,129
SRR5855248,221100
SRR6655101,242200
ERR960819,4020
SRR10868212,454934
ERR1216785,29854
ERR594420,190274
ERR1730791,20540
ERR1821579,23566
SRR7699149,270675
SRR9692020,165324
ERR659907,83166
SRR8928826,11094
ERR492302,62236
SRR12672456,131056
SRR3923666,58292
ERR1475733,43700
ERR998263,268
SRR10151607,35166
SRR3231306,3575698
ERR1891654,60728
SRR11302938,30
ERR1821618,22662
ERR960956,306
SRR6655056,6912
SRR3536475,445690
SRR12194878,340832
SRR3381755,228094
ERR716793,116740
ERR871563,86
ERR960020,64438
ERR2723987,93520
ERR1888273,10446
ERR2722970,52106
ERR1407679,136
ERR1252183,16028
SRR8647263,493068
ERR1427401,958740
SRR21034904,192694
ERR697965,84462
ERR1252200,17878
SRR9886608,643758
ERR999333,96
ERR1888938,586046
SRR12424281,33672
SRR8928834,22946
ERR1216468,21468
ERR1426837,101818
ERR411647,122310
ERR960036,590
ERR1416097,32316
ERR1204530,127044
ERR959661,916
SRR10151689,9664
ERR1069059,361122
ERR1373610,53822
SRR11427204,184488
ERR2154693,48112
SRR17219961,5772
ERR959240,7812
SRR10125971,22720
SRR8357662,188979
SRR1872959,12918
ERR1889723,142438
SRR12037374,16184
ERR10368631,1112110
ERR1857949,33228
SRR10010360,64950
SRR12469190,231446
ERR4648687,107608
SRR6289791,85502
ERR2723716,133148
ERR1374802,8838
SRR11601822,1473546
ERR1857792,440
ERR853569,59892
SRR12287386,228235
SRR7268978,179492
SRR1062540,31919
SRR1872691,9226
SRR7015875,290262
SRR8298699,361180
SRR14075705,231286
SRR11186473,1185124
ERR1414805,25760
ERR1427073,1008126
ERR697873,77272
ERR958919,12380
SRR15691861,85942
SRR1872667,4718
ERR968146,68910
SRR5086602,513882
ERR1442653,19922
SRR10836783,255352
SRR10151712,6352
ERR1757687,27118
ERR1730776,24448
ERR1888093,6740
SRR1062743,122213
ERR1442659,20454
ERR999454,88720
SRR10151693,30750
ERR1475752,34738
ERR1692447,74514
ERR1215854,187290
SRR18645022,316292
ERR960174,6612
ERR738294,80598
SRR13238441,3066180
ERR958977,104052
SRR11303125,98
SRR1062567,18248
SRR8377209,47398
ERR1888393,501312
SRR11955189,649686
SRR8868534,93479
SRR14140445,255728
SRR5125776,983582
SRR7891985,165274
SRR7154557,40935
SRR516556,36
ERR232284,17104
ERR960833,190
ERR1888175,215636
SRR18042702,164426
SRR7264565,4896821
ERR960730,2328
ERR959068,75110
SRR6469222,68238
SRR11577248,44881
SRR21966431,244891
ERR1216445,112852
SRR870964,114042
ERR853760,42626
SRR13724940,3176832
ERR2723493,104600
ERR1396957,126188
SRR3381828,156658
ERR5056247,84979
SRR498194,362282
ERR960954,174
SRR5341533,121252
SRR3393531,184439
ERR573438,25128
SRR11302451,147
SRR13149762,621944
SRR6841466,456464
SRR6289812,87798
SRR6469449,53516
SRR5125623,204736
ERR1373724,20796
ERR1374427,9534
SRR14217566,105741
ERR1621693,65288
ERR738250,90182
SRR8928889,49422
ERR1888260,214288
ERR1216709,89038
ERR2723889,73282
ERR960996,482
SRR19661771,1325394
SRR11303356,294
SRR7813753,746378
ERR1621428,54438
ERR1730652,7954
ERR958885,28438
SRR17313508,270080
SRR11926661,543046
ERR1757429,26928
ERR1107880,365388
SRR10510892,613892
SRR1555518,4197
ERR1373495,31260
SRR8883784,196267
ERR960675,104
SRR1872868,28528
SRR5921133,208791
SRR15626563,465892
SRR16905261,877712
ERR759378,207834
ERR958847,29486
ERR659923,76076
SRR1871989,27594
SRR15927835,194260
ERR1730760,38258
ERR1215767,250642
ERR1427411,985798
ERR1124602,217092
SRR9198769,11234
ERR659870,81256
SRR8106451,28516
SRR22428430,135272
ERR4968954,211179
ERR1216397,76934
SRR8106329,477732
SRR4302022,838346
ERR1692580,58996
SRR9211489,169473
SRR6047140,595984
SRR5382003,150536
ERR1108143,117576
ERR1426760,187810
SRR7268968,195030
SRR8106498,52182
SRR5125199,619972
ERR1124846,643486
SRR13979032,89773
SRR6654802,21986
ERR1374493,14874
SRR7419839,56267
ERR999197,110
ERR232364,1374248
SRR8706250,1572390
SRR12469140,262600
SRR870873,134563
SRR870740,23864
SRR12171307,270554
SRR8305625,874723
ERR1408833,69550
SRR959318,112890
SRR6251102,10624
ERR1415227,33726
ERR1426989,1084978
SRR2976529,339714
SRR13565181,335876
ERR1416150,56858
ERR1821620,26478
SRR10153640,332654
ERR2723053,74890
SRR1872331,32
SRR9849278,416846
SRR18053107,658622
ERR949657,118
ERR2723187,45922
SRR7757827,822480
SRR16973873,229104
SRR21140655,806312
ERR1397025,2260
SRR1872389,48
SRR11302704,334
ERR2723941,8336
SRR1872319,13514
SRR5810909,1266
SRR11302892,147
SRR7268853,113944
SRR6655184,23809
SRR6025583,10028192
SRR8305648,582907
SRR15710926,154004
SRR14217651,104220
SRR11090038,29203
SRR1871927,28492
SRR6654524,23931
ERR853536,43170
SRR6654705,12212
SRR2138294,106084
ERR1374821,2796
ERR1730590,22396
ERR1889476,221704
ERR1373437,34972
ERR959383,172
ERR6690613,725650
SRR5810711,2640
SRR10151646,21074
SRR1872533,34
ERR1252008,13938
ERR1252156,15466
ERR1427159,1009448
ERR1889310,213150
ERR1891698,64208
ERR2862351,1005262
SRR1871972,28
ERR1442823,13014
ERR1099507,89128
SRR10070829,82702
SRR3083734,144612
ERR1124659,436514
SRR14428566,134671
SRR15626543,550312
SRR18010263,313136
SRR6250080,103296
ERR738253,98688
SRR10151654,18782
SRR8788628,1784414
SRR5382005,133309
SRR13839980,208148
ERR1218426,199338
ERR1215985,156300
ERR1203525,183202
SRR6020395,1340116
ERR737736,150962
ERR2723584,264256
SRR12436731,36401
ERR2154824,36580
SRR12356843,271526
SRR7905354,5005716
ERR1757704,23074
ERR960800,1258
SRR11015122,23197370
ERR1289940,71814
SRR13958293,272638
SRR10070546,412192
SRR13780560,295850
ERR525336,43592
SRR12774411,267769
SRR15626574,3103292
ERR1373740,27644
SRR11302282,1093
ERR1205262,52
ERR716763,203772
SRR2968451,1070228
ERR1204400,208740
ERR698014,103324
SRR1871960,18010
SRR10126002,27865
ERR1374784,4836
SRR11700442,85675
SRR6655312,5416
SRR12899693,239554
SRR6466456,156860
SRR22805249,519948
SRR6468907,70042
SRR10070630,19566
ERR999389,74
SRR11090012,40515
ERR1427065,893362
ERR925700,254
ERR1730674,36042
ERR1692520,48346
ERR871469,172
SRR4240529,166097
SRR9211495,180012
ERR1888666,65260
SRR12661521,48493
ERR1888907,593804
ERR9077164,53078
ERR517950,60296
ERR1888556,457138
SRR13181524,278346
SRR1062736,20738
SRR6654771,14987
SRR6661136,130602
SRR12661888,55042
SRR3622447,157267
ERR697870,68574
SRR11874808,74276
SRR13015658,1495620
SRR7410431,319864
SRR15606831,644914
SRR776510,71734
ERR1891736,53620
SRR1872257,19948
SRR11039792,118220
SRR8106430,12614
ERR960234,9186
SRR11486781,237764
SRR10974122,61192
SRR1872976,6172
SRR13972078,107302
SRR3381859,77662
SRR11114798,287590
ERR780325,45222
ERR737741,64316
SRR8106409,54648
SRR6468973,75560
SRR21177741,228606
ERR959969,5242
SRR17642809,438907
SRR8106621,20472
SRR6469863,62906
ERR1858060,29222
ERR755679,161254
SRR5921143,182885
SRR10070750,586634
ERR2723779,29726
SRR13074835,12835
ERR960752,1808
SRR15813423,309505
ERR1888672,101468
SRR5893064,2602266
ERR1730771,20510
SRR8106447,36130
ERR1475601,32350
ERR2723705,20750
ERR1442862,14892
SRR9822875,1278812
SRR10070809,160482
ERR755681,169478
ERR853547,45642
ERR1858126,28286
SRR22561328,189270
SRR9962805,309223
ERR1891734,50860
SRR8552549,63326
ERR698015,119582
SRR9608465,688824
ERR590756,39278
SRR16195498,167530
SRR11302514,730
SRR7268903,101454
SRR6469681,99614
SRR7883083,40869
SRR9875055,43566
SRR18352695,8834
SRR10277622,162832
SRR10126239,37540
ERR1889800,223836
SRR13646777,343886
ERR1099425,174328
SRR12201940,250790
SRR6661145,119515
SRR10070691,172192
SRR13234655,51233
ERR960745,4036
SRR18327318,287304
ERR1821872,22172
SRR1872070,30
SRR19594532,70468
SRR6469593,92368
SRR1062738,21001
SRR13339150,177904
ERR1888730,172058
SRR18645020,604492
SRR6020318,3534236
ERR853484,47938
ERR959069,26700
SRR6655359,5713
SRR6469713,115624
ERR999463,42
ERR2723370,121318
SRR14217702,126546
ERR1415104,56012
SRR15204061,160845
ERR718637,112388
ERR1108820,224760
SRR3381734,455808
ERR1122742,235348
SRR11039800,147261
SRR953532,2536063
SRR5125632,273550
ERR1889141,53464
SRR6908649,774
SRR14999366,285352
SRR5320526,261224
ERR999252,82744
SRR22428438,108476
SRR14075703,233966
ERR1416159,64576
SRR1872387,38574
SRR10989902,282836
SRR10974085,66106
SRR5507574,228154
ERR1888544,534576
ERR1888354,457630
SRR7749242,17664
ERR1858134,28622
SRR8137057,237733
SRR1062411,28695
SRR6469694,96728
SRR6655072,65989
SRR1265737,282027
SRR12005392,539996
SRR10126059,18851
ERR10034069,374796
ERR1621471,46878
SRR6032093,362412
ERR960432,15808
SRR5810923,274
SRR14551651,1866022
ERR573431,40210
ERR958981,138
SRR12672475,142872
ERR1204300,132680
SRR1797742,141084
SRR15691871,27870
SRR16298979,27885
SRR16195455,86846
SRR9207200,139290
SRR11302425,143
SRR7883086,29227
SRR6469660,167000
SRR6908727,68588
ERR689853,67394
ERR716851,179864
ERR1427293,891842
SRR1010328,5908
SRR1062579,17917
ERR1821651,24418
ERR582916,2002
SRR11303247,1094
SRR10117564,250118
SRR8552570,54678
ERR925763,1024
SRR11700449,50088
SRR9906794,78656
ERR4091981,213340
SRR12661912,124899
SRR6072787,133694
ERR1374142,5082
SRR6250320,7230
SRR15871417,145664
SRR13360748,391194
SRR8106272,186856
ERR525404,51134
ERR517928,53526
SRR9336405,294990
SRR11016371,277788
SRR6250102,200080
ERR517939,51334
ERR1891700,67752
SRR16299528,12057
ERR999566,80226
ERR1122755,222336
ERR853465,40138
SRR16299305,16506
ERR1069112,271486
SRR11699739,153551
SRR14713034,267169
SRR19571659,96484
ERR1374485,8558
SRR6469280,63644
ERR1416088,27028
SRR9728746,476934
ERR1407585,78
ERR1857910,544
ERR492368,54866
SRR6025590,11019162
SRR15626539,228302
SRR12774407,246644
SRR1872197,56820
ERR1124687,241190
SRR5921164,322992
ERR1757491,19820
ERR1415203,1368
SRR6249997,49096
ERR1215584,178924
SRR8106374,24488
ERR1889127,7724
SRR12661897,134800
ERR1415260,75218
ERR1427149,42556
SRR14923953,86987
ERR1410207,90576
ERR1888300,96140
SRR10126017,7272
SRR17731339,147986
ERR1215962,149934
ERR1416017,31440
SRR633546,339430
ERR998323,162
ERR2154648,226248
ERR960860,3064
SRR10070601,23418
SRR11303030,239
SRR1872372,32970
SRR1062526,31800
SRR10151598,45630
SRR6468954,82784
SRR11302337,32
ERR2723177,88098
SRR1555512,2291
ERR959471,744
SRR11302353,52
SRR13938344,167348
SRR19086703,454152
ERR1124916,744732
ERR1216654,35156
SRR2255651,73264
ERR960008,1812
ERR1730818,10288
SRR10887519,166334
ERR1204450,270566
SRR5893057,4050
ERR4568373,212928
SRR13780558,324550
ERR1108213,140624
SRR22163685,281050
ERR1407630,29966
SRR5382049,109664
SRR2750993,331196
SRR6469435,46700
ERR960585,3272
ERR1692576,48282
SRR10151935,6624
SRR6655282,4807
ERR2722995,65320
SRR6654869,36898
SRR8383299,12114
SRR519717,1698732
ERR959753,8842
ERR1374141,2218
SRR6652892,1093058
ERR1397016,1544
SRR10974073,63590
SRR9207187,202954
SRR3381747,357678
ERR759366,185862
SRR9861065,537790
SRR6654681,22895
SRR10126249,12770
SRR6250101,48748
ERR1821501,24300
SRR22420225,209338
ERR960829,3064
SRR6655269,5222
SRR11302995,86
SRR12340460,467748
SRR7468676,92093
ERR1216099,97652
SRR6477199,799908
SRR3355802,94420
ERR1692533,81508
ERR998240,444
SRR11427406,372860
SRR6469383,93098
SRR8599811,1027920
SRR1872020,26902
SRR14326880,895214
SRR8417667,169694
ERR1415065,60128
ERR1122701,199752
SRR12436801,129645
ERR1692585,59732
SRR12786074,256944
ERR1218465,153792
ERR1730510,20946
SRR11926687,382232
SRR8106584,30934
SRR5921169,305900
ERR1475654,37162
ERR998430,31010
SRR15831094,259632
ERR999489,44256
SRR13319613,310450
SRR10150439,1539888
ERR1125067,155096
SRR12083659,17870162
ERR853777,37940
SRR12661811,69519
ERR1218392,190984
ERR1395906,35472
ERR1108114,393870
ERR1252180,24090
SRR10321288,62934
ERR1216587,32212
SRR15362155,516613
SRR10321299,3899314
ERR737774,89876
ERR1888575,431126
SRR6268071,51220
ERR2146979,923476
ERR998439,38554
ERR1252087,15348
SRR22437982,431354
SRR11302773,42
ERR1857712,6338
SRR6469816,205266
SRR6654895,14666
ERR3446775,61232
ERR1442776,15544
ERR780140,91502
ERR999189,31500
SRR5338228,7942
ERR2723061,111100
SRR10126097,23267
SRR835156,3467
SRR12436743,95410
SRR13297054,539996
ERR2723573,340724
ERR1889710,51414
SRR11427311,189568
ERR697928,71528
ERR1099551,200162
ERR1757409,25396
ERR1414838,74696
ERR1889393,96294
SRR6908702,3305662
SRR6654539,7201
SRR6468914,82514
SRR13339171,307732
SRR6654710,16412
SRR5934158,86154
ERR1374305,3614
ERR1407629,34630
ERR1204366,67086
SRR14308853,242235
SRR7662023,21145
SRR10151662,45276
SRR11039790,124006
SRR12158939,190260
SRR5810883,42
ERR1216464,21384
ERR1408791,2312
SRR14075698,243404
SRR10126044,15140
ERR4568384,203582
ERR1414982,73446
SRR10070565,496838
SRR13115052,1677014
ERR1373691,64508
SRR10126121,26760
ERR962924,372
ERR1620580,64126
SRR7535410,74211
SRR5810742,482
ERR1475825,45756
SRR1872574,62
ERR1475826,42508
ERR1888791,34916
SRR10887457,393470
ERR1415085,61598
SRR12661522,35352
SRR12661615,117600
SRR10550532,100137
ERR716816,185262
ERR960175,2108
SRR12774382,236535
ERR999483,284
SRR6890909,207225
ERR1108532,289290
SRR5418453,10654
ERR1124993,677372
SRR1062658,18977
SRR1555580,8782
ERR1475627,42830
SRR15347711,284352
ERR999283,40
ERR1432007,32990
SRR8441452,509706
ERR1442633,17576
SRR11267489,313560
ERR1252039,14434
SRR6416906,584116
SRR3113945,806664
ERR959723,1446
SRR10151656,45230
ERR1889417,248890
ERR1888431,368452
SRR11427314,313168
SRR5113032,593936
SRR7789507,724322
ERR1374290,8886
SRR6469454,69848
SRR9313000,114034
ERR340729,291376
SRR7892028,12890
ERR999230,58444
SRR10151933,87520
SRR5342776,509256
ERR1889778,203196
ERR718603,72632
SRR11427306,2438136
SRR16299579,15401
ERR590795,45722
ERR1215864,188660
SRR6654958,12184
SRR10990416,421454
SRR12464104,263052
ERR1216646,37428
ERR960716,69470
SRR14915985,110242
SRR10753174,38538
SRR14923975,349073
SRR6469338,63888
SRR6890864,600600
SRR5893059,527668
SRR5485638,179597
ERR10047719,271082
ERR670988,87618
SRR11305406,396932
SRR16327292,392390
ERR1108072,219916
ERR960496,3536
ERR1215818,220732
SRR5893071,1509806
SRR2750978,393704
ERR1407598,19168
ERR1124964,698088
SRR6908363,242398
SRR14139658,359656
SRR6784679,432726
SRR15376940,1599152
SRR5921121,226367
ERR1888874,354918
SRR6039675,190336
ERR1427179,763258
ERR1888602,96956
ERR959605,1054
SRR3231335,4437204
SRR6268113,48117
ERR960193,4830
SRR11302994,33
SRR836197,382425
ERR1857966,25858
ERR1888258,18626
ERR1888103,102388
SRR1872541,64
SRR6469084,58126
SRR7410460,163206
SRR21617361,1590172
SRR13381152,378936
SRR19117216,2421980
ERR1205349,58
SRR8106625,17734
SRR5381997,134300
ERR1432016,229872
ERR716762,161336
SRR3381738,180756
ERR1427173,965898
SRR14066774,164360
ERR960561,2190
SRR7268939,132622
SRR14272171,181790
SRR6250017,47876
ERR959086,0
ERR697896,26940
SRR12474625,535344
SRR14326884,345826
ERR1888196,61156
SRR13646752,414752
SRR11092495,138525
SRR7905413,3181842
SRR6246046,312666
SRR12554272,1243216
SRR7801961,205956
SRR11185424,240172
ERR1218413,241536
SRR12194898,310796
SRR10887501,271550
SRR9198804,14750
ERR4568378,226762
SRR11302940,44
ERR960367,596
SRR1872473,16
ERR1216330,109646
SRR5810906,1070
SRR8106696,27936
SRR8784162,418712
ERR1099491,103728
ERR1205315,44
ERR853764,66396
ERR1373803,33194
ERR1396906,2632
ERR594424,192944
SRR3996123,4400
ERR871556,260540
ERR960481,61464
ERR854859,151788
SRR12493021,108439
ERR2723071,584
SRR6654594,20244
ERR1216924,610874
SRR11214437,529320
SRR6494598,863370
ERR998237,39952
SRR19671829,138886
SRR5921140,200808
ERR958917,24996
ERR1857593,30186
ERR2154692,421738
SRR1872110,48124
ERR1730740,25974
ERR1888701,101528
SRR12661793,63254
ERR1407636,30552
SRR11302579,59
SRR12661719,43378
ERR145638,255438
SRR17219935,3437
ERR1427107,897010
ERR853751,39454
ERR1396917,5662
SRR12070785,18993236
SRR6020365,22511836
SRR12037410,18088
ERR960567,6184
SRR1821835,269079
ERR1889666,150766
SRR13528194,730986
ERR2723010,7832
SRR8706248,1719914
SRR5921103,161751
ERR1374144,1212
ERR2723075,630
ERR7132846,352524
ERR1216738,104490
SRR11590416,143725
ERR1216380,138890
ERR716886,156594
ERR1124866,615064
SRR5366720,1339962
SRR3381770,174124
ERR1215777,173970
SRR1872453,38
ERR1821724,23062
ERR1892044,76282
SRR21034903,215374
ERR1475550,52874
ERR1730705,19152
SRR10040090,1016896
ERR1122726,181490
ERR1204456,371812
SRR16964676,298634
SRR5810783,3130
SRR9182368,466478
SRR22428441,28686
SRR8787658,133139
ERR1730523,22672
ERR1395934,2570
SRR6908643,2194
ERR1396963,5904
SRR6890907,185994
SRR6654717,15070
ERR1216623,99516
ERR960365,902
ERR2154786,20732
SRR11302798,166
ERR925743,354
ERR1204478,108742
SRR9610834,419479
ERR1857569,23598
SRR13593802,89382
SRR1821794,354628
ERR1407661,29844
SRR776508,44878
SRR14217567,95493
SRR1519899,137820
ERR670979,76140
SRR16299200,18278
ERR780115,126432
SRR6469004,15298
ERR1415145,34212
ERR2146950,628394
SRR10436023,170208
ERR1204290,79484
ERR1374675,7102
ERR1889119,268196
ERR1374719,6516
SRR3038046,18820
ERR999449,774
SRR5687192,49746
SRR12149536,268494
SRR3923668,132862
ERR999534,34866
ERR977579,1738914
SRR11303150,65
ERR340726,169226
SRR11090050,50406
SRR9728704,427450
ERR959033,784
ERR1889036,142484
SRR5163093,214803
SRR18745496,2467572
ERR1374211,42064
SRR17547490,60589
SRR22805247,1757388
SRR12141709,78311
SRR10126067,20465
SRR12070764,27190118
ERR582853,224
ERR2723933,9318
ERR718567,412
ERR1730823,32392
SRR8298707,846888
SRR14144777,582534
SRR1010332,5222
ERR999424,1042
SRR3169300,777014
ERR1415438,92764
ERR1204469,141272
SRR11303163,106
SRR11554200,120161
SRR12125417,51456
SRR3083694,163852
SRR392995,61363
ERR1889645,163422
SRR9050628,401993
ERR1416147,47468
ERR1216695,98310
ERR1821950,23716
SRR12436810,91073
ERR1442795,17368
SRR17604941,160900
ERR667456,23730
ERR716905,179554
ERR1821598,20506
SRR10836792,337210
SRR14217656,85925
SRR16195458,73831
SRR5947672,176301
ERR492362,61382
SRR6908632,17088
ERR1252029,14356
SRR5810760,576
SRR8009940,449592
SRR5944016,191398
ERR582941,1662
SRR12493005,111346
SRR6469258,7728
SRR6020359,16578330
SRR1714468,2024882
ERR716802,95084
SRR3231351,6332674
ERR1215972,58490
SRR6654711,11762
SRR14217619,73791
SRR11214395,132361
SRR13972076,541488
SRR6469440,16964
SRR10151963,61778
ERR1205104,127132
SRR7633479,432101
SRR10044902,51400
ERR1892091,77880
SRR14703462,15742
SRR1609755,101512
SRR8787747,80354
SRR11303039,132
ERR1205273,52
SRR6020351,995028
ERR863492,28586
SRR7637839,435448
SRR3498290,2622237
ERR1373699,49220
ERR8058368,185778
ERR3446756,63346
SRR5893151,13539
ERR1889317,40714
SRR8883694,84936
ERR1821786,21754
SRR1872294,24966
SRR5443683,158033
ERR1621436,58184
ERR573448,35826
SRR11303175,60
SRR12194968,777214
SRR7905412,1635134
SRR5921072,160612
SRR7942621,115807222
SRR8928780,260806
SRR3018744,310601
ERR3266380,25687
SRR6250112,103274
ERR2723074,78550
ERR2154767,55488
SRR7268842,97564
ERR1373599,77042
ERR853676,47910
SRR6841457,432772
SRR15831139,397178
ERR1124543,363034
SRR7892023,45548
ERR1706515,65170
SRR870853,127172
SRR15483594,125764
SRR13149763,577744
SRR11186419,394858
ERR667584,47086
ERR854840,129734
SRR10393504,8585
SRR9875047,59990
ERR1396860,1786
SRR6469687,30
SRR10151925,87582
SRR17248528,310074
SRR3038045,28397
ERR517897,58736
SRR11303223,204
SRR6469717,58714
ERR1821575,23770
SRR797913,178053
SRR6469308,63116
SRR10863022,375674
SRR5058318,557272
SRR8928832,15398
SRR10215484,800418
SRR14883463,192502
SRR6655009,11437
SRR13958292,281732
ERR1218482,189154
ERR2154803,50090
SRR19641877,758452
ERR959491,6810
SRR12661542,77640
SRR6250056,94814
SRR8305630,919073
SRR8787661,52218
SRR5893154,154894
SRR11090053,50666
SRR6652903,1112008
SRR11302507,519
ERR1757427,21020
ERR7132862,365282
ERR1374855,4238
SRR7662065,31026
SRR16530666,337806
ERR2723681,53010
SRR5127960,264900
SRR1872193,42936
SRR14217577,114990
SRR12436774,47449
ERR968106,482
ERR854773,167478
ERR1821922,21790
SRR10070689,381928
ERR1124842,522392
SRR3179599,493540
SRR7240607,23205014
SRR7664343,362630
ERR1821635,24160
SRR21228037,182510
SRR1062204,25260
SRR16299065,19259
SRR13234680,679534
SRR5341535,73013
SRR1871942,8176
SRR14213369,205864
SRR10151630,28136
SRR5810811,2964
ERR1888916,323574
SRR10151819,87948
SRR3231275,1373576
SRR7699139,251912
SRR9336407,302014
SRR7410401,167746
SRR6654708,12734
SRR11033784,884570
SRR10151694,73052
ERR1124853,738888
ERR959039,7078
SRR2051113,184513
ERR7720657,4388424
SRR1872095,45836
SRR886458,83864
SRR14930243,431908
SRR5921173,446862
ERR1216470,35320
ERR1108776,127742
ERR035545,559908
ERR1595119,232800
SRR8587731,545660
ERR1108107,321810
SRR3381731,459624
SRR12749698,4726656
SRR5507571,236502
SRR1062223,21868
ERR1889653,61080
SRR18516713,712935
ERR1888664,12
SRR14217714,86857
ERR960399,3976
SRR13724954,1911574
SRR13234642,26002
SRR12708442,562702
SRR8530751,161796
ERR1442701,13934
ERR1205295,180
SRR6654541,19941
SRR11302958,167
ERR667548,48688
ERR1122719,160822
ERR2723887,63122
ERR1216599,95364
SRR11293507,1524134
SRR18296192,198956
ERR1730794,27820
ERR667458,19608
ERR659782,73680
ERR1108189,190094
SRR10038906,581246
SRR7264580,38120182
SRR14075699,203888
SRR12287393,408815
SRR5382059,110013
ERR1395850,31124
SRR10511875,144741
SRR9119504,1243891
SRR6654688,4891
SRR519745,1467654
SRR16574818,294084
ERR1069064,268654
SRR372789,230944
ERR698010,84638
SRR5810827,1646
SRR10126179,8185
SRR6468876,652126
ERR1108147,99178
SRR6818819,404520
SRR1872936,20502
SRR6268193,383528
ERR1889287,108902
SRR16195472,52115
ERR1099397,90120
SRR22428446,150522
SRR7662120,15984
SRR6268093,57927
SRR11302301,535
ERR1889469,30254
ERR1594701,1677848
ERR1216434,69960
SRR10828008,618370
SRR058073,111515
SRR7119869,33029
ERR960840,2830
SRR1872648,7964
ERR1216009,131292
ERR1373411,25432
SRR8787659,77706
ERR381749,132264
ERR1821648,24072
ERR3489849,227462
SRR6654657,18259
SRR7244610,168130
ERR1373801,42094
SRR6654344,14618
SRR10126246,11454
ERR1692483,50802
ERR1821675,25274
ERR1821605,21046
SRR8732836,231126
ERR1821683,25888
SRR7749229,13282
SRR1062587,18480
ERR998326,35420
ERR716718,76868
ERR590751,42016
SRR12614058,769984
SRR7410435,233494
ERR718640,97584
SRR12194797,418138
SRR10899680,925987
ERR959682,2506
ERR2723724,77384
ERR854843,129292
SRR7419847,23700
SRR6655264,11473
SRR15831129,466230
SRR5666986,2510130
SRR10151788,60706
SRR6020446,3740916
ERR1289935,140138
SRR7278697,287629
SRR12436808,77228
ERR2723390,16772
ERR830285,228924
ERR582894,334
SRR15347703,844430
SRR6450502,104112
SRR23085085,195780
SRR13938343,99668
SRR1872235,14384
SRR11577244,41508
SRR6020416,748954
SRR5810695,902
SRR6469006,11180
SRR6469431,79414
SRR13646746,585316
ERR1889291,53124
SRR8928794,6734
ERR1821569,25536
ERR853594,37504
SRR3953259,1833
ERR1373454,19372
ERR958946,1234
ERR984492,2062
SRR8106606,38624
ERR1216757,32722
SRR6654661,12556
SRR5893050,1555642
SRR19764259,1132872
SRR3207405,123042
SRR8788637,6313574
SRR12037492,15348
SRR10948891,410450
ERR1415419,90640
ERR1216597,71366
SRR5921128,274194
SRR1872327,136
ERR962928,8878
ERR999401,1786
ERR1122656,303930
ERR1215736,280
ERR925760,266
SRR14217581,124495
ERR1889699,2326280
SRR12661885,75171
SRR19627923,175744
SRR10070670,582300
DRR051060,1526938
SRR11427473,346936
SRR6654505,2473
SRR12194816,527274
ERR1706518,99862
SRR6654403,11461
SRR5163103,211883
SRR4375176,26074
ERR406901,49334
SRR6469867,43062
SRR6468777,82482
ERR10180600,723094
SRR3166944,373358
ERR1692492,63122
ERR960231,1962
SRR15662006,213276
SRR11537838,1760838
SRR6654648,5654
SRR7662107,27399
ERR657534,61076
SRR8928865,40264
ERR1415066,1804
SRR17691947,128862
SRR7905365,1694522
SRR8244090,131061
SRR9850658,13733
SRR8106683,22926
ERR1757662,25690
ERR1888884,657260
ERR853603,58168
SRR10126095,13145
SRR3083732,408436
SRR5378553,259146
ERR1427029,549300
SRR6250156,269752
ERR023144,132166
ERR1416185,53954
SRR10070556,433880
SRR10974003,286588
ERR1205399,226
SRR4423749,549637
SRR9728737,588708
ERR1215993,124264
SRR835164,24761
SRR12464079,273088
SRR8441457,509856
ERR1373687,50600
ERR1407576,21070
SRR1062656,20891
ERR1108176,195964
ERR926015,174296
SRR17547530,34270
SRR10126119,32011
SRR7119850,16897
ERR1475665,24190
ERR1374270,10206
SRR10887494,140750
ERR1857693,33474
ERR1374116,5206
SRR6908630,22590
SRR6654796,33809
SRR19638117,210844
SRR4423755,2489871
SRR11427393,245836
SRR6469296,93888
SRR7789618,10192
SRR16299311,2009
ERR1892033,104890
SRR13074864,18864
SRR8197486,288174
SRR8106267,357946
SRR9198697,8457
ERR998186,270
ERR1215875,179960
SRR6654311,6612
SRR5942259,89204
SRR11033826,223130
SRR16676619,217330
ERR1216775,28810
SRR5855384,966626
SRR15376927,6534576
SRR7268862,107362
ERR959369,38188
SRR6469622,934380
ERR2723614,57254
ERR1891726,67538
ERR1888876,379020
ERR1621684,53766
ERR962910,520
SRR6267982,1053674
SRR516552,77
SRR15036067,463927
SRR8587703,2948
ERR959490,1082
ERR1108511,301830
ERR1373374,19696
SRR11302584,37
ERR1373651,35040
SRR15600946,487428
ERR1124441,495628
ERR1373491,20934
ERR959525,98
ERR830320,250998
SRR7662153,16928
SRR8663327,114391468
ERR590774,35044
ERR1216050,137206
ERR853494,44898
SRR6654336,11104
ERR1730764,37444
ERR1205239,271218
SRR9198700,89197
SRR8377239,754280
ERR755696,198486
SRR12493027,97922
SRR10393509,18645
SRR15564534,265340
SRR11033829,840292
SRR12661782,68852
SRR12037415,12646
SRR9875016,74210
ERR1215998,133306
ERR1730533,20710
ERR959388,14
SRR8135939,689242
SRR10511876,114455
ERR1252110,13742
SRR14217726,99748
ERR1889808,58904
SRR10974036,75486
ERR202510,3946
SRR11427272,227964
SRR12070747,31098098
SRR12443354,231320
ERR1124803,555446
SRR6655305,14619
ERR1107984,135502
ERR2154779,35598
SRR5805910,70625
ERR1427373,608854
SRR2168748,4654532
SRR6829414,592860
ERR1218308,189256
ERR1730707,25064
ERR1124712,275796
ERR1475721,56496
SRR15813432,157369
ERR2724013,110376
SRR3342389,247609
ERR960510,8150
SRR6890858,65388
SRR10887525,126162
SRR13724934,85804
SRR10040125,306818
ERR1122730,201224
SRR6250253,2
ERR1888978,419290
ERR1442642,18794
SRR1062609,18048
ERR1475679,24432
ERR1252266,18226
ERR1374835,3392
ERR1124608,603970
SRR1872977,10256
ERR998295,142
SRR5921174,342967
ERR958817,33766
SRR1555537,6646
ERR960872,2200
SRR6654900,7732
ERR1374387,7700
SRR11303157,266
ERR2723263,19774
SRR6469049,30292
ERR960435,3684
SRR14710790,205412
SRR8928805,3868
ERR1857739,26256
SRR9947420,276438
SRR11302866,67
ERR1204613,175320
ERR959970,2900
SRR12436799,39935
ERR1415124,80134
ERR2154807,14938
SRR11540941,360563
SRR6654422,166
SRR12492993,89084
SRR6289760,197972
SRR12708428,661578
SRR16299416,9239
ERR1407532,1672
ERR1122817,101462
ERR1857893,32650
ERR1069056,203522
SRR1872816,20490
ERR925727,194
SRR10836788,235716
SRR1821816,309134
ERR1858097,25290
ERR1374369,10714
ERR863490,25772
SRR6469754,14052
SRR7240612,47479632
SRR11148649,142090
SRR3536536,96414
SRR15204062,183436
SRR2968444,706964
ERR1252164,17876
ERR1122754,253936
ERR697968,83540
ERR960268,6988
ERR1621475,62572
SRR870748,38675
SRR19430240,182903
SRR6655193,1075
SRR6908743,568602
ERR959442,4354
SRR15606832,464990
ERR960998,224
ERR202519,3494
ERR1427116,799126
ERR960702,3632
SRR1554485,1308818
SRR3083711,424626
SRR7746642,51583
SRR7699151,293784
ERR1373447,19036
ERR1205336,92
ERR1889674,246136
SRR7662020,32796
ERR1204486,119508
ERR1730697,23766
SRR3381878,98650
SRR12661567,73575
SRR13979080,2503118
SRR13332319,242522
SRR21228019,162436
DRR032749,169880
ERR2723817,36080
SRR5818008,48817
ERR960836,4348
SRR12661578,90839
SRR13646766,506436
ERR1252069,14892
ERR1216518,64690
SRR6469345,61232
SRR13839975,1143
SRR18290760,86776
ERR1204383,152180
SRR13076837,82747
ERR1216754,22316
SRR10550534,90693
SRR5163041,2399140
SRR7468680,71649
ERR7131140,212044
ERR1108814,150146
ERR960259,2776
SRR700539,223595
SRR8106378,65142
ERR1204394,133062
SRR8787705,3678573
SRR10070722,205464
SRR11303360,84
SRR6877475,421914
ERR1692535,91722
SRR10887471,225148
SRR16299535,13385
SRR12037355,16115
ERR1124451,2343794
SRR8945526,96197
SRR1062383,114479
ERR1442920,9016
SRR2392488,869906
ERR657537,490196
ERR2723979,29004
SRR11955187,682302
SRR11090051,41250
SRR10040069,1021440
SRR14300244,3871214
ERR999238,92
ERR925780,374
ERR1475703,36150
ERR854814,217198
SRR1062525,32220
SRR21966805,295818
SRR3038042,195317
SRR13234618,317532
SRR14340364,7630
ERR1442908,11986
SRR1872408,56
ERR1821762,30040
SRR11303277,122
SRR8928861,4918
SRR3420308,2226524
SRR15626547,400152
ERR1407653,20448
SRR12194877,322687
ERR1205269,422
SRR8591739,882706
ERR525412,30098
SRR5535507,285712
ERR1216777,35974
SRR6450500,156198
ERR1069113,281312
SRR10753224,20644
SRR18220751,48283
SRR11577267,47057
SRR6654928,6503
ERR1216603,68262
SRR6289780,85788
SRR11302413,668
ERR1374216,23138
SRR6170097,1630748
ERR1124841,580466
SRR7662129,17800
SRR8928948,99518
SRR18124377,153000
SRR14055359,1231922
ERR1215872,402
ERR1374279,4648
ERR1216061,89166
ERR517878,71210
SRR6250128,44600
ERR1124549,374946
SRR15626566,441010
ERR737738,91354
ERR853666,40136
SRR13417606,599244
ERR738267,84512
SRR11090026,43281
SRR9674251,119514
ERR1475517,47934
SRR14369959,662514
SRR11302833,71
ERR1374145,4396
SRR13429144,129560
SRR6468869,64826
SRR15204076,161343
ERR1857667,29774
SRR11033315,243726
ERR1888696,420668
ERR1621340,21718
SRR11302310,938
SRR3679512,362666
ERR1373793,45364
ERR853641,38852
ERR1427402,595064
SRR12967073,125425
ERR659928,98000
SRR8244078,118974
SRR6654638,9130
ERR959577,3068
SRR6497183,1875821
SRR9662025,160872
ERR1124548,784106
ERR667471,28116
SRR13115061,470728
SRR7236657,19879069
SRR11303011,162
ERR1857832,27340
SRR6469549,99954
SRR17413279,84263
SRR8106413,41006
SRR11302605,81
SRR8811922,2845
SRR1872455,52
ERR1396956,2870
SRR6020311,11576516
SRR9050632,324943
ERR1122690,209774
SRR11302976,189
SRR13724915,121648
SRR11974582,55915
ERR961000,262
SRR7419827,147916
SRR20869081,60211
ERR1107893,114060
ERR1426875,720804
SRR9728706,483434
ERR1730569,11954
SRR11006213,382676
ERR4568389,192442
ERR1427117,933900
SRR13646743,490538
SRR578911,140932
SRR13181562,455356
SRR12774375,295698
SRR6469201,81534
SRR22018604,232494
SRR10828004,563358
SRR9674293,120416
ERR1251935,13798
SRR2751039,324914
SRR7119838,6903
ERR998102,2872
ERR716848,167574
SRR5507575,231022
SRR6250155,113166
SRR9735172,665838
ERR1108037,245112
SRR10126215,11560
SRR17841615,45799
SRR21429712,176158
SRR13360758,172451
ERR1294272,64001
SRR6908747,214150
SRR7883091,21966
SRR17831296,229220
ERR1407708,152
ERR960458,3588
SRR6654759,15204
ERR381747,111254
SRR6811822,304909
ERR1888989,255486
ERR1427064,1255138
SRR15347707,260904
ERR1407546,2048
ERR596601,49746
SRR12443361,342876
SRR17547488,30743
SRR12661807,81274
ERR1415413,97372
SRR9849264,753668
SRR6468798,75028
SRR7612975,599543
ERR959220,4670
SRR5921022,331398
ERR1475518,46882
SRR10070746,161420
SRR6468964,80584
ERR569532,1848
SRR12874644,140388
SRR1555509,2940
ERR670987,68764
ERR1426930,1075646
ERR689855,73070
SRR9331659,167718
ERR2723848,8656
ERR1891730,61282
SRR6908675,85026
ERR1889008,290068
ERR1431991,48438
ERR1415168,68248
ERR1397072,14256
ERR1251939,15504
SRR1062240,120809
SRR1872276,35672
SRR11858750,428516
SRR519734,4622832
ERR2723961,35150
SRR5485629,150283
SRR10753198,40840
SRR11603947,495858
SRR18516706,890673
ERR1594712,133602
SRR14217631,49010
SRR6250030,52062
SRR8953738,28311088
SRR22018582,1193390
ERR949638,122
ERR1414812,1808
ERR968077,172
ERR1888121,322
SRR3179616,134142
SRR7268906,100308
ERR2723339,120038
SRR13594974,116170
ERR1204249,151176
ERR1730826,6868
SRR11302384,101
SRR5163036,2777680
ERR1204538,324988
ERR1124748,360428
SRR6250041,86958
SRR3679521,314930
SRR13594964,7744
SRR6848346,417268
ERR1124722,360232
SRR10368284,31001
ERR2723023,105228
ERR1891713,63774
ERR853528,61604
ERR716713,55952
ERR569547,1610
ERR999399,74
ERR7720661,1031492
ERR1252179,17632
SRR11427285,216736
SRR8305620,497599
SRR10721218,206136
ERR1374308,13146
ERR1407611,19718
SRR22805228,222414
SRR16299285,9657
SRR11684028,1070418
ERR1252134,14572
ERR1730758,40268
SRR11006210,385228
SRR10117536,234013
ERR1122842,85612
ERR1374540,2458
SRR1555575,3267
ERR854817,161702
ERR1426950,733348
ERR2723450,129102
SRR5084078,187405
SRR13191907,5910844
SRR8883736,37176
ERR667609,40698
ERR1374539,22084
SRR1872556,66
ERR1427255,1210292
SRR7268929,109300
SRR6468930,50122
ERR1215951,233006
SRR1872519,120646
SRR11303295,152
ERR1373677,53264
SRR12141861,238220
ERR1215805,195552
SRR6908734,107430
ERR1816529,24636
SRR5833541,669576
ERR1540893,216740
ERR999270,100
ERR1374654,3946
ERR1069150,251788
SRR11302594,156
SRR10126007,30100
SRR372800,148860
SRR8928761,241778
SRR6249981,50882
SRR17745572,2810
ERR1124604,376598
SRR10958339,277916
SRR16299204,13451
SRR6469319,44478
SRR1021216,386652
ERR7131148,525596
ERR863489,27006
SRR16327297,159836
SRR17714697,202198
SRR11427332,297802
ERR1373537,29296
ERR1374618,68284
ERR2723557,99540
SRR12672462,144748
SRR12436744,158839
SRR8937005,437974
SRR4026149,953694
SRR6267980,929822
ERR1620569,389606
SRR14217666,192204
ERR1427420,640356
ERR853471,68460
ERR1857603,29086
SRR12874647,165022
ERR958855,19670
ERR998320,276
SRR6469003,51484
SRR7268876,103418
SRR6655292,5556
ERR780303,87168
SRR10151887,104504
SRR6020419,2770732
SRR8244093,161951
SRR13076835,66118
ERR1427423,896232
SRR11303279,112
ERR1108209,126218
ERR999265,80
SRR10151979,64610
SRR6655263,11020
SRR10070564,427984
ERR1373674,58010
SRR16195512,269903
ERR1427239,692250
SRR8883791,670697
ERR659943,132940
SRR3018757,281434
SRR5004961,1247030
ERR1205260,78
ERR2723213,2006
ERR1204447,388184
SRR4375299,239144
SRR6020350,946004
SRR1872122,35918
ERR1124454,511594
ERR1122750,122686
DRR032745,190489
ERR1124594,600988
ERR1442599,13936
ERR1204355,177344
SRR21782743,236038
SRR10010385,120442
ERR1204591,143680
ERR2723560,195314
ERR960997,234
SRR6025605,227170
SRR11302437,1183
ERR1706507,84096
SRR9182371,395346
SRR8552558,67801
SRR17879864,316271
ERR1692548,68880
SRR11148650,193696
ERR1757708,30372
ERR1426855,760514
SRR11302290,79
SRR7789544,11298
SRR14213373,73234
ERR1416092,42654
ERR1108052,196410
SRR7468690,58464
SRR3231270,3045820
SRR11303151,130
SRR6654570,26444
SRR18053121,833078
SRR1062536,32556
ERR780050,78204
SRR7886604,703895
SRR14999364,275254
SRR6250216,61302
SRR1871855,48
SRR10126204,11441
SRR9198966,10781
ERR1252011,15216
SRR10863044,6961974
SRR4124043,101403
SRR11302498,113
SRR14285945,192149
SRR5893085,144845
ERR1858057,25714
ERR1108798,83292
SRR17239191,141800
ERR1252085,18486
ERR960062,10
SRR17247907,286710
SRR8591312,80813
ERR1415207,43288
SRR3228717,150230
ERR697910,99692
ERR1857639,29494
SRR23036879,160672
ERR2304205,477074
ERR871474,176
SRR3420392,1622770
ERR959882,66
ERR1216314,210444
ERR1069134,404852
ERR406887,129707
ERR1374160,1818
SRR7661990,22563
SRR5483538,298768
SRR8883802,105728
SRR15927837,688854
SRR2541819,96558
ERR1374762,6436
SRR15362154,578627
SRR10127655,275854
ERR1620573,123162
SRR16195499,54594
SRR1872215,60120
SRR7410473,340404
SRR19520285,2594760
SRR1062394,114119
SRR13181517,305976
ERR959871,80
SRR10312412,201546
SRR17413287,83260
SRR6654559,15103
SRR1872198,40970
SRR6654812,25477
ERR1426886,1032796
ERR689842,71326
ERR1888584,301568
ERR1414903,74616
SRR11951235,169423
ERR7131167,513972
SRR13646808,377616
SRR6908639,1716
SRR12313632,201660
SRR1872653,16456
ERR780318,93546
ERR1621534,29840
ERR1374550,13714
ERR738254,93848
ERR1415214,26212
SRR9906798,228906
SRR14213390,76065
SRR10151679,61516
ERR738292,79672
SRR6469576,2
SRR8788644,609682
SRR8811909,62447
ERR1692556,58888
SRR8587727,714324
SRR11563218,60206
ERR2723541,4810
SRR8599809,1086684
ERR960247,3494
ERR1620558,319836
SRR7947926,575374
SRR12356853,283268
SRR13176116,451664
ERR1757463,16072
ERR1414916,103206
ERR1396928,147496
ERR1414858,45798
SRR10151807,66736
SRR4050161,467276
SRR3166961,65126
SRR6654366,29756
ERR2723604,112526
SRR14217583,104960
ERR1889690,7602
ERR4910723,197823
ERR2402426,674956
SRR8883692,131902
ERR1216933,1445626
ERR1205348,209102
SRR8106287,532662
ERR1099423,103478
SRR11874789,96924
ERR1857862,462
ERR1251999,14404
SRR18267560,242530
SRR13646759,355198
SRR12037379,18394
SRR11540939,533296
SRR18516720,486684
ERR1620551,188456
SRR13242461,240995
ERR1107915,131792
ERR1757410,27844
SRR19892909,138494
ERR1889521,93150
ERR998211,44968
SRR17630958,108113
SRR5810871,102
ERR1414941,39034
SRR9708002,122640
ERR4029257,697286
SRR9312974,133776
SRR6469369,85458
ERR1216551,24864
ERR1407609,378
ERR1216191,104696
ERR1410183,38650
ERR1888915,404138
ERR4568382,745904
ERR780065,81146
SRR6469823,60966
ERR960749,920
ERR2154730,142942
SRR870778,75836
ERR1475522,26134
SRR1872167,51504
SRR17386279,505406
SRR2146361,53676
ERR962926,5468
ERR1821643,24062
ERR1888458,293002
ERR1442703,15836
ERR1857629,30748
SRR10277634,217570
SRR8883824,57053
SRR7145920,2896562
ERR1251916,18838
SRR10863048,2104213
SRR1872854,15450
ERR1426826,172974
SRR8883705,236906
ERR1621344,42508
SRR6268155,238896
ERR1888843,17960
ERR1108737,204158
ERR1204406,147250
ERR1416080,50778
ERR1821662,21018
SRR5507582,212536
SRR11852111,143746
SRR6469366,47702
SRR7119825,11573
SRR16299412,26323
SRR7535399,49392
SRR6289725,76496
ERR960311,5504
SRR19671825,320644
SRR11420469,60334
SRR6250292,95212
SRR11610426,182340
SRR19430238,182242
ERR1621435,61008
SRR2353209,1518986
SRR11303195,30
ERR1857633,32490
SRR9849273,507666
SRR10038916,612762
SRR17085056,481148
SRR12661591,108079
SRR3231328,9035494
SRR3536535,96814
ERR999464,81800
SRR18788791,164326
SRR10126065,15906
ERR853701,41262
SRR9207168,114140
SRR11302439,97
SRR14217642,78120
ERR998243,376
ERR999508,304
SRR8647261,637732
SRR10753217,12602
SRR9674238,128564
SRR1062260,537777
ERR1205105,104722
SRR7662037,32966
SRR6250165,94828
SRR9198762,10006
SRR10887614,183032
ERR1125026,609658
SRR12492997,109954
SRR7662159,16422
SRR1872037,37740
SRR2051090,229017
SRR13015642,352930
SRR9198983,7721
ERR2723371,77620
ERR659811,86898
ERR573425,34972
SRR17219957,4873
SRR8788633,1347096
SRR6655325,5614
SRR7089638,632500
ERR999395,124
ERR2723200,24696
ERR960032,1668
ERR1888953,102280
ERR1414832,59388
ERR2723498,210826
SRR8106576,52682
ERR1216021,155194
ERR1124908,374974
ERR959002,2988
SRR4369375,186261
SRR12744940,271576
SRR12194911,423887
ERR232311,12500
ERR1891688,61770
SRR6654946,11753
SRR3143897,362555
ERR1621496,53162
SRR17413282,79880
SRR10887491,245086
SRR5921124,294982
ERR1203501,329350
SRR6469126,3472
SRR13074818,25614
SRR1062808,20621
SRR13602438,278316
SRR11302984,82
SRR11267490,614084
ERR1475593,32120
SRR6654701,16475
ERR1426847,380486
ERR755714,234766
ERR1475743,36144
SRR14551645,8181866
ERR2154667,62746
ERR1124881,597404
SRR5127985,177797
SRR11267532,214658
SRR1062219,21063
ERR1046084,98440
ERR1108010,102994
SRR21966432,115117
SRR10321291,54786
SRR11427442,322608
ERR1373568,34166
SRR8552561,131250
SRR1872784,11056
SRR8106271,232654
SRR10117527,198075
SRR13376235,315052
ERR1252224,17514
SRR6654887,18028
SRR5810916,842
SRR3231282,2242038
ERR755692,213238
ERR1620510,160252
SRR5805893,529914
ERR1621645,72526
ERR1215811,188182
SRR10070730,41562
ERR1374285,6858
SRR22018596,961604
SRR7789600,13208
ERR1730782,48418
ERR1218418,292388
ERR492373,60130
SRR11302493,112
SRR6289719,73782
SRR13565144,399180
ERR1108543,251228
ERR716723,59810
SRR1821844,265733
ERR1395866,204
ERR1427228,664788
SRR10974015,58602
ERR4029231,218544
SRR1872813,17310
SRR1555552,2917
ERR1107991,90678
ERR525384,42916
ERR1108797,112542
ERR1730808,16184
SRR10990418,140696
ERR1415224,32492
SRR14217654,122280
SRR10153639,249480
SRR6908622,3944
SRR12874643,161582
SRR3086891,28791
ERR962972,1946
SRR6289823,78856
ERR1374395,5180
ERR1888274,13852
ERR999556,82768
SRR6825145,147288
SRR6250321,116092
ERR1621453,30494
SRR10753203,11432
ERR467064,76148
ERR232345,6672
SRR2750977,394008
SRR17349048,254968
ERR960470,24762
SRR6469353,101672
SRR13979079,3143539
ERR582896,202
ERR1730781,27490
ERR1216350,123702
SRR392108,2246
ERR716914,147596
SRR9211494,155756
ERR2723366,227038
ERR1374358,2456
ERR1415026,162
SRR6654783,12129
SRR18053119,2722900
ERR697872,63812
SRR12037496,23176
SRR5837503,272916
SRR7468678,50852
ERR1215588,474
SRR13519934,1243740
SRR10948889,433184
ERR1396978,264672
SRR22825760,6806078
SRR1062262,519644
ERR1203514,164594
SRR1062766,121891
SRR10070666,213852
SRR15483585,413554
SRR5251436,50250
SRR1872413,68760
SRR1872254,48
ERR1888407,611114
SRR7662132,17898
ERR960306,2922
SRR10151703,237266
SRR6654992,9210
ERR2723831,22930
SRR1062308,20844
ERR1124977,383290
SRR6250061,89376
SRR11186425,470816
ERR1125055,523984
ERR1252252,15864
ERR596674,27592
ERR1888422,523776
ERR1475757,13976
SRR5376368,706792
SRR5382053,132134
SRR10126066,23775
ERR467068,168398
SRR11302829,906
SRR11926640,143398
ERR960194,1848
SRR2013987,333482
SRR10070668,147652
SRR2751010,216005
SRR6003530,187502
SRR7535432,46035
SRR11206271,54407
SRR13646790,373328
ERR659816,49524
SRR6654554,19763
ERR1888382,228290
SRR13234675,81675
ERR959391,2
SRR12037320,14670
ERR659836,60314
ERR968050,746
SRR11303340,1128
SRR13938372,92530
SRR3923669,103821
ERR1692618,66944
ERR7131154,718058
SRR16299417,9122
ERR1889392,288560
ERR1621500,18866
ERR1888222,2746
SRR19571682,119966
SRR11420478,76068
SRR21529724,1826272
ERR1122736,184890
SRR13115042,621030
SRR10974086,63672
SRR12661731,87444
SRR13938365,123768
SRR1872812,25118
SRR19671822,555608
SRR5379364,121912
ERR2146949,335854
ERR960249,154536
ERR1888871,302188
ERR1414819,29516
SRR12194910,280215
SRR1062507,31780
ERR582861,266
ERR1216580,16390
SRR10151923,78212
SRR6654742,14455
SRR10070647,70174
ERR1475608,38684
ERR1204411,148762
ERR1374362,5344
ERR1442859,17252
ERR2146952,245112
SRR14923952,127292
SRR14144778,683400
ERR1427297,1156032
ERR958842,34036
SRR9198779,3276
ERR1475755,43912
SRR13339151,164346
SRR11016370,169746
ERR963147,114
SRR5805904,96719
ERR959418,2126
SRR6020440,398654
SRR6250306,126852
ERR1858011,27112
SRR14428575,249642
ERR1427085,901002
ERR1216164,112228
ERR1730766,25378
ERR1124970,224312
SRR10836784,122032
ERR590770,31852
SRR2735235,655794
ERR1414823,60282
SRR11315239,305998
SRR998889,29459
SRR9198852,6585
SRR6469497,141958
ERR1203477,145256
ERR2723824,105906
ERR1374381,2016
ERR999410,88
ERR1888571,527870
ERR1216544,64884
ERR998257,46824
SRR8526626,1840
SRR12493026,103581
ERR1442784,14734
ERR1858045,31488
ERR8516977,2701188
ERR1889275,153168
SRR10990404,484898
SRR14139662,398134
ERR871438,138462
SRR1872926,110
SRR5810797,2888
ERR1821680,22742
SRR6908604,24578
SRR12708451,701098
SRR7662155,17543
DRR224552,449018
ERR1621385,60324
ERR1889557,81772
SRR13181536,331784
SRR6468896,45394
ERR340697,3434
ERR1373777,42714
ERR2723842,67836
SRR6249956,42480
SRR11092479,868405
ERR697986,64066
ERR517933,50128
ERR2154783,14164
ERR697884,66176
ERR1069082,521484
SRR5122166,5605
SRR1872388,39376
SRR16195497,55440
SRR9966397,582072
SRR18124523,544848
SRR5893075,221554
ERR871606,200
SRR12492990,95697
ERR998137,58362
SRR11214416,691866
ERR960577,2
SRR3932214,238300
ERR1397054,68922
SRR6176650,901924
ERR1415005,132
SRR10436029,106625
ERR960690,3010
ERR1374428,4128
SRR6655095,29878
SRR12313628,220954
SRR6469243,60258
SRR8883698,249956
ERR1891727,1000
SRR14139661,243130
ERR517981,87584
SRR392110,576
ERR1125062,721838
SRR15204093,215362
SRR7813743,371592
SRR9198651,13322
ERR1757700,31006
ERR1108105,325990
SRR850600,158256
ERR1397059,657382
SRR18927200,51385
ERR960835,1674
SRR7615223,256619
SRR1062505,33975
SRR580567,24
SRR6654934,6017
SRR1555573,4882
ERR596685,23702
ERR1888639,8822
ERR023150,272112
SRR17630953,108786
ERR1204489,97368
ERR1857924,31458
ERR1415213,29616
SRR11590405,110756
SRR7789545,9790
SRR5921188,362119
SRR6890900,270860
SRR11303217,241
ERR1891660,58388
ERR1415427,109150
SRR7419888,11662
ERR1475674,29118
ERR854850,177180
ERR670981,71472
SRR9198896,6197
ERR2723323,360640
ERR1373432,26616
SRR12554276,1446184
SRR1004786,232516
SRR18053117,814886
SRR13729822,121952
ERR853809,43076
ERR1251914,14172
SRR13724943,2886146
SRR10151718,57920
SRR15048107,138362
SRR10070815,93250
ERR1204347,91116
ERR659977,119420
ERR1124423,195606
ERR1730599,19702
ERR2723490,85522
ERR1475765,28876
ERR582938,1676
SRR12070793,19092636
ERR1427204,1166652
SRR9674246,122568
SRR1062502,32294
SRR17375072,586109
SRR10126219,12728
ERR596425,53972
SRR11039812,144972
SRR870823,169662
ERR2102841,99115
SRR12070759,24823924
ERR716880,119570
SRR13249699,623040
SRR5921117,217021
ERR853575,38104
SRR7891988,162054
SRR6890848,76902
ERR999242,76726
ERR1475822,41874
SRR10004223,447548
ERR1216637,109300
ERR1821853,24134
ERR1888208,29584
ERR2146946,427520
DRR029935,132927
ERR1730497,22622
ERR2723253,44304
ERR949633,172
SRR13011475,454792
SRR8944754,747540
SRR12446294,454968
ERR1475788,34024
SRR1872252,31664
SRR8106326,590056
SRR8106624,22216
SRR10916846,37202
SRR5921018,348594
SRR7905407,4161960
SRR6250318,125722
SRR6655213,13902
ERR949662,104
ERR963123,112
ERR1757508,32358
SRR17235495,13
ERR1821682,21916
ERR1442732,19580
ERR1889401,260418
SRR12464105,251676
SRR6250003,57286
SRR13796922,1646186
SRR6908725,50292
SRR372799,267514
ERR780311,95456
ERR1216687,37534
SRR15600969,106434
SRR8109308,193590
SRR6469428,91628
ERR582945,1510
ERR1099547,585196
ERR1216034,175922
SRR16973883,69458
ERR1891670,58700
SRR7789540,11973
ERR1730836,24632
SRR11302741,358
SRR19641893,138320
ERR1374839,8588
ERR1692547,50318
ERR2146918,149891
SRR6469471,31472
ERR716932,148212
SRR11302960,70
ERR659899,64368
SRR8883689,228932
SRR13729831,439016
SRR10989890,355658
SRR13149770,421504
ERR7179902,146823
SRR11040634,260906
SRR11303288,121
SRR14930237,651928
SRR10125969,21374
SRR13115058,1056876
ERR1204256,155306
SRR13646761,320562
ERR1397081,60050
ERR1374544,24334
ERR1821779,25580
SRR12661890,60325
ERR657601,88622
SRR1062704,20018
SRR11303181,89
SRR6654772,11211
ERR1107987,70722
ERR1858082,27302
ERR1099513,114300
ERR1757655,15620
ERR871576,2408
SRR11033790,48752
ERR1757474,24916
SRR17248532,268374
ERR999209,61492
SRR11302851,117
ERR4910706,232217
ERR853830,38944
SRR12974176,515917
ERR1218391,172522
ERR1889043,274930
SRR6661138,151616
SRR6268057,52049
SRR10868216,885310
SRR8293706,197874
SRR12194979,555194
SRR10151951,41300
ERR853659,32576
ERR738298,91752
ERR1620451,299414
SRR1554494,2332375
SRR519728,3741350
ERR1888099,182688
SRR3231360,213174
SRR8135914,3010964
ERR1730688,26230
SRR22018578,236414
SRR8457169,495192
SRR7268859,106000
SRR14075701,217170
SRR17400081,187764
SRR1872212,10312
SRR6468870,174484
SRR1821820,228820
SRR19667663,165628
ERR2723921,23902
ERR1252261,17916
ERR1621427,35466
ERR959962,3420
SRR7535411,40511
SRR8632333,653860
SRR1797772,115894
ERR968039,662
SRR10070851,192408
ERR1124973,975196
ERR1216024,135702
ERR2723563,180270
SRR6289681,64506
SRR6814888,278068
ERR737710,93750
ERR2154694,79460
SRR7662071,63602
ERR1373646,32168
ERR596711,24686
SRR3207414,104819
SRR953573,44973
ERR1374127,8312
ERR1373713,45428
SRR6654676,11562
SRR8987980,235444
ERR1889052,119386
DRR189400,113463
SRR12201939,266500
SRR8106665,23272
ERR1892071,87036
ERR1216598,100062
SRR5443704,92718
ERR1426881,693166
SRR11303162,104
ERR1204299,141206
SRR18687250,71418
ERR1397079,5028
SRR12661893,98200
SRR9875037,64076
SRR5270230,196960
ERR340674,42104
SRR1062735,19525
SRR7641840,1870622
ERR755671,163890
ERR853533,47276
SRR4243164,175388
SRR6469026,87198
SRR10017650,691682
ERR8516966,2991562
SRR1062673,19763
ERR1108150,172984
SRR14813038,231814
ERR2723519,136314
ERR3446732,68420
SRR6250114,15672
ERR2723869,187672
ERR2723168,31486
SRR8106588,26962
ERR926049,304
SRR6654929,5441
SRR17247015,278668
ERR1821976,21718
ERR525333,56190
SRR6289743,94892
SRR14480031,3550966
SRR6908685,37430
ERR659777,103822
SRR7886613,1896028
SRR15362159,543545
SRR11881512,410486
SRR8106268,172802
ERR854837,171656
ERR667492,57184
ERR2154766,72280
ERR1416173,69964
SRR5931499,109700
SRR21034902,207692
SRR17026708,255848
SRR18053124,697230
SRR2834965,100080
SRR8135937,837368
SRR3231302,1779472
SRR1871980,21140
SRR1205162,235263
SRR16647479,393702
SRR7749245,12622
ERR1730780,24696
SRR11427294,417566
SRR16299313,15626
SRR10753178,36910
SRR7909905,425456
SRR10136108,858358
ERR1621463,48540
SRR6176661,53714
ERR1621676,43320
ERR959384,5530
SRR11303171,37
ERR659905,92720
SRR6469396,80744
SRR1872978,46064
SRR12194959,830892
SRR13759084,36718
SRR6654794,20817
SRR8591743,582966
SRR10958329,276816
ERR1426952,723174
SRR9728742,563444
SRR12464083,297482
SRR1872735,15572
SRR12354658,96956
SRR3381841,276842
SRR5163820,136246
SRR12661672,370190
SRR6176632,2964028
SRR18054178,46239
SRR14703437,1066284
SRR21617352,152850
SRR9198969,9229
ERR1215749,227900
SRR6654590,5997
ERR1407678,20742
SRR6268053,25390
SRR16299544,17236
ERR667490,31706
SRR6345656,1190205
SRR11302694,147
ERR1432014,87358
SRR8526606,150562
SRR10958328,285443
ERR1397065,1876
SRR870920,88238
SRR7299188,165054
SRR6411465,683496
ERR959717,2552
ERR871358,256638
SRR8457163,557000
SRR6654430,17580
ERR657528,71454
SRR7947921,1173602
SRR2346975,103779
ERR871531,176998
SRR10117559,24477
SRR9336401,197946
ERR1889623,154272
SRR17714718,321222
ERR1396999,12836
ERR1888882,284354
ERR1475686,20100
ERR1374487,20682
ERR1373635,73398
SRR10974088,31158
ERR853746,52684
ERR960963,400
ERR960383,2922
ERR657605,76152
SRR17219919,7780
SRR14217587,160429
ERR1108221,130290
SRR12974174,442802
ERR1407544,108
ERR960574,216
ERR959886,180
SRR12661661,56487
SRR3228702,41262
SRR11303119,186
ERR10034050,2736190
SRR16299077,8840
SRR8526633,501126
SRR5810729,120
SRR6654506,516
SRR6469021,47876
SRR12037337,15514
ERR1888988,536788
ERR998274,60
ERR1124960,861980
SRR14270301,3274140
SRR13519932,622918
ERR1373480,23258
SRR7419867,27764
SRR8135950,371778
SRR3655792,203032
SRR6655158,24489
SRR6039226,9699010
SRR7909909,3254304
SRR10070567,412928
ERR1251925,14844
ERR716838,179130
SRR5006031,2034566
ERR1821498,25118
SRR11302774,195
ERR960796,1376
SRR3622448,84895
ERR960813,1536
SRR9728748,471642
ERR998417,26712
SRR12999696,6763
ERR1816534,20320
SRR8286600,174724
ERR4091971,324740
SRR12283715,679658
ERR1757593,22334
ERR960696,6594
ERR1888369,328512
ERR1891731,59654
ERR958889,14644
ERR1730601,23828
SRR17210879,179947
SRR1062475,32287
SRR3231298,3488446
ERR1858013,29866
SRR11427410,399622
SRR11519059,119031
ERR959634,1516
SRR17655018,199314
ERR7720646,2927264
ERR1889650,103508
ERR1215990,136402
SRR10117578,206562
ERR1124788,400774
ERR1205361,478
SRR8883851,414902
ERR1122833,138874
SRR8298693,488748
SRR15204063,175926
SRR870845,112537
ERR718601,95932
SRR7266720,1548305
SRR5921168,359344
SRR5131061,390252
ERR1069110,209418
SRR14077609,261760
SRR22805223,1327652
ERR960433,11568
SRR7947906,15116810
SRR10070739,165354
ERR7131126,537359
SRR7419837,9348
SRR9728722,434692
SRR11420468,97312
ERR667411,21608
ERR853475,44720
SRR5893147,2189
SRR6268064,10627
SRR12492995,119415
SRR8106592,25694
SRR6654298,14826
SRR9189637,934847
SRR23064378,266714
ERR1442881,14664
SRR20869084,67409
ERR202608,1890
SRR13074853,11954
ERR697950,41382
SRR942768,161694
SRR11519052,127346
SRR8914613,242988
SRR12125423,35509
SRR18927194,72470
ERR716794,138446
SRR13376249,487700
SRR12287388,106433
ERR1730617,22608
SRR11302336,120
SRR8883792,215712
SRR11303269,142
SRR6250141,79602
ERR1216724,74080
ERR1414844,102602
ERR1888536,665052
SRR12134629,318088
ERR1730819,10698
ERR999374,92
SRR12037495,18225
ERR999412,384
SRR5978433,1398584
SRR10277626,290670
SRR10513906,215990
ERR1216456,20940
SRR8526638,396522
SRR1974165,2089834
ERR667465,43230
SRR10010367,122780
ERR7179893,247743
SRR7119841,8032
ERR853657,40744
ERR659791,111200
SRR19859441,361604
SRR18687241,76299
SRR6334838,560555
SRR6654569,21384
ERR1821720,21808
SRR11302661,75
ERR1821983,22994
SRR6293905,1841240
ERR1252139,17620
SRR12712228,159014
ERR7179892,194193
SRR6655211,43
ERR1373672,53526
ERR1108201,125872
ERR1124875,713098
SRR6468855,114222
SRR14930242,514704
SRR10126326,14318
ERR1427258,1184460
ERR232308,9084
ERR958920,27216
SRR5893132,149894
ERR1621566,42668
SRR5017074,3316560
ERR1415380,51026
ERR1107898,73292
DRR162550,19578
ERR960870,5044
ERR1416033,24054
SRR15204108,159185
ERR2723252,3108
SRR6468842,90136
ERR2723047,31254
ERR984484,93410
SRR1062559,18745
SRR12070743,22296152
SRR8802098,108089
SRR8106529,24860
ERR1124972,628806
ERR667386,36604
ERR1475607,24426
SRR19430237,472642
SRR10070859,209538
ERR999336,94
ERR1215971,102878
ERR1427203,784130
SRR9198709,8899
SRR11554205,202301
ERR1821483,21504
ERR697998,49832
ERR1857621,27492
ERR1215683,262
SRR13785097,21777114
ERR5056077,117934
ERR2723286,333880
SRR20958399,121484
SRR10990408,626518
SRR5482143,1217478
ERR1889782,134348
ERR1415064,70
SRR6655131,49492
ERR4568377,240588
SRR516550,62
ERR1069145,311234
ERR1757488,33286
SRR1062294,32000
ERR1730774,25850
ERR3266366,29658
SRR6655262,12914
SRR13565162,221910
SRR1609752,84684
ERR1374509,5772
ERR659988,100770
SRR11263439,761012
SRR5483549,369504
SRR11926671,908078
ERR1124843,662892
ERR2723545,1074502
ERR2723063,81932
ERR517912,72300
ERR517938,41672
SRR21966425,117308
ERR1216721,67928
ERR2304202,447808
SRR9198932,11783
SRR8182165,170840
ERR1757679,28478
ERR1620521,170930
SRR8552547,428463
SRR7268809,239390
SRR11303141,74
ERR657612,107344
SRR1821822,324497
SRR13565160,268102
ERR1426997,841286
ERR960375,4626
ERR1373685,54666
SRR1920171,1019301
ERR1857747,2762
SRR10070790,6198
ERR958938,34904
SRR6249947,52592
SRR17547513,27496
ERR1416061,32300
SRR1872535,20
ERR960843,3254
ERR1475502,33668
SRR16292398,282504
ERR1821757,24604
SRR10828002,982646
SRR13181540,354390
ERR716746,139740
ERR2723776,150442
SRR16299072,14798
ERR1204449,274594
SRR11303275,640
SRR5921089,132157
SRR870827,163406
ERR1858017,31930
ERR1757545,10760
SRR6908673,78894
SRR1062544,33116
SRR6469813,65368
SRR5921084,2811964
ERR959283,1580
ERR960946,296
SRR6469693,155496
SRR2751042,281202
SRR16299375,10569
ERR1620556,422262
SRR11427303,461818
SRR13979078,2334867
ERR925777,978
SRR6908718,14858
SRR7905353,2144828
ERR10047720,274762
SRR10126329,14008
ERR3413870,406178
ERR1205383,34
SRR11090022,52460
ERR1475750,41450
SRR13759097,86532
SRR6176648,6170192
ERR999511,38344
SRR11186466,1526236
SRR10490660,14039
SRR9207160,426426
SRR6469198,69594
SRR10038908,542730
ERR1397082,23818
SRR3290608,413128
ERR1416155,55392
SRR10828015,140334
SRR489487,27567
SRR12070725,25013320
ERR780141,110066
SRR1872153,46
SRR6469584,2
ERR1730531,16580
ERR517868,84788
SRR10151720,64082
ERR1857970,27700
SRR5810831,1782
SRR5087314,307331
ERR1215933,588
ERR960816,16788
ERR1373413,29912
ERR1374826,15264
SRR5893153,116507
SRR7699146,200352
SRR11917470,393648
SRR13181547,475288
ERR718577,95396
SRR3207401,229262
ERR517958,57040
ERR1889114,311390
ERR780064,84544
SRR7789572,12936
ERR1442805,15546
ERR1427216,881592
ERR1821492,26278
ERR1397026,1896
ERR998429,37162
ERR1730624,13600
SRR2968452,786350
SRR10868214,381972
SRR13015657,902224
ERR999221,39692
SRR8991407,2340530
SRR11302865,78
ERR1427112,699404
SRR9906810,1196716
ERR015565,128468
SRR21518658,1652124
SRR6654642,16785
ERR716879,130542
ERR1218472,161018
SRR7905348,4125516
SRR8286603,361784
SRR10126208,10520
ERR1888202,128410
SRR6250050,73296
ERR960317,28954
SRR13437207,160661
SRR9211484,165192
SRR10151779,55378
SRR10125967,15913
ERR1426896,660594
ERR1442611,13800
SRR17349041,211872
SRR11302868,79
ERR1857984,27162
SRR10958330,256603
SRR15036055,293771
SRR21831647,374500
ERR959848,3338
ERR1662953,434330
ERR2723480,93902
SRR8883790,237758
SRR6469188,91380
SRR13015631,686832
SRR11303059,40
SRR1872480,26258
ERR1888729,166048
SRR11974579,123747
SRR8383283,4145
SRR13979037,83592
ERR1888449,247052
SRR9674268,122082
SRR11214439,306436
SRR13938397,97680
SRR8552563,80825
ERR1108106,296718
ERR959937,6
SRR1871925,14320
ERR657596,94720
ERR1125058,526124
ERR1857624,30928
SRR17547532,33510
ERR958896,22896
SRR6654971,15563
ERR1821521,21412
ERR1432011,26744
ERR925767,272
ERR1889564,40594
SRR17968062,413238
SRR6469793,14
ERR871564,150
ERR7384924,5259762
SRR1062703,20438
SRR8784157,367377
SRR10151602,629476
ERR1373367,21960
SRR5382051,118996
SRR10126264,7971
ERR925790,394
ERR1396822,47628
SRR9198798,16875
ERR960650,10
ERR1857899,32650
ERR1215577,30
SRR5382062,139203
SRR11874786,102598
SRR1872712,18468
SRR1872229,14820
ERR659959,110778
SRR6469596,134312
SRR11519033,99293
ERR960302,28252
SRR21966439,143393
ERR1821511,21648
SRR22437987,183824
SRR801554,225522
SRR5164427,174769
ERR1889663,187370
ERR596614,66168
ERR1595122,220864
SRR11427233,409232
SRR12661863,76580
ERR830339,172498
SRR7947904,8490640
SRR11114796,273968
SRR9333945,691678
SRR7633490,24166
SRR13777244,355644
ERR854844,136498
ERR1857913,31808
ERR1821591,24652
ERR984486,1420
SRR3581315,578333
ERR1821505,22876
SRR18820775,396562
SRR11856743,476716
SRR6025600,382288
SRR8928859,301444
ERR477364,34458
SRR12037425,10143
SRR11365196,126773
SRR10951081,288598
SRR13796905,1508020
SRR1062500,32244
SRR12436840,113925
SRR6890863,335449
SRR5004952,582994
SRR7268973,186956
SRR12831469,666582
ERR590759,53546
SRR8106335,48234
SRR6250132,48040
SRR12340458,1056990
ERR1216555,27996
SRR12037433,17681
ERR659802,224504
SRR7410382,273290
SRR6811824,729811
ERR871361,282304
SRR11951251,151060
SRR1062359,114538
SRR11303294,151
ERR1475622,30850
SRR2227378,182793
SRR8928926,620716
ERR340687,1240
ERR1889746,345184
SRR5626509,84189
SRR6655118,49825
SRR7886620,408979
SRR6020332,717072
ERR1218407,199628
ERR2723190,14230
SRR5921180,344953
ERR959205,5524
SRR5507580,222400
SRR11851896,722403
ERR1216667,27894
SRR1062610,17937
SRR12194871,291751
SRR12070756,34642190
SRR1872255,28524
ERR1215758,263074
ERR853749,50980
SRR22018602,236418
ERR1124569,498888
SRR6416905,134360
ERR1757461,5992
SRR13839969,62215
SRR5921024,166826
ERR1122744,299220
SRR9325685,173790
ERR1891632,55756
SRR5125777,965540
SRR12661788,87066
SRR1785163,606825
SRR12661880,41310
ERR10368632,517918
SRR10974099,63570
SRR15600964,97884
ERR1373440,25406
SRR3166956,36434
SRR6468975,82022
ERR999235,92
ERR232301,1644706
ERR1857962,29148
SRR5934165,104760
SRR8106681,27980
ERR697934,53656
ERR2154737,14050
SRR10974050,61364
SRR7268976,8448
SRR10126060,11309
SRR6655303,6362
SRR3083705,158246
ERR2723372,86666
ERR1620487,450976
ERR1415117,60636
ERR1108531,323052
ERR1662948,390966
ERR1205371,50
SRR6250224,71694
ERR2722983,167976
ERR1821737,23790
SRR850596,98554
ERR4568385,172036
SRR658536,193458
ERR1442577,15358
ERR1442885,17234
SRR5485627,146719
ERR1857732,31266
SRR6507309,19096
ERR1215535,86
ERR659962,87354
ERR1396809,1
ERR959171,23178
SRR12890232,349954
ERR1216786,40054
SRR19571650,109601
ERR998170,818
SRR5809481,78798
ERR667562,53550
ERR998130,394
SRR12658666,329584
SRR5934162,126009
ERR9077191,48767
SRR1062282,22520
SRR8784489,24016
SRR12436842,107977
ERR1891669,62944
ERR999416,33668
ERR1475570,25864
SRR3228724,221095
SRR5810881,1358
ERR1889241,137362
ERR1889329,219132
SRR2473238,739716
SRR6494606,1140232
ERR1215714,184824
SRR11302357,42
SRR17259773,7316964
SRR11302499,125
SRR1872003,21572
SRR6020314,1902284
SRR11427219,390280
SRR835160,18168
ERR2154651,16964
ERR1374709,6428
ERR1374207,13886
ERR596694,19358
SRR7410393,141380
SRR6655348,111243
SRR5921099,352028
ERR1124584,1127710
SRR12436823,36562
SRR11362970,257496
SRR3498280,122436
SRR11303075,48
ERR1124598,135614
ERR1888350,336202
ERR1216425,108176
ERR2723127,56532
SRR10204645,632430
SRR6652895,875414
ERR960323,95474
SRR5893083,270737
SRR15236534,270200
ERR737728,139170
ERR1108104,332986
ERR2723309,120782
SRR1205171,232511
SRR19086717,81124
ERR1218337,168252
SRR10070547,60760
SRR8383290,7590
SRR15204106,186149
SRR17248533,378588
SRR5810915,386
SRR9198778,5968
SRR18220779,51992
SRR5485640,147247
ERR716893,167430
ERR1730820,22992
ERR406894,82597
SRR6468742,52594
ERR2154722,3734
SRR6416903,160690
SRR870852,123155
SRR7662069,4498
ERR960017,2362
ERR1122659,249348
ERR596691,27806
ERR1475615,46648
SRR11537843,3595623
SRR12158937,219274
SRR11302786,115
ERR716791,50
ERR1888132,103040
SRR6176633,3112964
SRR10151860,81504
ERR871479,177134
SRR10010363,80092
SRR6268134,629637
SRR3932212,336226
SRR10958325,257679
SRR8928772,283048
SRR12661557,99368
SRR1931774,1005045
SRR12194823,434004
SRR19641884,369208
ERR1888499,333848
ERR1888069,270474
ERR1205381,218216
ERR1124864,360020
SRR10151641,67584
SRR17219973,4651
SRR18788797,276264
ERR1426942,938998
SRR1872778,21098
SRR11303209,72
SRR8787665,138364
SRR16299363,8400
ERR1889655,107308
SRR11563228,55794
SRR7419876,9479
SRR11427315,345538
SRR5443687,153859
ERR1216066,156140
SRR5519773,255815
ERR2865434,121242
ERR1125036,540054
ERR1204521,103706
ERR1889046,212206
SRR1872394,21934
SRR2751020,370150
SRR6469197,74790
SRR11590434,273804
ERR960210,5314
ERR1204444,379570
SRR10887560,369808
ERR854863,153840
SRR15626569,263054
ERR1889871,64524
ERR1124906,409936
SRR9674250,113428
SRR6468929,76452
ERR1251891,19014
ERR1620590,185002
ERR1888441,582678
ERR1857801,1086
SRR10070776,20958
SRR17235504,7
SRR1872669,10660
ERR1396986,63598
ERR1407600,464
ERR959438,10
ERR1294276,66483
SRR1872156,82914
SRR12492981,116390
SRR22163682,388746
ERR853689,49076
ERR716721,42918
SRR5113017,466308
SRR7942619,544374
ERR1816571,26254
SRR6469365,84574
ERR968145,350
ERR10180588,881822
SRR8787729,380117
SRR1062239,120277
SRR16299240,15271
SRR6469839,80656
SRR14993688,131287
SRR5892568,360847
SRR11303115,106
SRR16299319,17418
ERR1857598,30740
SRR10152012,48728
SRR7089639,42206
SRR6654501,13073
ERR340678,3042
SRR11427302,250146
SRR21420713,146406
SRR7268948,204170
SRR1062636,18593
ERR960331,7868
ERR659807,64662
ERR1475740,48200
SRR20283714,97209
SRR18296198,174430
ERR1108513,251642
SRR12874640,138872
SRR6908360,340480
SRR6890885,239774
ERR271381,570
ERR871573,766
ERR1396936,125028
SRR2776885,144922
ERR1252193,16256
ERR1204622,139354
ERR1204586,133330
SRR1872766,35344
ERR1124898,376466
SRR5921148,250633
SRR8883726,17078
SRR10151652,145774
SRR6908691,30514
SRR10127657,357004
SRR11302769,1190
SRR15483581,344846
SRR22018583,1054074
ERR1888723,98156
ERR959367,51866
ERR1621522,42174
SRR6039229,9190264
SRR13839970,54733
ERR1889600,108322
SRR6468961,59126
SRR13242469,11408
SRR1062814,19992
ERR1427004,649978
SRR13972064,68518
ERR1889239,44186
SRR12851622,435342
SRR6025585,10579918
ERR1107971,131934
SRR7662045,23167
ERR959035,4078
ERR1252086,14530
ERR1374733,9894
SRR3420421,1290074
ERR959699,6500
SRR10126212,14361
ERR1857821,4276
SRR8298708,283038
SRR20002720,139955
SRR9159930,550770
ERR1888560,707946
SRR10151975,106498
SRR14915982,93947
ERR1889059,355734
SRR3381723,443246
SRR7410386,146356
SRR14217658,4259
ERR2723070,129748
SRR870863,140630
SRR7419864,11659
ERR1888066,291922
ERR716903,184646
SRR1342216,188774
SRR1871856,11162
SRR3083691,455526
SRR10887546,180792
ERR1888500,18770
SRR10126197,11185
SRR6655014,9726
ERR960545,14
SRR3932188,225704
SRR7299184,152420
SRR9662028,293692
SRR10887435,1284930
ERR1216635,82202
SRR5810745,1066
SRR17349043,166838
SRR8106721,39932
SRR14428559,104796
SRR1872171,21604
ERR998213,43818
ERR1730805,13564
ERR1426850,170024
SRR10974119,57566
SRR5113044,144276
SRR14783849,1120730
SRR10070636,69798
SRR6308294,163548
SRR9875057,57518
ERR517910,69910
SRR8928921,70974
ERR960792,2428
SRR10887586,165016
SRR11303283,164
ERR738265,74148
SRR1188148,98345
ERR2723989,37970
ERR2154634,158520
SRR998921,31466
SRR5398454,883084
ERR1204474,57480
SRR1062384,115891
ERR1408808,96346
ERR998443,33358
ERR1888229,69922
SRR8787762,10202
SRR16573986,416398
ERR1252084,23080
SRR12194925,392283
SRR11186436,49352
SRR8377228,45534
ERR1889634,146686
ERR1888849,22670
SRR12443360,481292
SRR870765,16
SRR1872275,17742
SRR9674296,110894
ERR596588,32268
SRR6250236,96260
SRR6469105,42796
SRR800044,1027297
SRR10125972,16106
SRR10836782,256080
ERR3446739,67380
ERR1857572,27696
SRR6289821,78236
ERR1215775,44
SRR10126186,19643
SRR18220752,39489
SRR6654713,18488
ERR963162,78
SRR13724986,1635940
SRR2255628,39932
SRR6469451,75242
SRR9962819,5626638
ERR1857795,29158
ERR1215590,72
ERR998252,43718
SRR13381328,528633
SRR9854028,281235
ERR958837,15792
ERR959390,2
SRR22163683,293606
SRR6469333,129790
SRR5853084,364517
DRR189358,334886
SRR3679519,309786
SRR1736703,58644
ERR596645,18642
SRR21120216,31952
ERR738280,77738
SRR1872205,20734
SRR1062519,33019
ERR698011,74002
ERR871297,330084
ERR780128,109832
ERR1124554,492226
SRR6469758,60466
ERR853797,40456
SRR8485414,37120
SRR18267565,231638
ERR1396931,83018
SRR11302453,87
ERR1475804,31320
SRR6655311,7374
SRR6468846,226316
ERR959824,698
ERR1374233,9298
SRR6289776,61988
SRR12005388,842314
SRR6020380,10577756
SRR1524248,201706
SRR2750998,238776
ERR2723360,217002
ERR1374134,2344
ERR1216622,99312
ERR573435,28124
ERR1216929,525556
ERR1426795,132918
SRR7905376,919184
SRR1871963,32848
SRR7063570,153740
SRR1555542,2909
SRR12964283,313730
ERR737764,102388
SRR17085049,601998
SRR1872351,18
ERR1475762,17066
SRR10151809,89880
SRR11303249,894
ERR1757620,25014
SRR6654650,11616
ERR1427417,582026
ERR1204375,83582
SRR10887607,187786
ERR1414958,50406
ERR1621640,48146
SRR6250051,54656
SRR2751044,387415
ERR1757385,26542
SRR19117218,823594
SRR9708005,209518
SRR1872751,12118
ERR202532,156
ERR1431995,34472
SRR6468864,64274
ERR1821589,22776
ERR590785,32148
ERR1857921,33514
ERR1442914,14758
SRR11090048,48208
SRR11302407,117
SRR4375305,48146
ERR1216927,531030
ERR1414984,78792
SRR578913,167209
SRR8928916,73482
SRR6469073,49378
SRR9198746,15712
SRR5382001,111333
ERR960199,14206
ERR1730564,14510
ERR2723852,37978
ERR853477,72486
ERR959474,4312
ERR3957805,369956
ERR780106,150264
ERR1216567,49826
SRR3083724,387508
ERR1395825,26810
ERR960083,5214
ERR517907,70454
SRR1872892,16582
SRR2239179,180547
SRR16298945,16813
ERR1124893,637134
ERR959065,222
ERR2723936,21272
SRR5921156,337416
ERR962966,758
ERR2723999,21004
ERR1124640,419778
ERR1124905,820592
SRR13074850,7482
SRR12661549,73107
ERR1218431,177274
SRR10916831,94513
ERR2146910,368874
SRR4723029,96693
SRR658537,140734
SRR11302949,438
SRR7008293,63574
ERR1408822,71824
ERR1692579,98074
ERR1888506,503346
SRR16647475,524856
ERR999480,426
SRR5809473,82195
SRR14060980,240034
SRR16905272,1154018
ERR1426863,834062
SRR10753261,49496
ERR1431981,54496
SRR7061294,683214
DRR162501,86836
ERR1757656,27872
SRR15691872,41150
SRR7268812,243818
SRR11427283,319916
SRR2751033,287815
SRR6655188,26203
ERR1204480,105984
SRR11267520,202556
ERR959856,1646
SRR11785627,169664
SRR6469270,71176
SRR12672477,143674
SRR7789525,14379
ERR716782,114948
SRR11267504,227674
SRR15498156,99661
SRR9198720,28855
ERR960316,15870
ERR1216697,85988
SRR870959,226809
SRR6655355,4311
ERR1124513,455338
SRR13074851,29172
SRR17529062,253918
ERR962918,298
SRR3083741,192464
SRR8787593,12905
ERR1888688,357612
ERR1396815,2
SRR19572327,466082
ERR1204376,197718
ERR1427187,1171456
SRR1010324,4762
SRR11684007,14202
SRR17604930,164050
ERR2723880,74494
SRR11185420,170730
SRR5810873,212
SRR9662035,629088
ERR1620515,402026
SRR12898822,216926
DRR162492,83734
SRR1062410,26139
SRR633547,321572
ERR1888319,2084
ERR1858101,26246
ERR1124742,384716
SRR5341531,74805
ERR1730616,15284
SRR12356837,258764
ERR1889670,148030
ERR1414940,52130
SRR7892014,44726
SRR9906828,156734
DRR032748,185055
SRR6671795,126922
ERR1215934,208478
ERR7131123,311227
ERR998360,268
SRR8441450,367828
SRR5837504,290612
SRR14270307,3170788
SRR15626556,948438
SRR8581715,55971
SRR7264592,99600114
SRR12436740,34448
SRR13796914,3072170
SRR6468779,89558
SRR6289658,227301
ERR959421,1182
ERR1204438,445132
ERR1215525,66
ERR962916,206
SRR5855247,301664
ERR1215570,249182
ERR1204564,69456
SRR10126162,10826
ERR1124880,681834
ERR5838119,516688
ERR697887,70630
SRR3742565,153992
SRR13332325,310468
ERR279666,483436
SRR1872686,15516
ERR999201,49706
SRR13594959,12948
SRR11039797,141058
SRR8441453,265322
ERR1374613,4646
ERR1205355,171340
SRR1048061,131470
ERR1396970,225276
SRR1872561,161188
SRR13759095,93570
SRR4457857,98982
ERR1889474,250458
ERR925775,57438
ERR999233,49382
ERR1857719,31376
SRR1555562,6252
ERR659770,96942
SRR10038910,540410
SRR11302444,930
SRR6654496,17932
ERR1204263,158862
SRR7410416,185964
SRR6654543,15423
ERR1888704,236982
ERR1888223,3226
ERR1374454,5034
SRR14168549,206620
SRR1062801,21858
ERR1432012,166306
ERR1888851,65444
SRR11206260,51082
SRR12103782,566014
SRR8787640,4367406
SRR6468891,126512
ERR1621468,25282
SRR9211497,170107
ERR1442802,18830
SRR8377238,81034
SRR16195489,122436
SRR12774368,252475
SRR10126245,15200
ERR1415152,32494
SRR6654516,27261
ERR1857979,26324
ERR1218368,159604
ERR1888165,564
ERR1374832,4062
SRR14240233,237224
SRR7119847,10467
ERR1426877,770328
SRR8106539,18274
ERR2724008,215640
SRR5810948,9502
SRR6469636,110864
SRR8788714,99654
SRR7662073,86031
ERR1251989,24952
ERR755663,264568
SRR7268856,108162
ERR1816536,23570
SRR8663331,76317528
SRR1049947,244640
SRR7789532,8995
SRR11302711,518
SRR1872649,18214
ERR667464,57798
ERR1730712,57068
ERR1252152,3910
SRR9850644,18325
ERR871571,90
ERR1414938,63290
SRR6268121,41334
ERR1122692,261404
SRR6655260,1088
SRR6654557,9798
SRR6246047,459892
ERR738293,82912
SRR3381823,167124
SRR12708430,746926
ERR1431990,49886
ERR3266352,23245
SRR5398210,142266
ERR1857570,21360
SRR519743,3481128
ERR1108745,140560
SRR7789560,10171
SRR10753218,23012
SRR1062277,59763
SRR12194875,354358
ERR1395869,596
SRR10126106,19326
SRR1551798,1250871
ERR853820,60958
ERR517895,50634
SRR11039785,114802
ERR2723928,250756
SRR8106331,360240
SRR11542108,153293
ERR1122667,221344
SRR2146362,17098
SRR10550549,85430
SRR2532445,346016
SRR13938352,81414
ERR1730648,18964
ERR517973,95064
SRR12974159,590309
SRR9207172,176648
SRR16573985,436499
SRR1871996,19194
SRR11302963,40
ERR1757615,30412
SRR7468702,92899
ERR1374799,3654
ERR1216369,121118
SRR5418448,7214
SRR959311,106741
ERR1215834,104644
ERR998139,298
SRR6655096,72784
SRR11448261,195082
SRR6877478,380398
ERR1373502,18434
ERR1475650,59488
ERR1396898,1617932
SRR9610846,307513
ERR2724001,98596
ERR2723483,106426
SRR6655235,11058
SRR2733360,1604996
SRR11039786,157524
SRR870905,38291
SRR3381719,477486
ERR1251906,13918
SRR10070837,154096
SRR8106711,45856
SRR3228729,178619
SRR870893,136001
SRR12493019,110390
ERR959647,1558
ERR2723597,368270
ERR871376,230
SRR5683299,268804
SRR9198997,4310
ERR871337,226
ERR1757676,20884
SRR6176629,2825500
SRR11302749,95
SRR10127668,224098
ERR1099490,99182
ERR1888310,130874
ERR960763,2320
SRR15347702,947102
SRR6268087,58737
SRR12661656,53499
SRR21140657,1095608
SRR21228023,79728
SRR18042709,136270
ERR1857576,28242
SRR3465552,183062
SRR5883631,161008
SRR11427226,397548
SRR14217733,78263
ERR5385019,718726
SRR3207409,111139
SRR6654457,10551
SRR6908652,772126
SRR2968442,783212
ERR2723026,9614
SRR15813430,212494
SRR6477204,687498
ERR960913,420
SRR8298689,411076
SRR12661666,53613
SRR6468903,78246
SRR12125397,22433
SRR11420474,99048
SRR3381779,145322
SRR12658661,301098
ERR1374665,12042
SRR1062578,18344
SRR3579896,79730
SRR8354697,11246842
SRR9849259,660644
ERR1595109,211658
ERR1857941,40610
ERR273835,220214
ERR1857617,26904
SRR7235516,546878
SRR10974082,185514
SRR7662028,30230
SRR2441454,132682
SRR3381756,667154
SRR13652354,142831
ERR2402432,686214
ERR1857578,30186
ERR202601,5134
SRR8991406,889928
SRR13015612,3860
SRR1872787,17714
SRR15204104,192519
ERR1294278,48589
ERR667385,51540
SRR7145925,738104
SRR1872736,15882
SRR10408939,129639
ERR1218493,181930
SRR7699163,245405
SRR7063566,420926
ERR596584,33670
ERR2154666,340030
ERR1204313,145794
SRR9331667,318386
SRR8787768,7970801
SRR7223668,385476
SRR3381748,218212
ERR1889025,22466
ERR1099449,93986
ERR2723229,347078
ERR958972,256
ERR1416200,74850
SRR16299529,23717
ERR998197,30998
SRR1062781,21422
ERR1757674,23740
SRR11302430,112
SRR5626506,198377
SRR1871901,13848
SRR6277535,81867
SRR10887448,510772
SRR7410380,159468
SRR11302580,639
SRR20083910,246822
ERR1730614,24248
SRR7119875,48033
SRR6170096,1889778
SRR6654629,10352
SRR9622323,129578
ERR1426827,2394478
SRR11909491,587368
SRR8439649,546660
ERR1692467,64124
ERR1426822,177806
SRR10117553,261901
SRR1872760,14388
SRR8106485,19796
SRR9861061,909670
SRR1821827,295206
ERR1427115,709884
ERR449279,86674
SRR8435104,395602
SRR4050166,830160
SRR998885,6892
ERR1374265,9584
ERR492341,65752
SRR5934160,81615
ERR1889848,60472
SRR13269763,197450
SRR1872058,28442
ERR1395923,10306
ERR854804,188236
ERR590761,50472
ERR1125027,615632
SRR5235633,233624
SRR6793270,207546
ERR718629,110520
ERR853496,43160
SRR5382054,114532
SRR8787784,18590
SRR1062341,119009
SRR7268836,99960
SRR10735838,53347
SRR12194837,576942
SRR870733,20384
SRR11684037,12085330
SRR1872877,56152
SRR14217669,183908
SRR18220769,36673
ERR960658,2826
SRR18053111,1768944
SRR6469081,40618
SRR15626541,309056
SRR8883821,67196
ERR1621593,43044
ERR830307,206938
ERR1426979,751550
ERR737750,99186
SRR13339163,294164
ERR2723318,68112
SRR8811907,51711
SRR870858,133620
SRR13594980,5612
SRR6237742,134571
SRR14272172,193027
SRR11303220,136
ERR1816579,21822
SRR12661554,75165
ERR1373383,13346
SRR3996126,2158
SRR6072795,300629
SRR13759086,112922
SRR9692045,386570
ERR2723448,94648
SRR13115063,403210
ERR667511,18746
SRR5810715,1256
ERR1203520,184170
SRR12194942,342323
SRR1714463,2439874
SRR13091258,376078
SRR10151817,134448
ERR1122789,119548
SRR8663324,32957252
ERR1416043,24560
SRR14935604,10063066
SRR7008277,74680
ERR1888328,346104
ERR1216405,73988
SRR6469809,82764
SRR3679537,368438
ERR1124448,258826
SRR870743,25105
SRR7268826,109920
ERR1427094,901622
SRR12436795,49670
SRR1062327,109634
ERR2723227,1570
SRR9164640,56079
SRR10753197,15390
ERR1475623,38964
ERR1821678,23164
SRR10753249,16532
SRR8928881,90488
ERR596651,29022
ERR716835,150542
ERR959186,14
SRR18518540,189649
SRR6250242,95666
SRR6289693,52858
ERR963185,6770
ERR689817,76418
SRR11814652,526794
ERR1108090,411396
SRR12037347,14947
SRR11185426,252552
ERR2723762,108388
ERR949679,1144
ERR999363,68
SRR5113031,513040
SRR11427227,349968
ERR1889118,161610
SRR13724931,48650
SRR1205151,185283
SRR10010352,67510
ERR1374120,3662
SRR12443337,819420
SRR16195482,41936
ERR1407642,28022
ERR2723801,186710
SRR18042683,184402
SRR6654440,16016
SRR10753190,34446
SRR6468868,31276
SRR7902420,47274
ERR667513,26534
SRR1167762,436220
SRR15927826,162210
ERR1374586,7220
ERR1427059,1197980
SRR5251432,80366
SRR11303324,748
ERR1858075,26772
ERR1475779,18266
ERR959623,3424
ERR1730679,28464
SRR11206259,57144
SRR9906796,179874
SRR578916,262716
SRR5119940,74247
SRR6469227,87150
ERR1662958,301804
ERR517941,49888
SRR5006032,1921418
SRR9336409,250720
SRR5382033,119143
ERR998195,58
SRR12103780,473012
SRR18352696,6627
SRR8787619,106448
SRR8981193,182598
ERR1730824,19402
SRR6250042,84564
SRR9850678,12497
SRR17714686,263442
SRR9058962,440064
ERR1730779,23206
ERR1757452,14678
ERR2723091,672
ERR202557,1230
ERR853566,36538
SRR12436767,45106
SRR5979261,303637
SRR15871420,136206
ERR015564,54364
ERR999361,174
SRR10887527,925678
SRR13388641,1061154
SRR1062487,32819
SRR17691938,182981
ERR1416023,26134
ERR1108548,209514
ERR2154676,64596
SRR7049634,3001324
SRR11302486,79
SRR9198745,8422
SRR1736705,31135
ERR1858000,29070
SRR9735188,400074
SRR1565816,280138
SRR2146369,81836
ERR1889035,129752
SRR5004956,172474
SRR7041787,113457
ERR1706512,49426
ERR667561,48206
ERR340699,228560
ERR1858123,25282
SRR3381749,514526
ERR1124551,433948
DRR051067,1304500
ERR1407705,22042
ERR1204439,351430
SRR6468743,59748
SRR5817928,1157661
ERR7131131,695886
SRR10868195,485220
ERR1427261,1382
SRR8928738,134142
ERR1889333,118062
SRR7947912,2958837
SRR7419853,51561
ERR1216677,28924
SRR11699742,118352
ERR1757594,21462
SRR9622325,81088
ERR1373595,61668
SRR11427422,318400
SRR11040637,270866
ERR1216543,86654
ERR4648707,92922
SRR10550512,81914
ERR1251956,14738
SRR8106578,64952
ERR1889192,35626
SRR5921056,321299
ERR8516998,157276
SRR6268143,151846
SRR14217599,113867
SRR22254568,329848
ERR2723210,378376
ERR854852,185158
SRR8787587,36414
SRR10126146,8454
SRR9198710,14065
ERR1888783,96888
ERR2723356,342930
SRR4469352,223580
ERR998438,31918
SRR6890890,178287
SRR16299352,12087
SRR392972,79175
SRR8787722,21478
SRR6655283,173501
SRR11206263,52465
ERR1205408,132
SRR14217602,114367
SRR12371368,250138
ERR1621494,42062
ERR689820,64916
ERR959778,82
ERR4029233,314184
SRR12037334,14274
SRR14923989,235050
ERR573455,39030
SRR6654654,15849
ERR1730825,10752
SRR11699727,274702
SRR17600937,306554
SRR16298985,6743
ERR959936,3024
SRR7892037,14254
SRR16299401,10005
SRR10117576,212163
SRR11303342,86
SRR6468915,67234
SRR8883867,124970
SRR22805234,200226
SRR6132697,56320
ERR1374173,2598
SRR6268167,68771
ERR1730598,23616
SRR19387525,689036
SRR8928965,674260
SRR8784144,23198
SRR7886622,1157842
ERR1821741,24216
SRR10973998,61810
ERR999428,182
SRR15927831,485694
SRR3111317,23070150
SRR7041789,165395
ERR716799,121212
SRR9333941,897998
SRR17282612,334122
SRR6250187,81828
SRR15600944,226818
ERR1821943,20410
SRR7789599,15993
ERR960549,4
SRR10887466,433222
SRR7244614,156336
SRR12774415,85470
SRR16299594,11392
ERR670980,60130
ERR1125076,303486
SRR8928874,439504
SRR1062257,514879
SRR6289729,64470
ERR2723953,19612
SRR10126140,67755
SRR1062478,32499
ERR667577,35474
SRR13729832,424322
ERR1415200,156
SRR10151850,39842
SRR7891999,55244
SRR10126061,14836
SRR9333943,575110
SRR12974177,535887
DRR029939,126677
DRR189384,194658
SRR6251101,49930
SRR6655033,4901
SRR1872085,24624
ERR1204342,169060
ERR716788,173206
ERR8058373,267880
SRR6908619,17184
ERR960098,752
SRR10956568,766232
SRR16298997,31766
ERR1443972,361846
SRR1872950,23196
ERR1821898,22930
SRR12493007,122090
ERR1427090,865188
SRR11302906,991
SRR13160663,235638
SRR9854023,130946
SRR7049636,2181828
SRR2968447,1182250
SRR10887563,259904
SRR6654806,25528
SRR10974135,62920
SRR1794624,128654
ERR853620,41994
SRR6469630,470632
SRR8787706,21385
ERR1373775,48248
ERR1252048,13624
ERR1216160,132732
ERR517970,95740
SRR6908637,3198
ERR959619,1560
ERR1891630,65024
SRR6250110,22382
ERR517873,76062
ERR667499,52692
SRR13998190,651862
ERR1821599,21826
ERR1205337,66
ERR1215723,241266
ERR2154656,6570
SRR7909914,3401162
SRR12874650,161202
SRR15813415,457552
SRR1062427,26237
SRR6469532,666334
SRR19978690,246260
ERR1857602,27928
SRR13437211,134465
SRR12424271,952934
ERR960983,118
ERR1099511,78560
ERR1889665,58096
SRR23060063,349436
SRR10958347,213608
SRR5809467,84967
SRR998909,35326
SRR17282608,372670
SRR9198890,7965
SRR10948651,370008
ERR697886,72448
SRR2989576,386422
ERR1108007,134358
SRR13565150,264512
ERR015562,94096
ERR1108155,97250
SRR7063564,908536
ERR1415201,63604
ERR1889841,112322
ERR968076,1292
SRR11303000,13
SRR21429709,251996
ERR596677,23288
SRR12661698,52363
ERR737720,100420
ERR600680,94504
SRR6132690,117840
SRR8552560,98293
SRR17497222,230556
ERR1757442,17030
ERR659834,70476
ERR1889351,252082
SRR6469405,52146
SRR17221760,1072976
SRR12774379,179449
SRR10215486,65370
ERR1216760,20654
ERR1888467,478324
SRR10323885,1085152
SRR10151976,72088
SRR3679547,401112
SRR22163690,294254
SRR8922968,260000
SRR10151971,124074
ERR594429,220730
ERR1427019,1236720
ERR1821805,27338
SRR10550542,108442
SRR7662029,17945
ERR1857685,39566
ERR1821817,23004
SRR12661877,81746
ERR1099408,81606
ERR871524,170
ERR1374601,8914
SRR7468695,53452
SRR7813754,1265002
SRR7268840,96434
SRR8106701,19456
ERR959101,16232
ERR1395918,96510
ERR1857932,31562
ERR1730506,21164
ERR871332,305782
ERR2723516,53484
ERR1857857,24884
SRR1555514,1614
SRR6469667,78918
ERR1888318,4440
ERR659879,80958
SRR13234621,292510
SRR11302792,390
SRR12661882,46072
ERR1888239,62684
ERR1218312,183716
ERR871421,232
SRR11873958,538524
ERR1252070,11646
ERR959683,24334
SRR6020425,610582
ERR780296,120152
SRR12661609,103386
SRR3679535,362176
SRR6784684,381192
ERR2723576,153940
ERR517993,98568
ERR273837,646
SRR13559193,196544
SRR8867572,169166
ERR959218,11344
SRR15871413,134362
ERR959236,2906
SRR15600941,118524
SRR5418451,2992
SRR3228723,282529
ERR1216588,324
SRR13181581,315210
ERR959598,2418
SRR15600911,191642
ERR659966,90126
ERR4648709,95758
SRR7444127,669004
SRR5921086,879398
ERR697939,51128
ERR1442834,13712
ERR780078,137400
SRR7801960,429716
SRR8305622,747478
ERR1888339,285532
SRR6468749,82540
ERR667507,19604
ERR2723495,172566
ERR871595,252
SRR580557,134
ERR023149,339032
ERR959805,958
ERR960544,6
ERR1888614,3588
SRR5893043,1694178
SRR19594529,82038
ERR960471,3936
ERR145646,16352
SRR17720625,192186
ERR1374730,21528
ERR1108059,172544
SRR6908736,9486
SRR12070760,25808312
SRR11563217,57926
SRR14693495,314742
SRR2087777,153864
SRR7789578,14408
ERR4091978,263894
ERR1396874,45104
SRR6469833,474664
ERR667428,27792
SRR9974561,147652
SRR7268980,189878
SRR10126273,18471
SRR11577258,49964
ERR968035,260
SRR8928786,369306
ERR1252005,12552
SRR9182353,564352
ERR1888950,70264
SRR13181548,467972
ERR1122820,112906
ERR738269,108074
ERR1124419,184402
ERR960824,1960
ERR1730549,9024
SRR13697039,979230
ERR960168,1462
SRR5921042,325015
SRR14217701,83257
ERR853516,42816
ERR1888406,490744
ERR1414957,48494
ERR963174,82
SRR870819,178063
SRR12974166,320888
SRR5931554,150119
ERR1442836,13744
SRR11293508,829632
ERR959746,19110
SRR8883767,3858
SRR870889,105620
SRR16494150,199572
SRR6655037,11139
ERR960755,101586
ERR1415146,464
SRR6654977,7916
SRR1872286,27664
ERR1620491,353426
ERR1108101,193124
SRR18645017,283522
SRR6784685,355438
SRR3018758,311756
ERR960387,1808
ERR2146932,265258
ERR1374556,6550
ERR854829,156334
SRR7659027,399920
SRR3932195,227598
SRR9875054,57450
ERR1414848,46740
ERR667579,49786
SRR8928775,281650
SRR11951241,170882
ERR1124421,115134
SRR10040121,1185742
ERR1821611,24568
SRR22270156,181012
SRR12464086,207168
SRR10863000,242566
SRR15036082,777580
SRR7008289,49874
SRR594769,509516
ERR853713,43396
ERR2723946,39408
ERR1621551,47456
SRR10887484,621468
ERR1730650,22790
SRR14679408,971630
SRR10974129,65490
SRR1062283,23420
SRR8883885,234072
ERR1692480,57300
ERR1397018,121970
ERR1414870,31784
ERR1215513,130348
SRR6176692,58997
SRR12443339,1704000
ERR1692458,40118
SRR5810890,188
SRR5341528,72352
SRR12661535,82478
SRR6654530,21479
ERR718575,112002
SRR8117643,167948
SRR11554199,135260
ERR1889012,302294
SRR4330935,422954
SRR10126026,12214
ERR4691984,147240
SRR516558,107
SRR11303232,204
ERR1888292,104818
ERR960592,2844
ERR1252253,17458
ERR667447,16928
ERR1889697,60634
ERR657540,228788
SRR4342164,70360
ERR959553,6
ERR958826,12830
ERR1204537,125188
ERR2723529,100264
ERR2723062,94080
SRR19571684,116704
SRR11302790,43
ERR7132855,249816
SRR18192283,455484
SRR11302831,79
SRR4026144,922042
SRR5125637,151474
ERR1442758,13920
SRR1062310,20699
ERR1888138,215622
SRR7662094,1704
ERR1122685,214794
SRR12194894,478216
SRR7697065,263780
SRR15600920,149638
SRR14722565,834566
SRR10126310,15481
ERR1620422,267722
ERR2723258,167430
ERR1821945,21354
SRR19641878,482096
ERR1124833,780942
ERR1069120,236350
SRR6176747,130710
SRR12493010,109895
SRR6814884,220202
SRR12661598,100912
ERR525339,59942
SRR3159081,108915
ERR1108044,136782
ERR1374721,8552
ERR1067181,100144
ERR3266364,29263
SRR14077614,240008
SRR14428572,127067
ERR1730754,31158
ERR1410189,52432
SRR8106556,19448
ERR667522,2221682
SRR19548855,545144
SRR11315238,305494
SRR11206294,61666
SRR6267973,198046
ERR1442890,16118
ERR1475664,23462
ERR998356,32980
SRR17723112,512996
SRR11213705,32324
ERR1426869,564506
ERR525413,94536
SRR12672449,130560
ERR738235,81364
SRR5084081,210156
SRR14923966,280760
ERR926060,358
SRR10070687,54048
ERR697876,80966
ERR960853,2784
SRR1872363,30876
ERR999461,60
SRR12774405,80820
ERR853806,39690
ERR590773,35042
SRR10916827,115093
SRR11016375,193080
SRR11213701,42550
ERR959897,120
SRR19762950,248090
SRR8526627,100608
SRR6655111,41944
ERR1373629,49038
ERR716915,169294
ERR1889495,114732
ERR1099522,121096
ERR1373667,56634
ERR1251898,21370
ERR1374284,4392
SRR18305967,737474
SRR5921097,285284
SRR19571677,118999
ERR854827,124894
SRR2025058,124428
ERR960201,3080
ERR1124634,241430
ERR854812,183356
SRR12194846,699370
SRR14285950,186477
SRR15626561,400770
ERR1124867,752218
ERR1416060,21602
SRR6334489,1730488
SRR5810676,250564
SRR5342786,4026076
SRR18042684,160592
ERR1204513,114182
ERR1108836,243758
SRR11427210,183794
SRR1732703,87552
SRR7904995,191860
ERR1374617,5378
SRR9674261,140550
ERR1218415,291890
ERR1204557,147826
SRR15999458,95242
SRR9962811,387899
SRR5810747,1108
SRR6655371,7314
ERR1442916,12350
SRR13559185,375300
ERR1889370,346636
ERR202518,2756
SRR6654297,21504
SRR7902426,45406
SRR12974163,847408
SRR6655218,107
ERR963184,58
ERR573433,31648
SRR4243166,162302
SRR8922972,333182
ERR959946,8
SRR15626564,428896
ERR202573,446
ERR525394,43358
SRR5482142,871729
ERR659939,127768
SRR10989893,286464
SRR13938390,73952
SRR9674264,133352
ERR657575,114026
SRR6654990,9152
ERR1124493,173812
ERR8058371,186482
SRR8106392,12350
SRR6268084,26701
SRR15048119,513032
SRR12578024,822988
SRR6468983,61076
SRR7659033,372846
DRR224549,490266
SRR1062648,19538
SRR13594966,19744
SRR6654687,19478
ERR1414841,60480
SRR10974010,72762
ERR1757559,15984
ERR1122752,160226
ERR963181,15780
ERR959150,2328
ERR1205110,448
SRR11303160,225
ERR1204296,144124
SRR8787599,41663
ERR999276,85130
ERR1216641,83600
SRR12194896,336329
SRR8106707,41748
SRR11575112,59096
SRR13646785,387116
ERR958921,24344
SRR6654876,29636
SRR17400054,170954
ERR1857834,6866
ERR1888398,415276
ERR871383,284720
ERR2723336,144784
SRR13381154,447280
ERR1124439,323572
ERR853535,47342
ERR1426956,730444
SRR12037338,13547
SRR5818011,156426
SRR13115054,1031846
SRR4468782,68482
SRR9697467,357092
DRR162519,69040
SRR11040633,362131
ERR1252055,14970
SRR9198812,10537
SRR6020349,2900498
SRR6469507,128346
ERR1216701,99388
SRR2834936,77711
SRR7666345,2712098
ERR1108047,178622
ERR1888555,441270
ERR1475549,31872
SRR8591751,862658
SRR8129708,216170
ERR738237,88206
SRR3381827,256108
ERR1122700,200562
ERR1888680,3354
SRR6020434,1402682
ERR2723156,83140
ERR1821543,24834
ERR999437,62116
ERR960358,572
ERR853544,44166
SRR11699740,127247
SRR1872379,37126
SRR12661728,80854
SRR13160662,198666
SRR13297051,497926
ERR1216068,116326
SRR5379361,271902
SRR2937381,89354
SRR7662133,11132
ERR2724021,1942
SRR15626555,267070
SRR6469332,110866
ERR569535,1756
SRR6654494,502
SRR14915992,77776
SRR13693851,423828
SRR11302778,59
SRR11302743,146
SRR6250356,79276
ERR1373666,49876
DRR224543,688486
ERR3841996,769016
ERR1407596,1306
SRR1291418,87013
SRR12134632,5084794
SRR7892022,38042
SRR13729823,36022
ERR960130,15850
SRR10974078,66032
ERR853513,44598
ERR960065,2966
SRR10126099,14587
SRR1872027,27698
SRR13848218,161466
SRR17262950,49288
ERR1888693,96400
SRR9728697,424258
ERR1821728,21448
ERR871321,281872
SRR14703434,182018
SRR10836787,123158
SRR6469044,76332
SRR17547510,8643
SRR17219949,7001
SRR10550508,73359
SRR5687190,34292
SRR7280653,1441774
SRR15204077,123449
ERR1475512,24224
SRR10126258,14671
SRR15483595,170669
SRR1948295,14196
ERR958830,21794
ERR1621390,51002
ERR1373441,24344
SRR11303038,42
ERR871375,734
SRR6268195,353828
SRR6469616,174512
ERR202512,17140
ERR1215567,36
ERR7131139,212271
ERR1426919,691756
SRR10948884,367630
SRR10151737,59238
ERR959873,9090
SRR11303305,71
ERR1427171,1264346
SRR11427205,201290
ERR1067180,154940
ERR1730761,24824
SRR6494608,764776
ERR853588,41408
ERR1374272,9538
ERR959425,1020
SRR12194971,688278
ERR1757475,22762
ERR1730486,27494
ERR582911,1952
ERR1415093,94
ERR2154809,31362
ERR959302,73270
SRR16299469,18447
ERR959523,3922
ERR1621552,50778
ERR1888109,116252
ERR1416111,55670
ERR977589,3588242
ERR1621575,55254
SRR21140654,697404
ERR1215560,804
SRR10550514,83646
ERR2723394,50268
SRR13015578,465000
ERR738213,82548
SRR9735191,500882
ERR1426990,718338
ERR1888715,795774
SRR11302369,151
ERR4691987,122360
SRR1872393,34434
SRR17547547,26524
SRR5837496,183038
ERR1204481,107702
ERR1099541,142890
ERR1888823,33802
SRR1531481,222688
SRR3381839,276480
SRR19086720,139418
SRR6655040,12925
ERR1205080,128274
SRR7535426,51193
SRR5004957,187492
SRR5398208,107416
ERR716749,175030
ERR340681,160904
ERR1888179,168026
SRR12173589,159194
ERR1416024,39110
SRR15626534,163622
ERR1889737,294100
ERR1426985,576580
SRR22044637,438992
ERR1252201,19694
SRR14217634,105332
ERR1857644,30780
SRR13839917,817488
SRR22018579,230530
ERR667542,2193976
SRR5810772,7800
SRR1871888,28284
SRR5810896,1796
ERR871604,160
SRR12070798,29189868
ERR1888766,188426
SRR10070755,316438
ERR1427246,996880
ERR1046070,148384
ERR1216421,88818
SRR2050892,255598
ERR1395839,30152
ERR1427222,838896
ERR1216559,17256
ERR1215912,241896
ERR963195,182
ERR2154772,46982
ERR998388,86
ERR7131166,505411
ERR1124892,738984
SRR12194961,733332
SRR20002718,148300
ERR1099493,89450
ERR1216377,152476
SRR1609745,639070
ERR582860,226
SRR11427467,341426
SRR10126032,28474
SRR1871866,14656
ERR1730552,9614
ERR573444,35340
SRR13437197,272562
ERR1374188,6358
ERR1888961,210090
ERR582918,1624
ERR1889373,140858
SRR16299586,13497
SRR3381742,190186
ERR2723850,25570
ERR1620408,4100
SRR13176117,1801004
ERR1621549,26824
SRR7749230,9711
ERR1414937,54762
SRR9312971,119792
SRR8383270,17091
ERR1730670,36684
SRR9198648,18543
ERR998177,55400
SRR8868543,258971
SRR850597,102161
ERR1427106,484198
SRR8106570,24264
SRR18053115,773206
SRR8106667,21868
ERR959773,10
SRR9728698,428452
ERR1124834,784300
ERR1821580,27760
SRR11951237,171959
ERR340744,266542
ERR1216653,20950
ERR1108785,166332
SRR6469558,138840
DRR162529,49132
SRR7268984,101154
SRR20746129,853619
ERR999310,42480
SRR5381352,1572474
SRR13074831,13287
ERR1205283,211530
ERR853520,51366
SRR15626595,7301568
SRR10974045,63246
SRR3679506,311956
SRR12194951,332808
ERR1107922,140744
SRR3923672,103640
SRR13176106,920058
ERR853602,45692
SRR5127972,226568
ERR569551,1392
ERR999330,40808
SRR13565139,264046
SRR7235517,573654
SRR5979257,399366
ERR1621452,56392
ERR960888,6650
ERR1374367,8902
ERR1125056,435020
SRR6469589,109312
SRR8071434,770352
SRR12037419,14290
ERR871530,260
ERR854824,169222
SRR7789612,580
SRR4342167,105233
SRR14217625,132521
SRR6020389,9973580
ERR1374212,14890
SRR1062752,128362
ERR968114,236
ERR960218,21468
ERR2723268,228
SRR8106289,254222
SRR11033801,67664
ERR1857715,29130
SRR8928961,27722
SRR14270302,3443780
ERR1108166,139306
ERR670998,67108
SRR3179601,210078
SRR8928823,20296
ERR1373376,24804
SRR17547545,38313
SRR5342800,990688
SRR1554475,1093921
SRR6654610,16739
SRR2751007,211219
ERR1857706,28496
SRR10366893,117226
ERR1857727,33472
SRR2834951,129710
SRR7789506,638506
SRR5006040,1726716
SRR6654948,78539
SRR13646756,335934
SRR1872150,35240
SRR5666982,270062
SRR1872302,51754
ERR2723217,104
ERR998184,162
ERR960665,344
ERR1415090,40480
SRR12194955,592088
ERR2723538,7292
SRR6469439,144560
SRR517903,4822430
ERR10047714,219094
SRR20363276,851492
SRR15049565,184764
SRR5127991,216920
SRR7886634,55
SRR10126223,14597
SRR8883758,18444
SRR11040629,305828
SRR3159072,175693
SRR2051109,186091
SRR3113942,2480942
SRR1569491,98894
ERR659840,60550
SRR748491,265878
SRR6654706,14299
SRR13528202,1068466
SRR12661684,47040
DRR067134,1177380
SRR6654449,17851
SRR7789526,9156
SRR10151840,79002
ERR718583,76
SRR578907,254677
ERR4029215,135404
SRR398324,90772
SRR1872021,22246
SRR8928778,253002
SRR6020382,3266624
ERR998278,202
SRR13938363,141080
SRR1872744,16812
ERR2723163,50368
SRR10151681,36854
ERR958922,13374
ERR960203,1162
SRR5127970,209730
SRR17077504,594592
SRR1555566,4767
SRR15413360,631922
SRR3231353,6472710
ERR1426966,736912
ERR1427377,972584
ERR1289939,143886
SRR5921065,397416
ERR2154707,121706
ERR959760,3670
SRR6250147,66774
ERR1888423,250506
ERR1415408,82328
SRR1872419,59748
SRR2039721,235771
ERR1757607,22514
SRR10126203,18897
ERR1415029,78820
ERR1594704,131158
ERR1821937,24950
SRR17299043,528936
ERR1415195,164
SRR13429147,116687
ERR925708,56204
SRR16674683,222882
ERR1442782,13798
ERR1888995,604806
ERR925789,274
SRR14883462,211850
ERR1373449,21262
SRR6250086,124232
ERR1889758,151070
ERR1816543,21616
ERR1857597,33290
SRR12432918,138326
SRR6268130,35986
SRR12194874,281701
SRR11302806,135
ERR2723231,67304
SRR6654334,119040
ERR1692595,70064
SRR6020411,104636
SRR18220753,64563
SRR14703422,597920
ERR1252104,17212
SRR11427263,327476
ERR1216729,98994
ERR145651,83632
ERR871587,1508
ERR1216621,122086
SRR9198734,15534
SRR9822879,2565118
SRR489480,17446
SRR8787639,30051010
ERR2723034,51550
ERR1475737,46524
SRR19364729,3805728
SRR13979057,95696
SRR5443675,173627
SRR9674267,120108
SRR11303290,84
ERR780123,123872
SRR11302735,135
ERR871484,472
SRR6211478,163290
ERR1415017,53704
ERR1396852,8230
ERR960587,1306
SRR10511888,136146
ERR1416181,52068
ERR1251897,19958
SRR8787724,11168
ERR958982,7434
ERR1373529,25226
SRR16299279,49176
SRR6176646,2285676
ERR271379,1174
ERR998138,70470
SRR1062757,122099
SRR19627918,170296
SRR1062729,20084
SRR6211489,74951
SRR13234627,227201
SRR10125994,16250
ERR1396973,238226
SRR13693865,635641
SRR1010325,3446
SRR10151811,60406
SRR16299428,17576
SRR6289650,339802
ERR1107901,122876
SRR1062763,121965
ERR202559,478
SRR1872581,43492
ERR2723952,100102
ERR1204393,143598
ERR1857745,714
SRR10127642,462918
ERR1407579,78
ERR1124639,370518
SRR16298940,14771
SRR13796906,1371318
SRR6468959,48452
ERR1408795,98650
SRR1062380,114298
SRR1872329,23726
SRR6469000,81776
SRR1524244,574100
SRR12650407,150188
ERR1892035,86790
SRR13938342,98190
SRR15362278,864296
SRR6654915,7239
ERR1216025,96970
SRR7419842,23745
ERR1218334,254002
ERR949672,146176
ERR1692553,69662
SRR5810884,592
ERR1215909,196748
ERR340679,192862
ERR1395827,31940
ERR2722990,116894
ERR596590,55346
SRR12194926,404884
ERR1416077,26322
SRR13780562,295090
ERR659841,60516
ERR1621654,182
SRR19641862,1134614
SRR870818,148922
SRR6655366,18496
SRR13602441,244086
SRR6039685,418701
SRR12892305,1610998
ERR853774,62182
ERR670982,72306
SRR9854018,238954
SRR14270306,2518062
SRR6469829,2
SRR16298963,12958
SRR870729,20234
SRR1872441,28
ERR594437,200282
SRR372797,281084
SRR6268198,179596
ERR1888349,597652
ERR492312,53750
SRR8357660,414342
ERR4029244,551164
SRR6654670,17284
SRR7244608,179394
ERR1889213,22898
ERR1216003,130468
SRR10126247,9480
SRR8928919,269532
SRR12194913,385000
SRR6468808,73628
SRR6469293,48458
SRR1062329,109969
SRR5921159,276514
SRR13074830,36796
ERR853678,63076
ERR959335,1382
SRR6289813,88376
SRR9697469,395049
ERR1621521,43616
ERR582940,1350
ERR1857635,2876
SRR10126133,9059
SRR12060551,36690
SRR12436737,55972
SRR3381789,190126
SRR6249995,54086
SRR1062470,32688
SRR9735192,400900
ERR1415056,55632
ERR1821609,22294
ERR1122682,203308
ERR2723740,124700
SRR14703442,4695154
SRR5810671,21670570
SRR12443343,1942442
SRR10550544,99935
ERR925750,50748
ERR1107899,104768
SRR12037358,10597
ERR1757428,26444
SRR8587732,693102
SRR6250199,119592
ERR590715,39992
SRR8106365,16610
ERR1204446,381132
ERR1373533,25448
ERR1426939,844018
SRR7892030,55644
SRR13789073,1019454
SRR11302724,74
SRR9198878,7075
ERR1620546,172946
SRR6652906,452426
SRR6654905,11298
ERR1857895,29542
SRR11542103,147117
SRR10776675,101020
SRR11302374,466
SRR11302901,70
SRR11186478,1344980
ERR853702,47132
SRR22744758,250470
SRR6469849,210768
SRR18885360,525726
ERR232305,1003182
SRR9674257,134324
SRR11302701,95
ERR2723430,236884
SRR11519045,96687
SRR6020335,28458288
ERR1373597,50802
ERR959799,68
ERR960719,91958
SRR6232244,136876
SRR5921126,236060
ERR958876,24780
ERR1374175,5514
SRR8787798,147000
SRR16299422,4477
SRR9849229,269226
SRR6654879,28133
SRR5418452,11752
ERR517955,67068
ERR375748,975148
ERR2723833,63270
SRR15813436,316307
SRR3207424,540804
ERR2723662,17214
SRR12898824,368076
SRR15831121,404476
SRR6469234,61270
SRR10550530,98769
SRR18063382,382971
ERR2154734,47372
ERR2146931,879036
ERR1888176,179178
SRR9662036,471032
SRR6468997,61730
ERR1107910,121114
ERR2722977,34690
SRR8106401,20366
SRR11303273,1145
SRR15626558,308112
ERR718624,94692
SRR20958396,59212
SRR8784165,1185841
SRR6908720,11948
SRR9058965,1039560
SRR11302563,29
ERR659765,78250
ERR1124894,598406
ERR1891733,63922
SRR11427355,631964
SRR11603948,525934
SRR6890877,376517
ERR1888870,343396
SRR18516721,243019
SRR9119503,804564
ERR411506,56000
SRR6374796,484386
ERR1122691,218128
SRR1531467,385546
ERR853792,49828
SRR8799027,182890
ERR1442876,12248
SRR11427380,466548
SRR5921141,233863
SRR1872981,14936
ERR962934,2116
SRR10117552,291904
SRR10151778,86200
SRR18927190,54641
SRR8811905,43918
ERR1889529,46220
SRR11302465,449
SRR10151997,279824
ERR1216334,153684
SRR13234614,320398
SRR1872659,14770
SRR10511891,158333
SRR5378560,172322
SRR6268068,4261
ERR1397056,928
ERR871382,262540
ERR1124456,784334
ERR716875,107160
SRR13076831,74349
SRR2138301,96951
ERR999237,108
SRR6908722,8204
ERR1888705,165976
SRR18305958,523888
SRR8798896,320988
SRR1555594,8955
SRR1555568,5651
ERR2154813,37666
SRR6654636,17009
SRR12623501,261982
ERR958902,8140
ERR959913,1074
ERR1442576,13846
ERR1620441,306686
SRR11303270,91
SRR19762960,185828
ERR1124580,324636
SRR5810927,2114
SRR22018592,3655738
ERR1621343,43722
ERR1216344,127342
SRR14285955,185162
ERR1374752,6724
SRR10868198,929544
ERR1204565,75612
ERR1374377,4940
ERR1759702,105097
ERR1442648,12478
SRR5113045,146404
ERR1415442,106170
ERR2723799,3236
ERR960887,5242
SRR6654969,7010
ERR1821592,20762
ERR1475791,30488
ERR1757381,22760
SRR10126297,47206
SRR10550563,61060
SRR18192289,136658
SRR14217611,114514
SRR6654306,50199
ERR4910703,257189
ERR477372,46188
SRR11590401,105918
SRR8787598,71030
ERR1124533,2055192
SRR12661871,76498
SRR13181576,466616
SRR14559687,251205
SRR5921076,111113
SRR18296194,178530
ERR1407543,29974
ERR718639,207436
SRR17247006,1148740
ERR959269,29094
SRR11302349,240
SRR9674324,786172
ERR1397060,5950
ERR963187,47104
ERR1821721,23114
ERR1395948,11184
SRR13319616,248278
SRR13015605,652932
ERR2723017,159704
ERR1216175,123112
SRR13115086,1172656
SRR22254571,297182
ERR1408797,97518
ERR1205282,54
ERR1442726,15618
ERR1069073,217020
ERR960330,122
SRR8928779,260278
SRR3465551,156883
ERR1442572,13728
SRR6468892,54296
SRR12899697,1507582
SRR12287391,195151
SRR6025606,331400
SRR11302819,86
SRR6249961,60070
SRR14923981,70989
ERR1415018,92
SRR13015630,608596
ERR7131142,646082
ERR959046,1144
SRR6654616,16731
SRR1872899,24028
SRR10887610,154012
SRR8305639,121804
SRR13015622,725038
SRR10126137,27854
SRR17248529,264426
ERR949642,165302
SRR8591313,95308
SRR13149768,420722
SRR5418456,4426
ERR1475739,29850
SRR19086709,537870
ERR853794,44968
SRR1872609,36
SRR20018670,580868
ERR1124545,529638
SRR11302532,265
ERR582929,1562
SRR17547524,42733
SRR527840,1232308
ERR968048,160
ERR960511,608
ERR960055,2606
ERR999243,70030
ERR962911,5888
ERR1889437,64044
SRR15427699,654857
ERR1373655,33026
ERR959387,34
ERR959906,672
ERR780094,77228
SRR12661565,73352
SRR1872047,74
ERR1107997,120634
SRR7410445,127482
SRR7909918,293648
ERR1821896,20554
SRR7662161,14861
SRR10916836,24975
SRR10513910,440732
SRR6250354,98570
SRR13091260,454960
SRR959359,31485
SRR8106386,20862
SRR516135,106615
SRR6908708,272708
ERR1757558,5482
ERR1124761,48534
SRR12037459,11664
SRR2146359,49669
SRR6469298,117646
SRR10070803,153794
SRR11303346,86
ERR1205094,126910
SRR10323899,57446
SRR1872088,33498
ERR1889078,44190
SRR9159931,318228
ERR871584,110
SRR17282620,371420
SRR6654890,6271
SRR18181445,732512
ERR1205294,190860
SRR15831108,281542
ERR1203530,134556
ERR2723285,196400
SRR12623492,273602
SRR8883844,388778
SRR12898817,333462
SRR8883755,63106
SRR10151800,44650
ERR1215982,144802
SRR8312803,106271
SRR13724948,2443566
ERR960292,20
ERR671000,88892
ERR1414879,25080
SRR10070662,35190
ERR1888340,2888
SRR4468780,109888
SRR18192316,53660
SRR13181529,406684
SRR6829415,433494
SRR1555521,2928
ERR1540899,222266
SRR5810911,798
SRR5251435,61249
ERR590748,53524
SRR10852222,210898
SRR6468832,52554
ERR340721,206460
SRR9198913,199481
SRR7746649,50787
ERR517889,56628
SRR10126108,16278
SRR3420362,2173384
SRR6176670,78997
SRR7641838,1326626
SRR11302758,40
ERR960251,8042
ERR959960,6800
ERR1122662,130544
SRR7410376,99226
SRR15927813,232184
SRR6468956,52476
ERR1730548,8410
SRR6250077,108894
SRR12037336,11042
SRR11777254,624126
SRR2051096,282773
SRR6469469,61716
SRR16299346,20462
SRR8663330,88042262
ERR1475588,16624
ERR1432010,183672
SRR6047142,883104
ERR1216187,109078
ERR1215761,32
SRR8961087,200944
ERR871304,306304
SRR3083681,235394
ERR853731,42836
SRR6877476,31456
SRR1062809,19032
SRR6039679,728020
SRR6655272,13299
ERR1124968,292
ERR1124519,276750
ERR1621695,53536
ERR854772,90554
SRR14923960,190318
SRR8250773,342448
ERR2146977,1715318
SRR14060971,243916
SRR1872347,20392
SRR11302454,62
ERR1888375,317596
SRR6654338,24085
ERR1215920,169728
SRR11869110,58975
ERR1442641,17952
SRR11303164,108
ERR697940,39606
ERR2723122,25966
SRR11303109,121
SRR6334482,2608038
ERR1757521,11692
SRR11302277,96
SRR22018591,3903194
ERR1888280,38532
ERR1216365,186028
SRR16299588,11912
SRR13242474,36168
SRR13724976,1638416
SRR10126165,30770
SRR6289728,77318
ERR1888736,254524
SRR2750975,367929
ERR1216348,134966
SRR5810814,1482
SRR3166957,368190
ERR1891738,60284
ERR2723396,38836
SRR7801958,670512
SRR6469294,76246
ERR1374266,11792
ERR1415455,105688
SRR13015598,373252
ERR1621501,21858
SRR870777,114310
ERR1046072,144678
ERR1621612,52210
ERR2723208,1600
SRR6469560,134074
ERR1821576,21714
SRR12340120,944562
ERR1373574,55978
SRR2138292,89631
ERR999443,138
SRR15204100,164195
SRR6784676,481514
ERR1415403,100250
SRR1062629,18314
SRR6469209,86822
ERR998106,48
SRR5593158,71927
SRR9875043,53558
SRR10899677,1265264
ERR1889215,122066
ERR1821849,21494
SRR3083717,364162
ERR959989,838
SRR6289664,411532
ERR273871,111162
SRR7947895,11907782
ERR1891677,63624
SRR14804253,116922
ERR1415128,86816
SRR3679510,303816
ERR1889497,61546
SRR11303330,122
ERR716862,153724
SRR17723113,504032
SRR16339848,235080
ERR667621,48114
ERR960857,6028
SRR2067888,798012
SRR5639262,2766498
ERR1415433,133046
ERR1888212,103738
SRR19086718,74658
ERR871340,208
ERR959877,2802
SRR22558350,139734
SRR14272180,72590
ERR959859,132
SRR7762354,106696
SRR12851618,50648
SRR2138299,122266
SRR13075145,121105
ERR1415115,226
SRR12149535,231612
ERR1888648,318042
ERR596695,24566
SRR1010326,5158
SRR22044640,300574
SRR10151614,35062
SRR1821815,176524
ERR7384911,1455782
SRR1062761,122741
SRR8106645,71888
ERR1107969,259590
ERR4568390,208982
ERR780309,101864
SRR6334483,2882334
ERR1888722,43190
ERR925742,91544
ERR716895,128862
SRR1062382,109794
ERR755709,253242
SRR5921122,254759
SRR1062608,18288
SRR6289705,69736
ERR1124504,240354
SRR22428443,28884
ERR7384920,5735418
ERR1889198,58576
SRR5312203,147902
ERR2723864,35218
ERR1204581,79478
SRR8883690,26310
SRR9198831,18775
ERR959460,532
ERR271388,632
ERR853472,42276
ERR590724,45234
SRR2750988,395666
SRR6469009,468
ERR1730681,19940
ERR716738,51532
SRR8787732,13995
ERR594456,223070
SRR6654405,91872
SRR13437189,178049
SRR16299308,12712
SRR6469875,120950
ERR1067166,172536
ERR960227,21340
ERR2154778,80564
ERR1821866,21674
ERR1408801,3256
SRR10151836,88340
SRR8788643,628644
ERR959397,10
ERR1374296,3826
ERR1757638,18806
ERR1251997,13832
ERR1408817,77104
SRR12125383,25229
ERR2723044,10418
SRR6250344,101204
ERR202618,526
SRR1611972,88438
SRR10916820,75329
ERR2723254,64636
ERR1415252,118360
SRR10126069,12510
SRR9692050,242554
ERR2154725,9140
ERR2723073,1164
ERR1888795,60414
SRR5016618,432896
SRR10151974,10272
SRR10126176,20238
ERR1252144,15354
SRR6250240,85516
SRR11303072,46
SRR10765086,114270
ERR1888368,387636
ERR1475802,46786
ERR959803,2376
SRR6469392,136406
ERR863499,27130
SRR3179602,195222
SRR13979086,2194626
ERR1621602,60066
ERR659805,91826
SRR3139113,1039436
ERR1757422,21446
SRR14233938,260824
SRR10070719,220190
SRR1062558,18265
SRR10863056,913596
SRR8983317,174586
ERR1475661,57772
SRR6654558,25224
SRR5855386,331258
ERR1888951,485630
ERR1858137,37226
SRR3083704,147276
SRR5115721,54554
ERR2723652,271630
ERR999216,100
SRR11302286,63
SRR12194840,390595
SRR21675909,181828
SRR7299194,255271
SRR8883859,22000
ERR1374411,4034
ERR1888401,476500
SRR1265758,2472210
SRR6039671,355219
ERR2723518,124832
ERR1757420,32192
ERR1122829,72282
ERR960341,13052
SRR11303124,159
ERR958760,17948
SRR7613111,880816
ERR202591,15940
ERR1540900,328120
ERR1396895,90106
SRR13211993,286538
SRR6469855,558388
SRR7659032,378462
ERR596630,22944
ERR1888124,38628
SRR11302495,71
SRR11303105,102
SRR2051091,173760
ERR1124929,740046
ERR1427093,1025838
ERR755685,142904
ERR1475831,31100
ERR1889873,45036
SRR13646794,298652
ERR1888207,60282
ERR1099422,167480
SRR6176703,128553
SRR13402906,97093
SRR13646726,276882
ERR2723905,5738
SRR8383294,15473
SRR18516722,398278
SRR6469384,48130
ERR697978,103146
SRR9207171,178792
SRR8135926,81954
ERR1108064,114940
SRR8106357,965152
ERR2146980,828008
SRR3166955,91114
SRR8788684,2699628
ERR1216778,25964
SRR16299315,24959
ERR716797,171568
ERR1374479,3990
SRR17846327,109665
SRR7904992,220164
SRR9622326,91331
ERR10180597,473330
SRR8106295,71002
SRR6908690,24706
SRR11303079,204
SRR1872195,30762
ERR1889011,355462
ERR1415036,48336
SRR8883759,42170
SRR12125389,31166
SRR10199505,182660
ERR4968940,207766
SRR5944014,219461
ERR1821491,23282
SRR12067712,250342
ERR2723958,19898
ERR968043,37468
SRR5921030,119883
ERR960114,964
ERR1414885,34286
SRR8457165,524812
ERR1124836,767898
ERR340669,300
SRR15831115,256670
SRR9735180,421986
ERR1757435,10202
SRR5810872,714
ERR1215836,237136
ERR1108153,130616
ERR1888787,44258
ERR960221,4024
SRR6211473,3379578
SRR16298922,43766
SRR9728708,492220
SRR7410459,280810
SRR11302840,1045
ERR1892084,98194
ERR1889508,296960
SRR9674305,150326
SRR22744753,192678
ERR960588,7214
ERR1475682,21062
ERR8516968,1835374
SRR4124044,87021
SRR10958345,235068
ERR1889146,84662
ERR718615,118328
SRR10117561,244414
ERR960649,7060
SRR9198717,14959
SRR7813747,426956
SRR17630946,141229
SRR9875035,34674
SRR5921094,260131
SRR11420470,729892
ERR960788,1190
ERR467077,40560
SRR6313718,1029704
SRR21228030,102358
SRR7008294,60128
SRR11869103,44331
ERR1475630,43656
ERR3957799,366024
ERR5005144,313808
SRR9211502,275007
SRR13693863,511546
SRR2751013,322047
ERR1252122,14274
SRR8106620,125420
ERR737725,106934
ERR1108118,232194
SRR1062361,113251
SRR6268075,45964
SRR9875045,4140
SRR10010338,88016
ERR1888420,444264
SRR8182175,411884
SRR6655006,8147
ERR1252149,17894
ERR853550,37410
SRR6655068,97394
SRR1872536,12
ERR998208,118
ERR1621678,19320
ERR968075,55930
ERR1373669,58008
ERR590744,28016
SRR6268140,384163
SRR17499136,77399
SRR5921075,175000
SRR6250300,118862
SRR870770,166344
ERR871457,194
SRR11577238,27240
SRR2180312,169304
SRR6250246,107616
SRR10863046,3776406
SRR10153191,218763
ERR2723676,1564
ERR830281,142634
SRR10863050,3387793
SRR11092492,191462
ERR1426762,165672
SRR7410378,193868
ERR2723223,48434
ERR657616,100986
ERR998436,27222
SRR11302566,125
ERR2723649,86148
SRR7764539,722050
SRR15626550,425556
SRR6469300,113644
SRR11267531,292784
SRR7904996,176402
ERR2723710,142144
ERR958987,8662
SRR11303042,182
SRR1062684,19650
ERR1889624,173734
ERR1374119,6324
ERR1621350,60278
SRR10151632,19254
ERR1216759,53824
SRR6289687,64222
ERR716916,143396
SRR6250296,101036
SRR18352689,7116
SRR10151797,15728
ERR1251918,10814
SRR1062395,115342
ERR968082,48836
ERR2723571,202616
SRR11303136,211
SRR17723095,495720
SRR13074816,20882
ERR1730671,24166
ERR517898,47748
SRR489486,32772
SRR6654930,24816
SRR16299292,14716
ERR1374628,3874
SRR11302683,67
ERR1215724,194680
ERR1216570,22924
ERR1069106,204508
ERR1099496,111224
SRR3996113,89278
SRR10887532,327064
ERR1108805,82874
ERR697951,40428
SRR11365241,739136
SRR6039693,258821
SRR3985375,484367
ERR1889377,191056
SRR3932182,423560
ERR1889216,3022
SRR13437210,168280
ERR3909548,111349
ERR582871,282
SRR10151691,153596
SRR6250261,64260
SRR14993682,292592
SRR2239186,181734
ERR958758,8714
SRR1265734,758199
SRR870955,185739
SRR7905400,77624
SRR17218108,179869
ERR959496,974
SRR5520626,322632
SRR10974112,63038
ERR1415417,71384
ERR960156,2
SRR6469291,45942
ERR9077169,54000
SRR13074811,23260
ERR1124509,320406
ERR1757706,18128
ERR1108011,130722
SRR870725,19688
SRR17218110,172400
SRR14217693,95813
ERR1540907,387464
ERR1475525,30574
SRR1555592,674
SRR12432921,226550
ERR1374576,9786
ERR9787510,355654
SRR8868553,521504
SRR10129555,432486
SRR2976524,366012
SRR10151566,58552
SRR10129346,193006
SRR5342796,422442
ERR1427347,1115600
SRR11856750,223262
SRR1871874,14654
SRR6289641,233177
SRR10151906,267826
SRR797915,219707
ERR1442626,12856
SRR6468970,53712
SRR13074867,13997
ERR1396844,99334
SRR7244616,137134
SRR6654591,15416
SRR6176708,123521
SRR12194939,363726
ERR1067174,529470
ERR1373457,18966
ERR1442762,12398
SRR18516725,530845
ERR1475773,16412
SRR5921090,146824
SRR6956075,161565
SRR5666985,2780214
SRR12464091,270988
SRR9067639,1124874
SRR5320523,256670
SRR6250066,174488
ERR1888166,134128
SRR8530757,95911
SRR11365200,129708
SRR6890865,173055
ERR667489,30100
ERR1889446,257088
ERR202493,6818
SRR7299195,253312
ERR1215877,190996
ERR1426996,945362
SRR1371226,1606148
SRR7268985,100622
ERR1888291,112052
ERR1415023,49310
SRR6654450,515
SRR8928842,34004
ERR780113,139560
SRR12037424,9830
SRR6654987,9688
SRR10210691,172358
SRR1531462,95718
ERR9077166,54617
SRR12037397,8933
ERR1414910,75484
SRR13708184,161360
SRR6020432,646642
SRR8106660,24754
SRR5127975,89047
SRR1062767,22232
SRR6469092,61422
ERR2723781,889424
SRR6655154,17960
ERR9077189,55299
SRR9596467,283916
SRR7419866,43670
SRR3083696,166964
SRR16299348,6022
ERR1218324,176820
ERR1415106,56430
SRR5931552,133029
SRR6654584,24057
SRR12774396,150219
SRR18042708,128018
SRR12661532,78737
SRR8552571,178211
SRR8787812,2518070
SRR8106543,28126
SRR10735834,110608
ERR959481,2388
SRR10415532,461700
SRR7662121,13480
ERR998154,35720
SRR1062557,18531
SRR6469670,804990
SRR6654697,14071
SRR870882,175992
SRR7535412,55071
SRR8106319,169372
SRR17600926,207300
SRR11303102,82
SRR13450052,81090
SRR17968075,389834
ERR1821770,21808
ERR2723325,165300
ERR1857767,6556
SRR13015572,312272
SRR6250169,243482
SRR16299304,7811
SRR16299378,11818
SRR5131063,282180
SRR17547493,47455
SRR11293506,680358
ERR1889784,2242
SRR22805207,1334804
SRR6655047,9217
ERR1889234,67822
SRR5921064,430565
SRR10735832,104925
SRR6039678,741886
SRR2834949,129136
SRR1062391,112067
ERR1888837,21844
SRR12661837,78217
ERR1475491,13070
ERR1374431,5064
ERR1124969,128
ERR1107930,221126
ERR1124574,256808
SRR10040071,1225712
SRR19641874,479200
SRR7119840,5775
ERR871562,2016
SRR11427454,397734
ERR9787506,276540
SRR7947925,588680
SRR13938371,181618
SRR13181527,383182
ERR1215881,744
SRR11302764,83
SRR13979098,1369674
SRR4369387,134100
ERR1414945,32420
ERR1442785,15484
SRR3679538,418354
SRR5942257,70215
ERR596689,23346
SRR10151680,41308
ERR1621594,45292
ERR998389,298
ERR959973,2588
SRR11427217,382078
ERR998363,66
ERR1408810,234
ERR1888399,756212
SRR9198718,10175
ERR1757716,25488
SRR11302378,206
SRR10151871,46366
SRR11777176,117436
SRR12443357,187272
SRR10974075,64870
ERR1730543,20014
SRR8787701,4252196
ERR960269,13276
ERR962956,204
SRR6469504,396880
ERR1124998,343558
ERR1216092,49436
ERR959327,5848
ERR1108783,231240
SRR11699741,123257
ERR573459,27882
SRR12371366,169108
ERR2154736,34620
ERR1730600,21702
ERR1857674,30112
ERR1621444,54856
SRR12194931,376049
SRR6268142,163879
SRR12661706,45829
SRR2039717,260128
ERR780301,48844
SRR10126093,24408
SRR13660515,283701484
ERR1205345,227042
SRR13426330,159246
ERR1124707,281426
ERR1216576,18202
SRR5893136,50237
SRR6654663,17522
SRR6654803,24203
SRR9728752,484688
ERR999257,103972
SRR1062368,112014
ERR1108035,158290
ERR4321719,64850
SRR15498139,146777
ERR1427230,68394
ERR1099483,96058
SRR17183787,50402
ERR1692442,58490
ERR1396991,1246
ERR1374378,1622
ERR594451,200452
SRR6268088,56351
SRR19761448,174060
SRR15831087,300400
ERR1373802,31314
ERR2154756,23708
SRR6495325,453578
ERR1124940,834486
SRR10070855,98176
SRR7419886,30312
ERR689870,79112
ERR1218408,184834
ERR1821780,21712
SRR6468736,58406
ERR1204437,275716
SRR8663333,70569798
ERR667418,26256
SRR17210881,197480
ERR1730629,24678
SRR12661773,91973
ERR517867,37568
SRR10070863,126832
SRR15036064,1090088
SRR5893170,1419386
ERR2724023,6668
ERR759369,277312
SRR21119112,227354
SRR15964631,227360
SRR7410400,167594
ERR1620477,214740
SRR1872670,7090
ERR1692569,54058
ERR1475644,31826
ERR999264,98
SRR22018599,663956
ERR1888312,99340
SRR6655169,22522
ERR1888788,43622
ERR1889862,76560
SRR10125968,24123
SRR7892015,25918
SRR7789619,9719
ERR1373424,22530
SRR11090035,53994
SRR18214218,85306
ERR1108174,150622
SRR11302744,129
ERR780308,119938
SRR6654745,17555
SRR21518672,2368920
SRR12125398,20471
SRR3655801,164890
SRR6655177,19776
ERR659904,72340
ERR1757634,15346
ERR1891642,67124
ERR7384925,4482218
ERR1442570,13082
SRR19761454,191750
ERR1475625,30234
ERR1888603,4668
SRR6654331,63695
SRR20869092,69891
SRR13234665,65077
SRR13376236,397892
ERR2723040,12296
SRR10117526,209237
SRR14168551,200944
SRR7909900,405650
ERR4321732,75486
SRR9207193,126810
ERR1415161,70846
ERR1204241,141022
SRR9211488,192904
SRR9312994,113066
SRR14428565,136135
SRR13075140,56764
ERR1204364,168920
SRR6469827,69908
SRR8383295,15631
SRR22805233,235012
SRR10737687,673268
ERR1374704,7784
SRR3679540,424470
SRR7764531,934472
SRR6469367,81226
ERR492329,55048
ERR1216443,84962
ERR2983448,79238
SRR1062541,32104
ERR2304201,465644
ERR1442588,15654
SRR23036883,214066
ERR1621413,49036
SRR8106673,17212
ERR1124739,383974
ERR853642,54500
SRR870745,17841
SRR7154558,38680
SRR6176677,58260
ERR1730634,23628
SRR13447014,230343
SRR9211500,249942
ERR1416184,52474
ERR147027,66720
SRR10117562,225030
SRR11040640,199114
SRR14300252,1917476
ERR582877,220
ERR1108722,247454
ERR1125045,395736
ERR1475620,30268
SRR392993,48398
SRR1062268,547376
SRR9906835,129544
SRR12661765,50780
SRR5341536,72401
SRR2541821,88822
ERR202521,238942
ERR959376,4584
SRR9962815,326181
SRR18516707,351787
SRR7746632,47794
SRR10152008,85814
ERR667399,22900
ERR689816,59938
ERR1374510,15214
SRR11039813,143244
ERR4648689,79702
SRR7419820,398493
SRR6654979,10575
SRR11785642,136850
SRR6655183,22809
ERR590788,26282
ERR1374213,51356
ERR1216368,110382
SRR1872837,20426
ERR2723592,109508
ERR1203504,159074
SRR9674256,133304
ERR1757523,18988
ERR1821528,23094
SRR6250346,104608
ERR492342,81006
SRR3228711,230002
SRR11302837,187
ERR1374741,9620
ERR1620466,222752
SRR6495320,391682
SRR6908689,28448
ERR853618,40960
ERR1757571,22464
SRR7268813,4756
SRR527837,840418
ERR716750,108546
ERR1218373,139684
SRR5921192,349050
ERR2723837,11170
ERR959679,4510
SRR9077092,279620
SRR10990393,260486
ERR147026,52616
SRR11303064,45
ERR1216461,21816
SRR7268971,195030
ERR1395914,91282
SRR1062555,18114
SRR13646809,374438
SRR15376930,928352
ERR1124677,387030
SRR5810828,2274
SRR6908744,505058
ERR977590,45290
SRR10127666,281170
SRR6908681,31358
SRR6250146,76338
ERR1125015,1086694
ERR1205109,582
SRR15927822,141666
SRR392988,16932
SRR9669990,62534
SRR17846334,116082
SRR10126182,11062
ERR569548,1584
SRR6469304,90238
ERR1397011,2142
SRR16195454,38013
ERR960472,2866
ERR1216161,127814
SRR6654829,11410
ERR1252243,16350
ERR1410191,70926
ERR1396870,4794
SRR6250338,72492
SRR5921162,303208
ERR2723275,123574
ERR1757630,29996
SRR6289788,85822
SRR1062566,18353
SRR6654533,18147
ERR1426800,152036
SRR5045902,308929
SRR19430247,210748
SRR6655205,21445
SRR6020341,7729062
SRR17731334,134974
SRR6469358,51916
SRR8788713,113539
ERR9077181,58693
SRR13234659,62939
ERR1892079,84530
SRR12774385,103359
ERR1396875,5782
ERR1122781,73138
SRR3498283,1721205
SRR11873961,722368
ERR202500,783092
ERR959947,428
SRR1371225,567481
ERR853685,45582
SRR5533720,166202
SRR17714706,378112
SRR6469749,119368
SRR7119837,12252
SRR9849234,240728
ERR657579,97298
SRR10887582,238134
SRR16298959,39830
ERR1108519,259768
ERR1251927,15482
SRR10151787,53128
ERR960451,1402
ERR1889526,65092
SRR2834955,126512
SRR9674319,146568
ERR689796,71030
SRR12194924,440578
SRR15427696,779792
ERR1107870,186252
ERR968132,338
SRR18053108,826180
ERR999217,48880
ERR1442895,15672
SRR3086887,20165
ERR960859,154138
SRR17026706,249348
SRR12037371,68626
SRR20218331,325480
SRR8305641,2102666
SRR5810690,768
ERR1251985,23072
ERR1621379,26018
SRR1062498,31863
SRR10151961,100580
ERR1107981,112688
ERR1889039,62530
SRR10070637,69368
SRR870954,187626
ERR2723780,1260282
ERR1218419,233462
ERR517871,138588
ERR1595117,200048
SRR14923958,234915
ERR1216636,123770
ERR1216707,118168
SRR6469123,71088
ERR4132483,209805
SRR19897796,334856
SRR2180298,299504
ERR959441,610
SRR9312988,122652
SRR1872450,48
ERR667384,38822
SRR23060058,414266
ERR697850,27250
SRR6654752,14342
ERR2723502,144114
ERR1396948,68526
SRR20083909,222804
ERR968093,250
SRR11090018,38571
SRR18063805,588278
SRR13938387,160954
SRR18731944,174802
SRR11302998,161
SRR6417975,314940
SRR6250233,105156
ERR960071,6618
ERR1888695,176458
ERR1251885,24748
DRR314105,603218
SRR6469765,83452
ERR1374415,16626
SRR12876844,579290
SRR8106302,178266
SRR3083689,1199266
SRR9962806,5438328
ERR1374423,3788
ERR1857596,31894
SRR13381337,396298
ERR1374186,1582
ERR1216553,119786
SRR17221759,1134874
ERR1621377,62404
ERR1892095,83628
SRR21518663,1477612
ERR697907,45540
ERR871444,2386
SRR6257754,636746
ERR1252199,16376
SRR13724925,77606
SRR1872168,38080
ERR2146907,292344
ERR1821965,24116
SRR17547496,46248
ERR1475487,14496
SRR10393503,9740
ERR998423,40120
SRR16299421,17047
SRR5127983,123046
SRR14308859,573590
ERR1108746,136902
SRR6468900,97764
ERR1414839,64556
SRR6144809,34002
SRR1872046,18578
ERR7131133,204275
SRR6654438,10783
SRR1062655,19115
ERR1373408,27912
ERR1216412,93366
ERR998379,25688
ERR780085,109316
SRR8732849,693606
SRR8106404,27724
ERR1858008,29368
ERR1099387,95180
ERR1373653,34314
SRR1871951,15758
ERR1821551,21302
ERR999394,35174
ERR1251976,13854
ERR1426878,879734
SRR10887442,500964
ERR2146960,148134
ERR1216038,144566
ERR958770,4832
ERR1396887,24338
ERR1426949,665066
ERR1475726,42442
SRR835178,15754
SRR5320527,958808
SRR12774371,119214
SRR7892019,201388
SRR10151711,44464
SRR10070715,90568
SRR11302366,94
SRR6020408,86062
ERR959034,9886
SRR3679534,355660
ERR716921,100214
ERR963165,162
ERR1252130,16190
SRR15048135,562084
SRR8991401,65596824
SRR9728728,430302
SRR11302803,57
SRR5853082,109285
SRR8106458,19774
SRR12194893,463309
SRR9198690,12731
SRR15424374,2689685
SRR5921190,386916
SRR7268875,105216
SRR10151962,29134
SRR13074807,32490
SRR6132696,63786
ERR1857583,26906
ERR960312,6102
SRR7268811,239800
SRR13979029,80049
SRR16905258,965304
SRR12661679,286992
ERR1252117,16774
ERR1889733,6412
SRR13332317,286958
SRR1872526,12
SRR3113936,2468596
SRR9198900,12114
SRR11302385,54
SRR11302751,131
SRR5921104,227454
SRR2968436,625218
SRR12661866,48813
ERR1621455,42520
SRR2136292,369705
SRR12464078,304040
SRR6468877,614694
ERR1858085,31432
SRR13979085,2490042
SRR11302573,424
SRR6469415,66852
SRR10152004,117394
SRR7662002,24568
ERR960485,698
SRR8106692,31118
SRR2751028,267975
SRR6250036,61200
SRR12070812,29097554
SRR519732,1676438
SRR10126159,11955
SRR8784155,590014
ERR1124443,834230
SRR8552543,188000
SRR10321290,42910
SRR17720615,386642
ERR959248,0
SRR13450060,81696
ERR1374150,6612
SRR13724982,1431526
SRR11427209,190650
ERR2723826,7944
ERR1889835,26400
SRR19761456,190436
ERR1374541,10774
ERR1215741,270
ERR659845,113816
SRR9674237,130380
SRR1872091,31274
ERR718612,109174
ERR1442781,12416
SRR1872343,21822
SRR5443717,51417
SRR3342388,266785
ERR871496,878
SRR6469099,51494
SRR9875036,82610
ERR582858,244
ERR1416114,46418
ERR1757646,12924
SRR7299168,152724
SRR1872364,54
SRR6250119,77186
ERR959601,5798
SRR6654910,9530
SRR17248531,470452
ERR1475758,23992
SRR8799033,244998
ERR1216387,160672
SRR10344669,192026
SRR10863052,5163234
ERR3446776,56684
SRR15831105,281184
SRR2177444,328662
ERR998100,35902
SRR12492970,103482
ERR1475696,29768
ERR596642,23256
ERR960047,7362
SRR10366890,746282
ERR1415223,38938
SRR6468894,80636
ERR1373690,58590
ERR1124457,524968
SRR2422967,9249598
SRR1872934,25344
SRR9182350,465336
SRR8377243,388386
SRR17547556,32924
ERR960688,6744
SRR7613117,513776
SRR12661753,143359
SRR19671821,135206
ERR1204562,120890
SRR3098579,1453106
SRR16676617,327970
ERR1427270,820700
ERR1757543,16568
SRR1554476,1693240
SRR776512,950
SRR6469180,77756
ERR1215582,245308
SRR6249963,47244
SRR16299560,13859
SRR14679152,119136
SRR8106449,41410
ERR1427110,795394
SRR15927812,231692
SRR12194947,431120
ERR202620,558
SRR5593163,129765
SRR17547497,36800
SRR11684013,18002
SRR15646750,319380
ERR1216363,159628
SRR18508137,677546
SRR10126150,14102
SRR18220778,52207
ERR1888678,712
SRR16299589,2894
ERR960734,5772
SRR5921144,195777
ERR963158,44852
ERR1397050,1228
ERR1730545,10792
ERR1821716,20566
SRR10586538,138701
SRR6469224,96730
ERR10047721,357936
ERR960746,3468
ERR1069098,275490
ERR1373723,60656
SRR8244113,138110
ERR1067170,302688
SRR17400078,210116
SRR3420323,897758
SRR1872984,61222
SRR12661518,29884
SRR13724979,1466778
SRR8106369,19624
SRR12493004,121588
SRR12614067,705644
SRR10151898,54960
ERR959465,28
SRR9182359,440408
DRR334967,3629600
ERR871451,820
ERR202541,238
SRR6655289,6877
SRR15600933,40844
SRR9849851,2863732
SRR392997,36419
SRR6877470,446100
SRR8928866,11670
ERR959493,3266
SRR7268920,113214
SRR10735812,125
SRR6250243,103812
SRR10151823,50388
SRR17709722,144238
SRR9198660,10061
ERR517948,52850
SRR6469343,60142
SRR11303308,415
SRR7468688,64199
ERR1692605,70400
ERR1373765,32284
SRR14369960,756216
SRR1523212,108930
SRR11577241,41443
SRR13388651,1059312
SRR8503422,126862
ERR1889226,39736
SRR1531480,1830312
ERR959364,36002
SRR1872019,12556
ERR2723771,22780
SRR3381745,310900
SRR6654502,305
SRR5810894,826
ERR145655,115640
SRR11140714,214705
ERR1888642,105238
SRR1872597,136854
ERR959414,1314
SRR7947918,847070
ERR492299,53394
SRR13724977,1699930
ERR968052,194
SRR7613116,884417
SRR6654662,16651
ERR1216095,109290
SRR6494613,1065176
ERR959987,1586
SRR14217627,104996
ERR517869,75542
SRR12141959,102470
ERR1427332,1004750
SRR7905380,3536712
SRR9674306,134640
SRR5376371,755534
SRR9312972,117316
SRR11186480,1592998
SRR10010381,113606
SRR6469349,90870
SRR6469404,84504
SRR7268891,98282
SRR16388444,178002
SRR13074843,10498
ERR4321720,71112
SRR11302891,47
ERR1108514,346200
ERR689880,65776
SRR1062350,116887
SRR6654561,19448
ERR1888220,51272
SRR6469100,54800
ERR1410221,94058
SRR8787629,194901
SRR7699164,260713
SRR9198888,11322
ERR517999,101766
SRR6469134,104710
ERR3454276,1903725
SRR5921194,355658
SRR3381813,111812
SRR1872852,14232
ERR958892,21602
ERR1475781,20478
SRR7061295,507672
SRR6152627,181783
SRR10070680,234710
SRR13015648,349736
SRR17077501,513406
ERR1099386,124072
SRR4242441,272196
SRR12661898,136044
SRR16299538,7931
SRR11090016,41239
SRR8305615,587226
SRR6654823,15182
SRR4243168,133782
SRR9906805,190226
ERR1396840,1710053
ERR1125006,222114
SRR6468839,96902
SRR11302859,45
SRR1555593,8613
SRR6250275,583124
SRR8457161,570368
ERR959979,2310
ERR1252099,18644
ERR1620439,468184
SRR6469168,113402
ERR1621477,41220
SRR10434084,504732
SRR1872232,15644
SRR2027910,75988
SRR17529058,396902
ERR759384,131610
ERR1204339,126208
ERR1416186,55124
SRR21966433,119278
SRR1872301,26
SRR10151594,69056
ERR1124620,294448
SRR8106304,44126
SRR8106362,42744
SRR7909906,823118
ERR1427314,908514
SRR13242462,42777
ERR737717,127556
SRR6468843,339378
ERR1692564,39792
ERR1858058,28574
SRR10868204,455650
SRR2751016,236247
SRR10989901,252944
ERR871386,138336
ERR697987,34284
SRR11302275,168
SRR1872916,29278
SRR12661604,130398
SRR16299297,13257
ERR2723501,85940
SRR6654458,11744
SRR6469441,81022
SRR9610844,527736
SRR1062692,19647
SRR12661865,50306
SRR9849256,469618
SRR7698982,393189
SRR6908602,31028
ERR1889488,381450
SRR10070756,161160
ERR1216579,30356
SRR10948885,79450
SRR13565164,215844
SRR15048110,583870
SRR11186457,901626
SRR13785103,7924570
SRR12659575,291676
SRR1872650,26620
ERR1374523,18096
SRR11303303,87
ERR145650,5150
SRR10126111,20779
ERR2723261,55876
ERR1621424,60922
SRR998897,34233
SRR1062594,17976
SRR6654764,14868
SRR11365199,117444
SRR7659029,436444
SRR8106636,51988
SRR1565806,234458
DRR314103,460422
SRR11427461,390252
ERR1216700,93582
ERR1099395,102184
SRR10990422,614726
SRR6469730,47392
ERR1107884,201536
ERR1124436,196456
ERR959860,114
SRR042433,4945
SRR7789605,15822
SRR14270309,3186232
ERR1374348,8258
SRR18124384,165784
SRR8530752,118784
SRR6655310,5852
SRR10095966,460392
SRR6469597,70810
SRR7268810,236614
ERR1215964,136242
ERR962991,45336
SRR12005390,782390
SRR18124528,560972
ERR960810,516
SRR7637835,348496
SRR19086708,770430
ERR1396891,1372
SRR11302447,488
SRR10989889,317206
SRR8135938,790082
ERR1252095,18200
SRR11303196,117
ERR998223,100
SRR959315,79889
SRR14217590,113392
SRR8106454,20844
SRR10974008,79880
SRR10151564,61558
ERR1757462,5572
SRR10151697,14122
SRR7789604,20442
SRR12443348,236962
SRR5893111,16791
ERR1889792,53030
SRR6250290,101146
SRR12037483,15183
SRR870807,143059
ERR1216153,115300
ERR659889,87678
SRR9944755,1027324
ERR716733,48456
ERR7720663,937414
ERR1124624,89744
ERR962923,306
ERR716824,155786
SRR12661586,83952
SRR11092478,296526
SRR13979040,97079
ERR2723963,325008
SRR6469042,62420
ERR1427040,601550
SRR18327321,261864
ERR1888910,437568
SRR16905270,285088
SRR3393534,185852
ERR1204646,182952
SRR18220784,40838
ERR1205334,338100
ERR1215750,201548
ERR1374236,5640
SRR8244087,145252
SRR12774389,350607
SRR19571675,113345
SRR6249986,51354
SRR2392494,637678
SRR10127649,1304324
ERR1216109,102620
ERR1889256,91938
ERR1621540,51384
ERR2723760,108720
SRR20002708,153036
ERR596700,30308
ERR1620445,314528
DRR189381,114705
SRR4026150,599236
ERR1204259,197726
SRR12436763,30781
SRR6655268,625
ERR023148,260976
SRR11033802,2039834
ERR657580,77860
ERR1888453,380186
SRR10151798,88970
ERR1757666,24008
ERR1374125,6204
SRR16298984,3703
SRR11302858,49
SRR7662027,37222
ERR2723012,40858
SRR8106463,50334
ERR780146,140740
SRR1736702,259656
SRR16494153,161042
ERR998232,230
SRR2751003,234970
SRR9198851,7779
ERR1204535,124234
ERR1108830,250190
SRR11427273,399062
SRR12650413,140154
SRR1555570,4632
SRR6032100,666356
SRR8106690,23450
SRR11263276,524700
SRR12474670,1320026
SRR5337746,63478
ERR1857845,40214
ERR273840,53244
SRR10887603,180756
ERR1374673,6678
ERR2154672,8710
SRR8787782,39932
SRR10117535,286726
SRR6469019,82230
ERR959106,1264
ERR467073,66250
ERR871327,352496
SRR7299182,176378
SRR9961212,948768
SRR12672453,128736
SRR870822,173864
SRR13269771,186170
SRR9849214,308652
ERR1374309,13018
SRR13998184,1333578
SRR6654411,13065
ERR202511,2412
SRR9697466,339736
ERR1414799,37632
ERR960469,2636
ERR1415038,1232
SRR15362156,448507
ERR1407706,110
SRR19571679,130223
ERR871348,182
SRR8526621,187658
SRR6268063,33952
ERR959820,430
ERR1621352,57052
SRR13388662,1010484
SRR15600919,170186
ERR1216320,127908
ERR659901,85424
ERR1621474,58198
SRR11206285,61442
ERR1427225,1180350
SRR4241538,1763635
SRR3231356,10627726
ERR1692621,46210
ERR1821703,21692
SRR13938355,91128
SRR8244073,118298
SRR11302619,100
SRR1872076,34998
SRR8106292,325850
ERR1373435,19530
ERR1621510,56468
ERR1692609,29940
SRR8286598,1581318
SRR18220763,43090
SRR13646721,360360
SRR18220758,29576
SRR7813748,388372
SRR10117519,19180
SRR4375096,3482350
SRR6652890,1276350
SRR12125401,28211
ERR1475711,25904
SRR13979067,86835
SRR6469129,393730
SRR7612997,755395
SRR12193585,357604
SRR17282603,346067
ERR1415369,65172
SRR16299184,10298
SRR12436775,43304
SRR5893054,1643
ERR960740,1148
SRR7947923,899220
ERR411476,143496
SRR11869095,90869
SRR6268104,21603
ERR959404,1716
DRR315802,366334
SRR16299125,6092
ERR959621,4486
ERR1858069,31592
ERR1069076,223084
ERR968133,58674
ERR1730837,21046
SRR5810868,342
SRR12436738,41115
ERR1414922,69466
SRR17219907,7276
SRR8106589,15888
SRR6469748,151584
SRR11874814,59262
SRR1872596,62
ERR871499,188
ERR1251928,15384
SRR12554281,967568
ERR273830,299888
SRR2834971,75524
SRR6654359,9591
ERR1407599,21782
SRR10070757,69326
SRR8106336,213258
SRR15427697,759017
SRR10903542,972518
ERR1730627,25898
SRR16676622,722808
ERR1416136,43962
ERR1730727,25096
ERR1888833,191552
ERR854806,199660
ERR1215730,46
ERR959479,1002
ERR738240,87264
SRR9141303,59766
SRR17547500,35685
SRR11303093,137
SRR870798,160079
SRR6908730,62368
SRR959370,30925
SRR10510886,683570
SRR519730,4010490
ERR1889142,23770
SRR1872342,22360
SRR10117577,262068
SRR10070692,170536
ERR1889325,74336
ERR3489858,21701
ERR1107867,222392
SRR14217570,107019
SRR6469385,78040
SRR12037388,18189
SRR16299012,31606
SRR11303031,178
SRR1872637,21022
ERR1889491,376048
SRR11213704,58425
ERR1205405,201400
SRR11303315,238
SRR12661860,85558
SRR18352682,28920
SRR12055988,58325
SRR7015881,346640
SRR6655247,5717
ERR998385,11380
SRR8552559,6700
SRR8788665,656034
SRR12974158,570837
SRR6654950,16112
SRR12083658,35983006
SRR17400046,177644
SRR11427267,453348
ERR659847,83698
SRR13319614,226730
ERR2723591,145278
SRR11305407,325953
SRR13074869,27611
SRR10126168,17645
SRR1554487,955626
ERR1374460,1492
SRR1062230,61295
SRR1872544,50
SRR17714690,386888
SRR10887510,238874
SRR3420398,1028592
SRR20283703,41378
ERR1442629,13368
SRR6469272,79896
SRR12492991,125417
ERR1821636,23980
SRR8883747,162880
SRR5163040,3939778
SRR10887497,170920
SRR17400050,183768
SRR11601821,1303212
ERR659960,103110
SRR10151854,40172
SRR959351,33961
SRR1872430,42
ERR1692532,80856
SRR9182366,623798
SRR22129113,1007234
SRR1736698,32362
SRR4240536,200175
ERR2723711,36110
SRR3139116,2432322
SRR959372,30694
SRR8106343,644774
ERR960616,0
ERR853775,42288
ERR1442868,16600
ERR968149,48626
ERR1216438,88614
SRR8787811,2662202
SRR15036066,544286
ERR871570,101938
SRR6025597,445666
ERR1204633,46
SRR8936990,2399898
SRR8788632,1612344
SRR1609749,177388
SRR6654628,8526
SRR1872004,26492
SRR13015602,329128
SRR11302804,83
ERR1427353,973520
ERR1215880,178010
DRR189367,1043818
SRR11951230,165918
ERR657546,112206
ERR854785,88022
ERR960276,4144
ERR411637,156068
SRR5482151,1593880
ERR3838741,335046
ERR525345,55524
SRR592698,1468684
SRR3381849,249650
SRR519726,2096108
ERR959505,0
SRR8106303,398368
ERR1374402,10388
ERR871308,327210
SRR7909907,4473860
ERR1122724,161526
SRR19671820,528552
ERR596605,35178
SRR7883099,22935
ERR959582,1512
ERR1692495,71160
SRR6469859,74332
SRR13015582,250736
ERR1204508,109962
ERR1730615,17422
SRR3038049,25687
ERR1730790,23240
ERR2723009,11242
ERR1442720,14392
ERR1374414,16524
SRR6249967,44802
ERR1427413,530568
SRR10117574,218490
SRR11302897,121
ERR1416139,60576
ERR1107911,135404
ERR1889590,51800
SRR6468824,226958
ERR1215773,223698
ERR999228,112
ERR1692600,66150
SRR6469393,46044
ERR667425,39954
ERR2723334,133636
SRR10550568,83520
SRR16299474,18806
SRR7661993,3557
ERR2723974,762
ERR1621431,56394
ERR963163,24
SRR14703458,13682
ERR1888152,83574
ERR853507,57642
ERR968055,586
SRR9199020,11619
ERR1395947,1992
ERR755672,145674
SRR12037442,24393
SRR19897789,410970
SRR7264579,3896130
ERR1374610,3672
SRR6032101,655727
ERR853658,25776
ERR959920,2380
ERR232304,154694
ERR1821789,24300
SRR6469631,107568
SRR8784477,9165
ERR1757664,37626
SRR7268918,114190
SRR10836801,224386
ERR3489853,159814
ERR1395857,36248
ERR1692628,102492
SRR18124522,603084
SRR6176733,111083
ERR1427101,727458
SRR6250317,127496
ERR959423,454
SRR6890874,57926
SRR12661552,77881
SRR5418449,2418
ERR830334,163188
ERR958997,4276
SRR6655318,9702
SRR9728755,399132
SRR10887580,134540
ERR1373516,24810
SRR891495,564516
SRR3923230,200694
SRR18192285,195274
ERR1821921,23102
ERR1373637,35258
ERR1757444,19166
ERR871541,330598
SRR15813427,197686
ERR2723743,134224
ERR1821882,22106
ERR716743,69522
SRR6655054,17882
ERR716792,141288
ERR716869,178146
SRR13796915,2977594
SRR6469836,127948
ERR1215856,189112
SRR8928850,5460
ERR1621373,47784
SRR9198788,13533
SRR5921158,324907
ERR492333,66412
SRR1039877,721023
SRR11575111,58785
SRR1872933,37026
SRR6039676,241437
ERR1889597,2868
SRR6654841,12187
ERR1858107,27602
ERR1204252,134618
ERR1757692,19406
ERR1857986,27068
ERR960406,7384
SRR19430246,166977
ERR340737,196876
ERR2723179,24970
SRR6268106,38807
ERR1889576,66370
ERR1124668,318748
SRR9849253,563388
SRR12661614,119981
SRR10887446,453992
ERR780142,98928
SRR6250349,83098
ERR1889016,398760
SRR9886606,698656
ERR958754,802
ERR737783,113740
ERR2723414,89638
SRR11196604,468796
SRR10151995,153284
ERR1475670,27554
SRR16195456,68739
SRR5921047,359052
SRR16299408,7384
SRR2541826,114520
SRR11302332,111
SRR11033810,120312
SRR7268841,96678
SRR12967075,91458
ERR1216467,24344
ERR1205392,58
SRR11777179,160554
SRR298563,186198
SRR1872309,26
SRR9735169,420840
SRR17235502,13
ERR1251975,13794
ERR1124899,766148
SRR17547519,40889
ERR1124838,567684
ERR3266375,27486
ERR959812,1068
ERR853653,51882
ERR1621445,28052
SRR7268963,176946
SRR13015593,479410
ERR667575,67402
SRR13998091,398034
ERR2723250,33202
SRR17349051,222004
ERR525358,44058
ERR1395824,19922
SRR9198980,10884
SRR20018671,304326
ERR1888155,251306
ERR657576,89872
ERR1888436,200602
SRR10070694,247064
ERR959000,4826
SRR10862991,161536
ERR1410190,42032
ERR517994,93714
SRR13760197,7074668
SRR12194854,715065
SRR8883751,92514
SRR5942255,91880
SRR6025602,234560
SRR8383268,8478
ERR959203,3362
SRR13242482,24246
SRR11856744,4860166
ERR2723911,1634
SRR7008298,68232
ERR1374384,7668
SRR9692016,175614
SRR13074856,17505
SRR1555533,5150
SRR14272175,37795
ERR1216080,100296
ERR2723045,83744
ERR1203490,153808
SRR10004224,356796
ERR998355,34194
SRR870797,111644
SRR11267495,216568
ERR1415366,84718
SRR11427346,591164
SRR12764354,161791
ERR1858114,28166
SRR6654653,13000
SRR21966806,243444
ERR232318,3095780
SRR17499139,65538
ERR4902953,492526
SRR10312403,172344
ERR1415446,78480
SRR6250206,57982
ERR1888276,47206
ERR1216394,107738
SRR14923993,61659
SRR11926645,218896
SRR17720616,255594
SRR9198971,15407
ERR1757551,12370
SRR7664342,345714
SRR7410451,185480
SRR14573852,1133300
ERR3489875,93209
ERR959552,19540
SRR7942615,373162
ERR1889861,86710
SRR7749220,12541
SRR870753,29490
SRR1555572,269
ERR3446752,57986
SRR10070769,180492
SRR5893102,209766
SRR11427385,1311552
ERR1205395,32
ERR1373722,72872
SRR6469378,28694
SRR1872369,27480
ERR968053,21294
SRR10070743,228728
SRR22252685,3021806
ERR1415125,88402
ERR959295,6832
SRR7905404,2915706
SRR10323905,110
ERR10368634,491914
DRR315799,289836
SRR6469523,120106
SRR8749823,34393
SRR11801324,129041
SRR3381750,354942
SRR5113016,462188
ERR1374769,5262
SRR6469637,105784
SRR15626560,266150
ERR1427289,1065510
SRR8784173,711583
SRR14140443,273128
ERR1108828,288140
ERR657568,84652
SRR6469856,83852
ERR998319,41770
ERR960609,40728
ERR232292,32222
SRR7615221,136136
SRR10070624,266164
SRR6469088,69822
SRR10852223,189346
ERR657613,84400
SRR13565143,551224
ERR1252206,14082
ERR1821622,21940
ERR1067169,390924
ERR959768,4518
SRR18731947,201280
SRR14428574,115505
ERR1888685,95756
SRR5378556,348160
SRR2239192,265316
DRR162521,37974
SRR13388640,933276
SRR10958331,249715
ERR1427303,1641218
SRR11427368,331528
SRR6908662,592236
ERR1215917,217728
ERR959853,2226
SRR17247007,167786
SRR16299183,30736
SRR12999266,2423140
ERR1374782,6328
ERR2723337,106834
SRR9199010,5569
ERR1692488,51682
ERR958752,21996
ERR959433,32
ERR960515,8178
SRR13759081,85294
ERR2723886,39234
ERR7384913,628686
ERR1374209,16160
SRR5979260,288808
SRR21966815,281900
ERR959518,1386
SRR21518677,5891318
SRR10151849,107424
ERR959476,144
SRR8106468,23164
SRR10126259,7555
SRR9608464,379916
SRR6507313,10108
SRR11302987,123
ERR960488,3862
ERR1415248,75666
SRR12037344,17122
SRR9198800,6401
ERR871605,208
SRR7942614,531056
ERR1621395,21800
ERR1122818,103602
SRR5893052,1936
SRR14300246,3911828
SRR1872392,43484
SRR17714698,408264
SRR18192292,336220
SRR10126309,23813
SRR1872439,30
SRR8862072,26762
ERR963193,12
SRR15927815,193168
SRR6025617,379586
SRR535852,44444
ERR999439,41958
SRR7264575,71531589
SRR6655036,7470
SRR11090045,40616
ERR960741,1436
SRR6176713,141478
ERR1410197,70516
SRR5810913,796
ERR1889022,274352
SRR7947917,725712
ERR1416064,29028
ERR737732,122754
SRR8106388,47782
SRR9849852,1027094
SRR8868557,136878
ERR1821858,29262
ERR1374822,2652
SRR10151845,218780
SRR10490654,8267
SRR8883877,81806
SRR17077509,349277
ERR1108507,337712
SRR5818005,191979
SRR22018566,270246
SRR10070720,137054
ERR968112,244
ERR1108750,83476
SRR10753207,10702
SRR1531472,39520
SRR6250271,73868
SRR17530175,247820
ERR667404,45650
SRR11302814,94
SRR11039815,179000
ERR1215709,240630
SRR7892024,46330
SRR8383309,14047
ERR1204412,210976
SRR11033811,69000
ERR1442769,16734
SRR12338627,157267
ERR1889633,104480
ERR998412,30024
ERR1888606,5178
SRR6654641,19662
SRR8784146,61840
SRR5251445,63347
ERR1757477,22458
SRR13437203,178184
ERR1416158,48972
SRR8928792,1796
SRR8298695,1035526
SRR12125406,32428
ERR1816563,20176
SRR10040103,1228336
ERR1215737,191464
SRR7244617,164302
SRR5125793,823890
ERR2146926,365464
SRR14883466,195850
ERR1442827,10916
ERR780042,124432
ERR1122688,186522
ERR1373693,48652
SRR12438039,559148
SRR6908752,147316
ERR1396843,16908
ERR1218490,160838
SRR9849267,628062
SRR18927012,536262
ERR1374630,5528
SRR6025623,340158
SRR11699738,150631
SRR5164423,158722
SRR9669989,78975
SRR11909486,601718
SRR10040097,1435360
ERR1215532,217580
SRR17630968,1924648
SRR8788687,2139450
SRR12037399,13553
SRR1871879,5624
ERR1374710,5772
SRR17077508,513050
SRR9674340,757934
ERR1107926,184830
SRR8787591,94519
ERR594446,227052
ERR1889324,224100
ERR959506,502
SRR10958336,270174
SRR1872962,18200
SRR21518662,955858
SRR6655314,4540
SRR1714466,1973952
SRR1035983,148259
SRR3655791,113976
SRR6176674,85857
SRR3381764,591150
SRR7746645,58497
SRR13716310,163522
SRR12661680,350756
ERR1620490,207410
SRR15626528,481600
SRR5441851,6928494
SRR11523570,412802
SRR8526609,134800
ERR667532,6058236
ERR1442662,13410
ERR830294,93888
ERR1108769,255120
SRR2392485,593166
ERR959361,4192
ERR1889510,18372
SRR11926625,142003
SRR1872010,29076
SRR6469062,92060
SRR959360,31265
SRR6020436,7916686
SRR11302813,993
SRR13339156,295868
SRR6829413,478030
ERR670978,68142
ERR1442786,12416
SRR1062615,18182
SRR11951243,153721
ERR1821560,29576
ERR10047717,241696
SRR16148350,532826
SRR10151623,43190
SRR298568,107224
ERR960605,4378
ERR960968,364
ERR1374249,36682
ERR1415019,764
SRR1732706,69050
SRR6211483,105059
SRR7468685,56656
SRR17218104,249315
ERR689801,59332
SRR8788629,1114468
ERR1857571,29730
ERR958871,35048
ERR1124721,338636
ERR925748,48832
SRR7882022,144560
ERR716883,165280
SRR1872130,52498
ERR1414964,46214
ERR1416102,50840
SRR7041873,140399
ERR1374494,8194
ERR1252100,20492
SRR5599697,241420
SRR13011467,476894
SRR3083737,252472
SRR19086701,482890
ERR1415375,59580
ERR1122840,109240
ERR2723725,134374
ERR1621550,33600
SRR6289766,70036
SRR8936996,2555906
ERR1205099,672
ERR1416156,51990
SRR1872163,54152
SRR9198752,5560
ERR755713,253820
ERR1216379,127088
SRR13234653,54654
SRR10974052,253272
SRR10753171,20652
SRR8526644,633102
SRR5443682,158683
SRR5044687,121481
ERR1204343,153262
ERR1374488,8020
SRR10151996,42496
SRR20869088,59427
SRR17282629,218110
ERR718578,111932
ERR1407592,258
ERR998216,52834
ERR202527,1868
SRR6020410,2286652
SRR6655266,15493
ERR1099435,202116
SRR10126177,17074
ERR1216457,121516
ERR1426833,147796
SRR13979097,901035
ERR960769,1286
SRR1062583,18424
ERR1218366,189688
SRR2567883,80080
ERR2723055,34408
SRR10974064,55892
ERR1891723,664
ERR1888324,251768
SRR8928903,5048
ERR1204309,140830
ERR2154714,61160
ERR1415382,104036
SRR2392484,1835810
SRR6469869,113192
ERR1888486,577026
SRR17497218,192150
SRR3113935,772610
ERR1427021,762428
SRR22968688,160160
SRR6793268,198750
ERR1426961,793764
SRR9198929,32724
ERR1892093,84168
ERR1373556,31740
SRR10902875,1551976
SRR1872622,55292
SRR13115081,1017722
SRR6784681,478902
ERR202576,414
ERR1475850,45030
ERR232291,50154
SRR10151953,139948
SRR7535441,20566
SRR11302807,56
ERR959116,1118
SRR6890852,71126
ERR1373421,22942
SRR6020364,933368
ERR853501,51418
ERR1888215,70588
ERR2723913,29116
ERR959373,134
SRR12125420,29128
SRR870913,118946
SRR633516,544168
SRR6654275,106676
ERR1416132,44456
SRR7789564,10734
SRR11214415,520760
ERR853597,51298
ERR1889092,86788
SRR17831295,300550
SRR12170032,248948
SRR6908648,1230
SRR9050621,944311
ERR1407610,24034
ERR1888817,38080
ERR1427022,753452
SRR1872720,15748
ERR525369,113204
ERR667494,37416
ERR1216514,97668
SRR5879410,100232
ERR1889132,34756
SRR17709723,159212
ERR1374152,4176
SRR5921129,274927
ERR1204616,130952
ERR1888719,117790
SRR11303240,210
ERR1757689,22294
ERR1442816,15314
SRR12874652,178248
SRR13074817,43126
SRR18063381,372392
SRR870732,19254
SRR12194860,387270
ERR1108508,299870
SRR6469707,236136
SRR7751611,307802
SRR6654321,17798
ERR962971,282
SRR7789595,15098
ERR1124428,324024
SRR12023708,254252
SRR11303090,135
SRR22805218,209220
ERR926041,2796
ERR1730828,22074
ERR340730,184802
ERR1407605,24420
SRR2751008,267497
SRR10151791,21654
SRR12037465,11930
SRR10126289,29079
SRR18788794,174650
SRR9198882,4454
SRR1872780,22936
SRR10974062,60698
SRR6268124,37084
SRR6268128,32557
SRR6289767,68946
SRR7662014,42204
SRR16768272,325822
SRR12436817,46744
SRR10151891,39162
SRR11773516,914574
ERR1374486,28670
ERR959839,18
SRR6655248,11088
ERR667630,50576
SRR5605448,224760
ERR1416049,23782
ERR977580,3059594
ERR667396,33322
ERR1216355,127822
SRR1062649,19153
ERR737735,114096
SRR11955188,597842
ERR1124447,274456
SRR8559985,209190
SRR19661799,164578
SRR8106312,313656
SRR1531453,4128258
ERR406897,68643
SRR9198805,9348
ERR667618,40228
ERR718566,86802
SRR13360751,411911
SRR17818766,145482
SRR1914395,1534462
SRR6469725,144500
ERR1414896,85726
SRR7789627,8427
SRR11303132,113
SRR12287389,105974
SRR11114794,84528
SRR11303276,192
ERR738295,66344
ERR1442569,20512
SRR8706243,1315562
SRR8788686,990712
ERR1414840,63684
SRR2225675,117270
SRR12661568,70158
ERR5017656,251331
ERR959196,8392
SRR8788704,866276
ERR1662949,454342
ERR960085,4932
SRR1021214,300300
SRR10070791,297442
ERR1889051,201502
SRR8928723,216718
ERR962975,58790
SRR9610847,294192
SRR6654709,14096
ERR999277,110
ERR2723668,74262
ERR853815,42280
ERR1415395,84134
SRR10117538,239797
ERR1215803,233242
ERR1252202,18208
ERR1122669,202092
ERR998289,25834
ERR1889159,40358
SRR12661825,75641
SRR6908616,21062
ERR998357,37396
SRR6250092,172598
SRR1872531,152780
SRR13979056,94242
SRR835155,4848
SRR7292732,158786
SRR580558,501
ERR1216525,124878
SRR11114799,286118
SRR2027907,71109
SRR10151931,41546
SRR6025612,548624
ERR959370,26930
ERR1099574,104014
SRR8441456,232898
ERR10047709,234352
SRR11801338,139718
SRR12037504,219267
ERR1251943,14336
SRR9728709,551078
ERR1416046,39680
ERR670977,57992
SRR3228705,62648
SRR11263279,261978
SRR6654255,25018
SRR10070696,85546
SRR8599810,717338
ERR1858125,30736
SRR13724958,1675556
SRR16299320,9717
ERR1730570,5512
SRR6655003,9101
ERR1416030,24398
SRR1872044,41484
ERR1821494,25278
SRR6654393,19505
SRR9077094,204752
SRR11773517,493966
SRR10948887,137996
SRR13705397,187106
ERR1373700,53518
ERR1216925,538864
SRR5382014,125616
SRR11303377,225
SRR1062459,32093
SRR1555541,5625
SRR6268045,33745
SRR10868218,227588
SRR6268191,577711
ERR1373598,55016
ERR697949,52168
SRR3381787,170216
SRR6654993,5270
SRR16768274,335444
ERR2146894,823374
SRR7119856,18735
SRR10117567,245505
SRR6468802,78028
SRR13234649,24706
SRR13998092,456516
SRR10204636,867272
SRR5809474,70536
ERR1621508,21840
ERR1857736,486
SRR7535400,34372
SRR10153632,320388
SRR7883093,30045
SRR11577259,50973
SRR7789553,8032
ERR871329,307112
SRR13039585,137550
ERR1415157,52080
SRR6908634,10844
ERR1891728,70550
ERR968049,122
ERR2146975,239496
ERR2723892,39046
ERR1374595,11370
SRR3231326,8117494
SRR12194958,528884
ERR1216539,84226
ERR1621441,55564
SRR658544,163795
ERR1426946,624372
SRR7612999,294422
SRR5893104,20226
SRR10863016,379550
SRR8054401,485232
ERR1374450,18534
SRR1872280,16022
SRR2750973,358242
SRR17714675,274470
SRR14285948,220663
SRR11206288,66818
SRR12474659,1090696
SRR10070584,42412
SRR7015884,1839816
ERR1475778,16048
ERR1888881,276976
ERR1442690,13336
SRR6468995,52440
SRR7299197,211375
ERR2154709,33462
SRR2013984,432686
SRR13388652,842204
SRR10887528,357478
ERR1108838,222082
SRR10117549,415031
SRR9849280,326244
SRR6469780,101998
SRR1821801,441108
ERR1442700,10526
ERR949673,168
SRR8811902,50917
SRR658534,159051
SRR7444126,644456
SRR9669992,80001
ERR1216060,87446
SRR1871869,12162
SRR11302860,794
ERR7131129,277646
SRR16299201,3763
SRR1872266,25546
SRR11869116,29516
ERR4910711,497121
SRR10125965,34012
ERR590796,29958
ERR525395,53428
SRR14272176,353565
SRR6176671,58607
ERR1108759,118300
ERR1821513,27754
SRR8928849,5492
SRR21675904,482680
ERR1889005,159068
ERR1475725,40572
ERR1205277,133064
SRR1872943,27644
SRR5820061,262158
ERR525381,56412
SRR13015613,451354
ERR1757483,31282
SRR9622317,236419
SRR5931561,165207
ERR1857898,29564
SRR9198984,9638
DRR067142,527388
ERR202523,26881942
ERR1475659,39044
ERR1218449,184066
SRR9692051,318860
SRR8928843,32394
ERR960151,6318
SRR10126055,12181
SRR7662164,14506
SRR6469544,49152
ERR1889414,104600
SRR8811911,70737
SRR10117532,242013
ERR2723682,161880
SRR6652900,856406
ERR1692470,92744
ERR1396915,7802
SRR6176662,78915
ERR2723651,399130
ERR1821900,20282
ERR1426814,161280
SRR17691945,202488
SRR5127976,131094
ERR1892070,100402
SRR6384885,387370
SRR6250193,54516
SRR15813429,132304
SRR12661627,45094
ERR7131158,305748
SRR8106325,345382
SRR12432919,126752
SRR6654861,8532
SRR1872371,34952
SRR11186459,591608
SRR11302655,100
SRR1554489,1494824
ERR1889406,255138
ERR1216585,35518
ERR959498,100
ERR1889128,6112
SRR11427449,203650
SRR13074840,10088
SRR13979051,114771
SRR14367979,1043721
SRR12170030,326728
ERR1416073,27368
SRR519725,2500628
SRR8799026,215768
SRR12661692,342472
ERR962982,412
SRR9610835,884833
ERR525352,51516
SRR8883879,199116
ERR517900,63542
SRR5805891,181884
SRR6289706,83684
ERR1414803,16712
SRR12194908,304170
SRR12661574,89869
SRR8106676,37850
SRR5810817,2696
SRR12023698,1143478
SRR8106291,133034
SRR6654938,11144
ERR925730,75958
ERR2723898,24276
DRR189391,131237
ERR1757741,25082
SRR2834939,132132
SRR13176119,1244330
SRR13234643,16190
ERR1205309,68
SRR7268832,100872
SRR2541824,95546
ERR1099451,178560
SRR2835256,96972
ERR9077173,55579
ERR1426779,133918
SRR11039788,154110
ERR998194,82
SRR12103769,195254
ERR2154659,62188
SRR21518670,3242784
SRR13211994,361540
SRR7410448,269470
ERR2723310,44900
SRR3544821,23848
SRR6654842,10036
SRR8106572,40874
SRR1062278,95585
SRR11302924,85
SRR6250174,109682
ERR1124753,157756
SRR797911,135951
ERR467072,76988
SRR6654340,42321
SRR10182215,176988170
SRR1062483,32830
SRR10836799,349740
ERR2154796,24750
ERR1621539,63098
ERR1427017,1195564
ERR960601,3880
SRR15831120,412754
SRR6908370,260186
SRR6654962,6380
SRR7661989,31174
SRR12623495,346197
ERR4910729,229796
ERR1730700,22580
SRR14915988,93151
SRR2989573,349744
ERR999405,62
ERR1427008,843794
ERR449274,86996
SRR19117214,1504724
SRR5893148,1114
ERR525367,87938
SRR13559187,171826
SRR14551649,5311636
ERR1216731,84640
SRR10126220,54911
ERR1067164,365288
ERR871468,246
SRR10527614,1217212
ERR999382,33784
SRR13938359,66238
ERR1108049,134454
SRR10863038,171626
ERR1122670,168876
ERR596667,29002
SRR2968462,1954906
SRR13724913,856626
SRR1821799,273418
ERR1069138,652516
SRR3143894,441339
ERR1888826,72656
SRR10151859,65496
ERR7132865,408142
SRR5810830,1572
ERR1205305,38
ERR1124588,768784
SRR6654898,8558
SRR11114795,58936
SRR9850677,14988
ERR959568,6774
ERR1215878,492
SRR5312200,148123
ERR1821897,21354
SRR1872680,22012
SRR13447021,2560119
ERR1395829,19166
ERR697885,77262
ERR1442728,12420
SRR1062806,20154
SRR10058765,267006
SRR6469267,44560
SRR5893070,1530526
ERR1414952,44986
SRR835169,7753
ERR962969,338
ERR1396930,129346
SRR14710785,203766
SRR9674278,138380
SRR8787718,44038
ERR854857,206850
SRR11213714,83924
ERR1889465,995100
ERR959883,774
SRR13339168,213678
SRR10323886,1568732
SRR8526619,163782
SRR11206267,53546
SRR1872643,11522
SRR18885365,415426
SRR3923229,183735
ERR2154653,426888
SRR17077499,311694
SRR6655237,114
SRR11519054,134181
SRR6655032,9457
ERR667373,24376
SRR6507303,31688
SRR14326889,30626
ERR1395875,31220
SRR16905262,685766
SRR13938386,156844
SRR5418458,11008
ERR1215550,205854
SRR1062208,37254
SRR8735318,541976
ERR1124827,541938
SRR11359865,372439
ERR1816526,23328
SRR6468754,85512
SRR12194930,504910
ERR273884,3934
ERR1374649,4428
ERR1124673,376944
SRR870783,94876
ERR2146963,231732
ERR718657,97250
SRR10070811,131728
SRR5817923,2635922
SRR12125376,29958
SRR8591315,243856
ERR1251950,14898
ERR1621412,22654
ERR1821862,21212
SRR12661694,281835
SRR11302752,73
SRR10151899,37850
SRR10070622,109066
ERR1408852,94380
SRR1794625,125852
ERR1888285,34146
SRR6655301,5311
SRR17654919,297318
ERR3266348,27078
ERR1426912,971382
SRR6289799,69732
SRR14217565,115893
ERR1215927,184194
SRR6289724,76048
SRR10222483,539140
SRR12180098,278312
ERR853688,43774
SRR6250351,100852
SRR21966812,230424
SRR8115440,187196
SRR10126139,6453
SRR10393512,12645
SRR5320524,1840306
SRR6215417,319060
SRR7942622,61561510
SRR7297839,550431
SRR12070799,30532150
SRR7041874,198887
SRR392973,207399
SRR11303281,387
SRR11302782,44
SRR13076840,83315
SRR6908645,1992
SRR11303205,72
ERR1108825,98186
SRR7535423,95537
SRR11427333,204608
ERR962930,314
SRR870855,117971
SRR6020319,9668114
SRR7892005,20084
SRR18124372,132648
ERR2723004,315474
ERR1373584,60652
SRR9198881,5945
SRR14679147,154632
ERR1407622,18838
ERR1821606,22720
ERR1397057,19472
SRR8663328,63594394
ERR1620418,403892
ERR999476,106
ERR2723717,97166
SRR16676620,310128
ERR1889032,193208
ERR1621401,50352
SRR10990403,211592
SRR5099111,44252
SRR10988544,106404
ERR1757670,28948
ERR1414809,30100
SRR12899700,1181844
ERR1374332,5060
SRR10490667,11128
SRR10058767,482150
SRR1062613,18477
SRR372802,91042
SRR6232245,293566
ERR1203488,229618
SRR15910174,165893
ERR2723665,61140
ERR596585,40800
SRR886449,439252
DRR084192,87644
SRR10070794,5654
SRR10117540,252453
ERR590739,40282
SRR5921091,294119
ERR780076,138020
SRR16299278,49076
ERR853624,61578
SRR12037458,13225
ERR1396968,227408
SRR14217578,96931
SRR9674253,124522
ERR959705,7136
ERR667600,45600
SRR11302972,160
SRR11302544,218
ERR1475728,38994
ERR871341,246
SRR3679522,301242
SRR3018742,281751
SRR7764529,802320
ERR1475474,25562
ERR467081,72832
SRR519737,1608240
SRR6468799,77796
SRR7089634,946924
ERR1216489,35352
SRR11926636,88102
SRR12037389,17128
SRR6176731,103695
SRR6289769,58030
ERR657525,61874
ERR1374316,2142
ERR1821534,21308
SRR1871941,10772
SRR18063812,545908
ERR780066,81538
ERR716923,94600
ERR926025,296
ERR659849,90558
ERR1757611,21478
ERR716904,177302
ERR1857581,29076
SRR20083919,355382
ERR232295,240318
SRR12892306,1597012
ERR959169,8942
ERR1821695,22596
SRR10151660,67452
SRR6289749,100742
SRR12661621,49691
ERR2723514,288172
SRR10887486,314920
SRR12160592,210126
SRR6176739,97424
ERR1205255,376
SRR8599807,1059414
SRR870912,131658
ERR718588,68874
ERR1730728,9736
ERR1621565,20848
SRR15376935,5907912
ERR871526,160312
SRR6020371,17566
SRR10887599,190346
ERR1427234,633726
ERR1251915,15196
SRR10126267,9465
ERR1414849,56610
SRR6025594,328344
SRR18192273,165978
DRR162542,44206
SRR1872118,30368
ERR830306,191010
SRR16195505,116862
SRR2146370,76070
ERR1621513,59244
SRR10586541,133444
SRR11303143,196
ERR780084,122168
SRR9198781,6109
SRR8106557,17862
SRR10887561,187258
ERR1821928,22290
SRR17530166,481825
SRR9198879,7702
SRR9944756,774624
ERR2723533,116876
SRR6469711,93328
ERR2146936,287216
SRR5639265,2761372
ERR2723151,34788
ERR2146886,812872
SRR12998955,190140
ERR1620405,199208
SRR3231316,6087712
SRR10040085,1574784
ERR999445,91850
ERR667445,41382
ERR2304209,517460
SRR6469055,43224
ERR1204338,125712
SRR6814892,145324
SRR2239191,145057
ERR959922,76
ERR1730625,11914
SRR6250211,3336
ERR1410202,75518
ERR667572,54802
SRR13115080,1268164
ERR4091972,310268
ERR6690614,543493
SRR12436819,63853
ERR8517039,175510
SRR17900895,230750
SRR8106266,691666
ERR659792,104286
SRR836193,276219
ERR1857686,544
SRR3166929,117434
ERR657594,101278
ERR1373632,63006
SRR7154528,38284
SRR6249960,44060
SRR7268880,81302
SRR800037,483578
SRR11542117,140681
ERR1427193,1156486
SRR12436834,119163
SRR7268883,82240
SRR5810859,786
SRR5605445,252738
ERR1857665,23766
SRR658543,221620
SRR6784675,495282
SRR15813419,215505
SRR10490656,8496
SRR835173,80920
ERR1395882,1406
ERR830278,545264
ERR1857836,1882
ERR853682,69392
SRR9331661,215206
ERR755687,265294
ERR1415070,1682
ERR1858009,29398
SRR11869106,42086
ERR1427025,983018
ERR1216378,94974
SRR11519047,124529
ERR1215555,212872
SRR13381332,972112
ERR1426811,231882
SRR1531458,1577142
SRR11140707,200488
ERR1397030,29920
SRR10863029,149340
SRR11519050,117752
ERR2862354,2093016
ERR871546,173350
SRR14915975,85631
SRR8928737,135266
SRR11302427,240
ERR1204594,139838
ERR1252143,19190
SRR9674336,931428
ERR1374608,4312
SRR7886614,1403869
ERR2723548,121082
ERR1857942,30272
SRR1062744,124610
SRR10836780,249686
SRR7613127,513074
ERR959954,4380
SRR5921095,265820
SRR6655368,5330
SRR12340463,1344724
ERR1889162,28564
SRR15910157,174612
ERR1889151,97884
SRR12661715,38082
ERR1414806,22674
SRR6468942,59520
SRR6268125,29766
SRR870821,143198
ERR1821929,24088
ERR1215684,204934
ERR1373652,50932
ERR1124599,176538
ERR573453,37620
ERR1215896,250206
SRR1872788,24770
SRR1821837,327032
ERR202581,2510
SRR16894978,421408
SRR3581675,510236
ERR960931,308
ERR1216770,21808
SRR1531466,288288
ERR1374646,3484
SRR12037422,13175
SRR18042675,143506
ERR960002,12
SRR9850670,13597
SRR18788788,195736
SRR11303299,138
ERR1124474,583122
SRR1872960,9550
SRR12037384,32330
ERR1426871,505872
ERR1730514,26690
SRR7299172,167934
SRR14340357,9746
SRR7789571,13203
ERR1397017,5422
ERR1888269,80858
ERR853552,41638
ERR853529,40482
ERR1821974,27848
ERR1888813,37038
SRR1062720,20619
SRR3231312,2177932
ERR1821533,21028
ERR871481,398
ERR1216710,65264
ERR959594,496
SRR11917472,258408
ERR1620448,388996
SRR2146351,37106
ERR340736,194232
SRR13429040,419412
SRR3166928,226336
SRR6654677,14462
ERR525383,60456
SRR6020439,29483820
ERR2723410,81028
SRR7789528,9128
SRR10958341,267048
ERR1442634,15426
SRR13565149,272496
ERR737731,105410
SRR7244618,154688
SRR15626570,317728
SRR11114778,84324
ERR1216469,32578
ERR1426816,144622
ERR3489854,121198
SRR4734152,174534
SRR7268855,110708
SRR17968073,454746
ERR959429,508
SRR870779,111256
SRR3083685,491496
SRR8784483,18534
SRR11213716,70453
SRR3932211,196596
SRR11302551,134
SRR10902600,155694
ERR590747,45730
SRR11684025,337050
ERR1122763,121858
ERR853684,42596
SRR12661809,70873
SRR8944755,988920
SRR16494151,187122
SRR15663230,188744
SRR5520640,270762
ERR2723872,25716
SRR6250343,108428
SRR7410427,120702
SRR6469171,139598
SRR8883768,8664
SRR8787788,64906
SRR2145843,148616
ERR1442851,13204
SRR1872016,16086
ERR1888205,302950
SRR22270148,229674
SRR3381799,204624
SRR3083708,134492
SRR17026705,285428
SRR7905388,350062
ERR755678,111996
ERR232348,15646
ERR1215994,113916
SRR1872399,37542
SRR13319608,344784
SRR1035980,144064
SRR6469789,50392
SRR7444120,600438
ERR1821632,21218
ERR517894,56888
ERR1396914,152752
SRR5006041,1745644
ERR4648711,97974
SRR12999270,2421050
ERR689874,52086
SRR15413362,809130
ERR1416122,56810
ERR1858098,27026
SRR1565808,215441
ERR1692629,80724
ERR1821647,21294
ERR657519,54500
SRR8315380,322400
ERR1108077,110432
ERR1204575,109268
SRR6654556,16419
SRR6289822,79196
SRR5810731,360
SRR17691941,136935
ERR716902,216802
ERR1415362,79258
SRR5893047,601574
SRR4017367,1391054
SRR9199019,3766
SRR22561325,281908
SRR12661697,54022
ERR960988,34
SRR1872230,38888
ERR340748,295978
SRR5270233,244390
SRR11302793,48
SRR1871967,19364
ERR1692505,68316
ERR959097,2
ERR1427196,655694
SRR10863033,224864
ERR2723907,21354
ERR1757440,4324
ERR1757498,22138
SRR3679513,440362
ERR1821700,20664
ERR968130,276
ERR1889284,144732
ERR1415083,1156
ERR2723589,168042
SRR6654956,5849
SRR7757826,197460
SRR6049696,4883864
SRR6289801,58534
SRR11303214,38
SRR21420709,210584
ERR1395872,100
SRR14923995,71526
SRR7145922,833530
SRR18192309,800386
ERR1373467,19118
SRR7268934,137804
ERR1216530,68764
SRR5485639,139347
SRR6249985,49012
SRR8244103,160172
SRR13015628,645568
ERR1442738,12734
ERR1252072,14044
SRR7905379,1762742
SRR6144813,19517
SRR1062532,33811
SRR11427394,1873292
ERR1857676,30478
ERR1122807,99998
ERR1821699,22116
SRR8591314,167161
ERR1216331,150448
SRR6654937,11091
SRR18687234,120170
SRR6654413,62807
SRR15048130,141916
ERR959520,1280
SRR10151753,78124
ERR718610,94354
SRR13602442,275390
ERR1692589,55146
SRR9692022,281308
ERR1251894,20828
SRR11302927,788
SRR8244083,150811
SRR11080808,380436
ERR1215814,201140
SRR7789597,12627
SRR16299384,18495
SRR10550551,118619
ERR4029216,117908
ERR667439,24646
SRR9050627,870663
SRR9610848,213344
ERR737730,100058
ERR960397,5832
SRR12313636,192436
SRR5810703,1494
ERR405181,97344
SRR10126170,16069
SRR12874641,131682
SRR16299414,10303
ERR1374699,49382
SRR1555590,6441
SRR19641880,332542
SRR2013982,298272
ERR1108547,265726
SRR10151599,65118
SRR13594983,118670
ERR517959,60856
SRR14851105,292329
SRR1062508,32687
SRR1735290,102628
SRR6654959,7326
SRR6250173,222594
SRR9182364,523416
ERR780101,109442
ERR1816555,19114
SRR22525918,388338
ERR657552,110408
SRR18192305,181426
ERR1858091,30646
SRR11039803,171034
ERR1730622,50592
SRR1821826,184580
SRR8928759,168890
ERR1888963,256976
ERR1216115,124378
SRR15600958,73338
SRR1555583,1252
ERR998292,13382
ERR1216510,127012
SRR12661540,79725
SRR6250183,102338
ERR2723532,91018
SRR3231339,2953552
SRR11302525,92
ERR1857666,21794
ERR1857711,33242
SRR10974043,59630
ERR1408856,286
SRR12874639,131610
SRR6268108,32846
SRR8383266,5021
SRR18192287,441280
ERR1099509,115566
SRR1205159,150107
SRR6072792,319960
SRR8945521,194104
ERR853732,51236
ERR582883,308
ERR1124915,611864
SRR14924011,22989
ERR1124647,217132
SRR12070796,33893324
SRR5004955,913710
ERR1888478,553816
SRR1062485,33163
SRR10887613,180684
SRR6652904,661336
SRR516138,38750
ERR1442623,16066
SRR12125391,52185
SRR11302557,110
ERR2723155,18356
SRR7292749,144055
SRR11302876,124
SRR9728719,623414
ERR1252092,18130
SRR6469457,100808
SRR10974100,57374
ERR1414826,73942
ERR1205324,214570
ERR1205245,64
ERR1125074,646958
SRR11140706,203920
ERR1889588,37370
ERR959417,496
SRR10126211,10963
SRR13242473,28055
ERR960812,3434
ERR1620584,132618
ERR1216147,108664
ERR853607,41564
SRR22270150,172592
ERR949652,116
SRR6261597,2012976
SRR997334,678066
SRR12764351,304656
SRR15362158,527187
ERR667440,18228
SRR17183786,20006
SRR1062225,22071
ERR2723639,221048
ERR1888578,415992
SRR16299558,11950
SRR7154527,36538
ERR1620473,307372
SRR21773954,116934
ERR2722998,242124
SRR18516703,461070
SRR6654265,24288
SRR749512,361857
ERR960462,1126
SRR7410470,135868
SRR6468981,192900
SRR402758,31952
SRR12194904,514089
SRR10151625,42958
SRR6289690,64502
SRR20363379,390402
SRR6249976,62238
SRR10887516,210324
ERR1621438,57136
ERR2723945,30350
SRR7699095,293931
SRR11302316,144
SRR10070612,81748
SRR578915,36959
ERR926057,232
SRR6468816,74606
SRR10151638,7702
SRR5810804,2536
SRR13866625,170851
ERR871447,139942
SRR6469678,36900
ERR1821797,25076
ERR2723405,10484
ERR1888579,406900
ERR232340,772038
SRR11214384,593804
ERR1416129,56378
ERR1124902,654478
SRR12194895,324140
ERR1621398,51778
ERR1215565,26
ERR1374698,18704
ERR1816532,24220
ERR670985,57488
DRR032755,131513
ERR1889134,31186
SRR6655055,7436
SRR7154529,35863
SRR7008287,35920
ERR960347,548
ERR1427194,839332
ERR999473,40
DRR162539,36934
SRR6469395,71308
SRR20869100,96481
SRR6251111,8567
SRR6908678,23128
ERR1888559,574020
SRR18687231,122560
ERR1427328,790832
SRR10836766,187072
SRR10887488,124248
ERR716870,152632
ERR1251902,9550
ERR1692624,50080
SRR1708348,142664
SRR3679511,303592
SRR6289716,73206
SRR11186468,248544
ERR4648690,83940
SRR6152620,135713
SRR7410375,131484
SRR21675908,193718
ERR1205384,192
SRR6250359,114364
ERR1374295,8766
ERR1889503,54618
ERR958780,23624
SRR12185265,271636
SRR1872641,5856
ERR853599,47490
SRR392986,43535
ERR1662947,3094
ERR1216483,29594
SRR10990407,608098
ERR1108757,83092
SRR17691949,248550
ERR2723114,33466
SRR8106277,162664
SRR998919,30009
SRR870915,79216
SRR5810944,11062
ERR697955,53048
ERR492335,70828
ERR1857909,28444
SRR10126047,10936
SRR12070806,29903044
ERR1407620,132
SRR3355803,90394
ERR667597,41968
ERR1373476,13056
SRR7662119,5739
ERR718586,93160
SRR1062623,18126
DRR162516,76108
SRR8883787,361144
ERR659979,111478
ERR2723471,175988
SRR7883078,26234
SRR13697040,586282
SRR11874787,95308
ERR697903,38604
SRR8784497,14169
SRR12876843,514654
SRR9198915,195334
SRR1872870,10578
SRR14703454,20122
ERR1888428,151718
ERR1204448,347070
SRR10990419,796266
ERR1888594,910320
ERR1374686,33328
ERR2154637,134226
SRR8106341,333504
SRR11302969,41
ERR1888429,175382
ERR1888580,528342
SRR9198901,8037
SRR8526641,108352
ERR737722,114534
SRR6654400,21649
ERR959755,16
SRR14217596,91783
SRR10127675,218856
SRR8787753,98128
SRR8106408,14404
SRR11427353,352990
ERR1251972,15518
SRR5520629,273894
SRR10070733,119540
ERR1216402,95508
SRR7535439,32911
SRR8197485,222060
ERR1415368,89182
SRR6655253,3812
SRR10974123,124120
ERR737762,122732
ERR1407619,27628
SRR5087313,593019
SRR3932189,247818
SRR835161,19116
ERR1692454,8992
ERR1595123,184824
SRR6655290,9796
ERR1442698,12168
SRR16299402,7877
SRR8526652,170272
SRR10070783,458782
SRR10199504,233062
ERR960993,342
SRR9875050,89546
SRR1062795,97387
ERR1427013,1024140
ERR1415060,48680
SRR10586528,642452
ERR1892048,4968
SRR14902683,246791
SRR7762356,121348
ERR1889867,46440
SRR22805219,184956
SRR13437188,149814
ERR1215598,32
SRR13979035,98207
ERR1730606,21118
SRR1062237,59854
ERR1730529,24046
ERR1205298,52
ERR1374143,2104
ERR1857704,30788
SRR1062425,26202
ERR1373783,32754
SRR5381348,1139096
SRR1872201,9054
SRR10017652,755384
ERR963188,58
SRR13074821,19617
SRR12070769,28638134
ERR2723983,25140
SRR15831092,271434
SRR8663334,77032294
SRR1872707,23204
ERR1215960,120580
ERR1442811,15836
ERR10180591,595252
ERR1373636,61478
SRR7444129,479128
SRR6655173,29701
ERR689804,55300
SRR5810755,3226
ERR1251938,14722
SRR21518674,2252514
SRR11033803,48358
SRR11874781,87646
SRR11926676,312168
SRR17604958,699437
SRR19627917,182546
ERR2723284,143784
ERR1888604,70876
SRR7746628,43152
SRR1062295,33067
SRR9182355,340316
ERR2154762,16972
ERR594426,229778
SRR6469239,86244
SRR11302334,721
SRR2541818,128818
ERR1204434,470340
DRR162479,44510
ERR1374517,3754
SRR11302842,110
SRR8305643,688010
ERR1692506,38568
ERR2146943,465336
SRR10721217,214132
SRR15600942,227482
SRR5381351,1852614
SRR10990424,673528
ERR960093,16674
SRR12661550,76347
ERR2723939,16656
SRR12899701,1643492
ERR7132861,324536
SRR9198703,6793
ERR1414998,38480
SRR10989897,278500
ERR984481,2360
ERR659884,93458
SRR10126265,7348
ERR2724018,1438
ERR1395820,31016
SRR6654386,88202
ERR1692511,72662
SRR8106540,25704
SRR16195467,30808
ERR1857798,28524
DRR189382,196309
SRR13242479,41374
ERR1889872,65734
ERR1069075,205744
SRR5810888,474
ERR960048,6948
SRR12194803,682154
SRR5378563,140026
SRR10070650,320914
ERR596641,25572
SRR11302376,69
SRR12774413,256766
ERR1475640,36930
ERR517879,76552
SRR13242458,60838
ERR1858030,28770
SRR3923680,79530
ERR2723728,11366
ERR1888684,116712
SRR11302328,595
ERR1821916,23266
SRR6250277,123896
ERR998284,84
SRR6654526,23866
ERR4648666,76318
ERR999426,35112
ERR1889751,235786
SRR6469070,33482
ERR960987,158
SRR13979104,1623290
ERR1374461,5178
ERR1216699,71636
SRR10151635,69866
ERR1415236,80752
SRR10151631,2870
SRR870898,105296
SRR6469692,165976
SRR8270600,548479
SRR12464074,228290
SRR13646791,437094
ERR1442693,14334
ERR998421,31120
ERR517975,104656
SRR13724918,124490
SRR1872043,66056
SRR5398233,25447
ERR518007,104060
ERR1475536,44394
ERR1620545,304
ERR737784,150588
SRR5837495,232348
ERR1373542,21040
SRR6654960,7061
SRR1821834,359040
ERR1426771,432618
SRR8106260,151958
ERR659869,90120
SRR5931551,6113
SRR1062772,23415
ERR689843,89770
SRR5805908,106147
SRR11185417,245572
ERR759381,240542
SRR8811918,58816
ERR1251888,23622
ERR959096,160186
SRR18192300,304672
ERR1889288,81416
ERR1108102,305626
ERR1374361,19854
ERR1373470,18700
SRR12469186,208564
SRR5805906,39604
ERR1757562,20406
ERR1427028,424338
ERR1889441,423016
SRR5507572,290934
SRR4240534,131641
ERR925774,88808
SRR11926662,609392
SRR10070675,171270
ERR1891648,61084
ERR998279,21288
SRR1872811,21468
ERR958815,14138
SRR6654860,5852
SRR6176722,125116
ERR959603,2034
ERR659947,111812
SRR2541823,122536
SRR8883804,243156
ERR1858063,25828
SRR8811906,51157
SRR9872828,2357
SRR10070866,141092
ERR1889490,50484
ERR1374739,8848
SRR6468917,108858
SRR6469803,125880
SRR16604672,789504
SRR13938354,89440
ERR1373776,36730
ERR1475715,28646
ERR2723315,70884
SRR17400067,187634
ERR926018,294
ERR232342,1451840
ERR698017,101710
SRR10916848,86997
ERR1408836,65806
ERR659775,73674
ERR2723476,103724
SRR13724950,2497434
ERR1122743,317858
SRR13437199,236115
SRR12661757,44130
ERR1415073,316
SRR14285949,205473
SRR14217582,89078
ERR4029252,1123292
SRR870727,20071
SRR9198907,11360
SRR10887480,21494
SRR10070674,74450
SRR15242032,779378
ERR1889875,137312
ERR1215806,190128
SRR1872928,30376
SRR5817919,1896853
ERR1373639,37624
ERR1415088,39980
ERR1427080,70338
SRR5341537,73800
SRR5381356,1820906
SRR13594967,25894
SRR6469791,73640
ERR2723300,117524
SRR7613106,639885
ERR1108810,46350
ERR517890,52542
ERR1416193,64260
ERR1888244,23756
ERR1757636,17780
ERR596646,21688
SRR13673982,174468
ERR2723926,14444
SRR13789075,717142
ERR1414813,34662
SRR5163814,142504
ERR3300997,402170
SRR7662151,15374
SRR12774403,327941
SRR7789585,3516
ERR960053,7776
SRR10868209,688552
SRR8784179,1427635
ERR4910718,222216
SRR11186479,1325564
SRR1871876,9504
ERR1218462,191634
SRR22163687,398666
SRR12786068,276300
SRR7947894,6246648
SRR1732704,106267
SRR870950,201859
ERR1692615,57416
SRR8663326,51201860
ERR1692613,64432
SRR6261578,179699
SRR11427477,276374
ERR1251911,12722
SRR6469474,35698
SRR13729833,573628
SRR10914215,70734
SRR7169686,2076492
ERR659887,86576
SRR5119944,163341
SRR14710787,175194
SRR12340473,364744
SRR17731335,168790
ERR667469,28558
ERR963138,35960
ERR853656,37656
SRR5342778,313098
SRR5639268,3202416
ERR871336,260328
ERR10047712,229734
SRR17221756,1139860
SRR2567892,49132
SRR6469093,48250
SRR519741,2519072
ERR1857788,32472
ERR1216613,86592
ERR2723700,449400
SRR15910156,213698
SRR5820055,274308
ERR147028,61494
SRR870784,78919
SRR17592787,244014
SRR10126321,12686
SRR5382066,121698
ERR1426988,1124856
ERR1730733,32402
ERR958969,1012
SRR9199029,9498
SRR6654871,8445
ERR925776,61350
ERR2723719,22954
SRR12443349,886306
ERR2723098,51236
SRR8106479,28958
SRR3932198,520902
SRR12614060,636286
SRR10974139,62844
ERR1374689,58802
ERR959586,3520
SRR11033783,1409096
SRR18042699,174336
ERR1216319,141950
SRR12661553,72018
SRR5017070,3472204
SRR11785633,79478
SRR6176698,81271
SRR21758106,130495
ERR1442757,16420
SRR11303169,40
ERR525407,45574
ERR998380,236
ERR1216323,143994
ERR1216604,91034
ERR1374599,8040
ERR780089,97070
ERR780130,75986
SRR5163817,136337
SRR6654672,12618
SRR10828001,654758
SRR11263280,276222
ERR1122665,175638
SRR1531479,2052624
ERR759373,212484
ERR1252076,20120
ERR1108027,216764
ERR2723322,237930
SRR5320530,1022798
ERR3838743,105662
ERR1107972,100160
ERR853532,180858
ERR273847,3548320
SRR1872359,26822
ERR1215710,26
SRR1821848,375932
ERR958931,13312
ERR1427000,678680
SRR11303062,46
ERR1889741,249242
ERR1407580,1478
SRR6654259,8113
ERR959001,41498
SRR6020384,3000094
ERR959330,15108
ERR853696,50862
SRR6908665,262890
ERR689873,42598
ERR2146937,139370
ERR1374593,5332
SRR12340462,769966
SRR516140,38369
SRR12749591,363530
SRR5125624,239764
SRR6469433,52104
SRR8788692,2768624
ERR1374351,23470
SRR19430239,242452
ERR1408859,3372
SRR7008301,17232
SRR4375093,46646
SRR10126135,2241
ERR2723867,6030
ERR2723160,6480
SRR8591745,1041606
SRR5809479,109271
SRR7089636,792452
SRR13234674,55484
ERR1215579,46
SRR3381814,114846
ERR1216660,20730
SRR11858756,313424
ERR10180590,866558
SRR8383293,5139
ERR1888213,190516
ERR1373471,36202
ERR1888219,89206
SRR6654237,33705
SRR22443585,1171788
SRR15036073,601150
ERR1889382,199998
SRR15910150,131407
ERR959183,13310
ERR1099429,144272
SRR11427462,455914
SRR15712665,7338
SRR7264590,99090848
ERR1216333,82900
ERR1415170,71472
SRR13693856,763145
ERR1415144,36348
SRR5818004,191157
ERR1396814,2
SRR5934166,112676
SRR5381358,1885544
SRR9198721,22557
SRR6469233,62336
SRR5381347,519766
SRR12070773,26850768
SRR1872545,30
SRR2392492,958758
SRR12774365,326933
SRR11302772,30
SRR13938339,124506
ERR1216600,75614
SRR4243173,204932
SRR6469205,98808
SRR16299310,11892
SRR5810764,172
ERR960494,3940
SRR16973880,79796
ERR1757566,25524
SRR10070643,490270
SRR20869083,60096
SRR9854019,70339
ERR1416191,61814
SRR10040104,220398
ERR1757644,13462
SRR9312980,102626
SRR7268943,156272
ERR853561,41158
ERR830321,1192966
SRR1872658,19242
SRR13565159,312824
SRR9822876,1588202
ERR853455,45112
SRR13972073,64821
SRR12974162,822617
ERR1099560,100060
ERR1888178,216832
SRR5639267,3187156
SRR7662130,6140
ERR1396960,1614
ERR1857645,33430
ERR698003,102534
SRR1062342,118469
SRR11302630,112
ERR1821508,23670
SRR16299596,14799
ERR1889832,151128
SRR12888601,1914766
SRR13528190,933740
ERR2723193,328
SRR12469173,211244
ERR1427304,1017350
ERR998394,92
SRR6652902,265466
SRR1062797,97068
ERR1124500,719160
SRR17818763,330448
SRR11427310,196516
SRR12141808,79442
ERR716734,56078
SRR5810864,1122
SRR8784182,247570
SRR1062211,37030
ERR1099420,132862
ERR1124890,565228
SRR5520645,235997
SRR19764262,1405650
ERR1216171,120084
ERR1426809,132280
SRR16388449,1436378
SRR10070600,160390
SRR8106406,27220
SRR6468741,61218
ERR1373586,89288
SRR9198863,8149
SRR10204635,843144
ERR2146953,676806
SRR9854029,308549
ERR659831,60570
SRR1872946,26404
SRR9849858,1401014
SRR6345658,673580
SRR7292740,157992
SRR7008299,39474
ERR1857887,34184
ERR1730678,31252
SRR11874800,79222
SRR11303016,154
SRR7942617,456132
SRR9198790,4267
ERR716928,122302
ERR1204524,67698
SRR10887512,220800
ERR1857615,33358
ERR1218325,213658
ERR1414953,41228
SRR18042696,156906
SRR8377207,36738
SRR14213392,56797
ERR959363,12
ERR1407569,22304
SRR12672473,99961
SRR1872689,15018
ERR2723141,49434
SRR10040067,866448
SRR13724984,1620060
SRR6890883,258529
ERR1374745,8604
ERR959176,58508
SRR12712224,144836
SRR6654238,28165
SRR17547531,33882
ERR960198,5952
SRR6468916,26260
SRR8883723,39682
SRR13594962,6176
SRR17349042,175894
ERR1426815,120048
ERR1888134,99548
ERR3266350,27520
ERR9077179,57540
SRR1062429,26976
ERR1730778,26912
ERR1204341,126018
SRR11427427,400018
ERR1374400,8438
SRR6507312,18540
SRR6250267,95992
ERR830344,220878
ERR1396958,2446
SRR6654798,15030
SRR10070807,193968
SRR13234610,697551
SRR1555530,2732
ERR960452,3852
SRR6654846,7000
ERR1251969,14416
ERR1099525,145440
SRR9119509,1727174
SRR14428579,164023
SRR11302383,174
SRR9825127,70615
SRR1062741,122368
SRR8788664,607224
ERR1621589,19560
ERR202611,950
ERR1218450,196508
SRR1569498,103888
ERR2723650,429036
SRR15626549,263032
ERR1888546,397498
SRR13327933,355824
SRR1821802,440228
ERR959156,2162
SRR3086895,170746
ERR1374518,23518
SRR1062369,114619
ERR1730675,28254
SRR6289790,86538
ERR1125013,456534
ERR958955,350
SRR1872615,58
SRR6231893,1828788
ERR1730726,29808
SRR10550550,106424
SRR3231297,3559742
SRR15036084,383571
SRR10126039,14111
ERR1373503,22660
SRR870833,165938
SRR1004788,205254
SRR6289702,83440
ERR1408788,66984
SRR15338435,338638
SRR11302656,67
SRR12659577,302262
SRR16991903,1169932
SRR6908358,331186
ERR7720665,650792
ERR1821961,21506
SRR12182182,247356
SRR11302818,94
SRR5341534,124804
ERR659776,109138
SRR18124378,152626
ERR1889843,68228
ERR1216533,972
ERR1621384,55852
SRR11811475,3060276
ERR1889599,1006
ERR1889228,103510
ERR1889331,181922
SRR13912632,352674
SRR9707997,99358
ERR1431999,144102
SRR7119853,48396
ERR1889174,49340
SRR7613108,368865
SRR3932184,284044
ERR1124933,699810
ERR1757524,25622
ERR1889203,501018
SRR1039864,951969
ERR1373782,38668
SRR14060977,355890
ERR1889814,50322
SRR11213695,86089
ERR960303,14322
SRR13015606,675698
SRR10150436,41468
ERR1475560,44632
ERR697878,74762
SRR21228029,96146
SRR11427478,305874
SRR13242475,36279
ERR958875,26152
SRR10117557,216948
SRR9728702,366090
SRR8526613,121400
SRR6176612,2203736
SRR7892008,26502
SRR6261602,122765
SRR6267981,1167126
ERR1891750,60474
SRR1872510,204366
SRR13724971,2057974
ERR1889616,129390
ERR1821881,22394
SRR11302825,1074
ERR1816545,23678
SRR11856749,217432
SRR5485637,233425
ERR2723295,431736
SRR3231279,3652516
SRR11303018,107
ERR1108817,254904
SRR16768273,370310
ERR1099467,108302
SRR12194966,589496
ERR1108058,158466
SRR13381335,735842
SRR11874784,108400
ERR959071,13046
SRR12340467,1231444
ERR1442820,13512
SRR5113046,145780
SRR15498140,77891
SRR2222835,113248
SRR7942607,686320
SRR14693494,132392
SRR12060550,8147
SRR10126231,34350
ERR1204499,135008
SRR1872403,27296
ERR959389,32
ERR1396849,11420
ERR2723442,142184
SRR6176611,1780076
ERR871425,280
ERR1203502,183136
ERR1373623,46080
SRR10974054,324014
ERR1692631,55446
ERR960334,9468
SRR13528195,846940
ERR755705,116230
SRR1039881,649288
ERR271380,2400
ERR1475683,15256
SRR12060520,259700
SRR7292723,265988
ERR1888814,28952
SRR9198755,11670
ERR959907,3302
ERR1408830,282
SRR5921108,276502
SRR5186144,261042
SRR11603949,528374
ERR959161,2396
ERR1442649,11804
SRR1872375,38
SRR6289713,59970
ERR697961,89792
SRR9707992,93184
ERR853510,46640
ERR1888769,747866
SRR18927204,51159
SRR5058319,603331
SRR12492967,95882
SRR18935959,90172
SRR13297037,537698
SRR6654807,20873
SRR14456968,117507
ERR2723845,123246
SRR6211481,80787
SRR18192320,462684
SRR19671824,255216
SRR18352684,7819
SRR6268062,42388
DRR032762,163775
SRR1872771,34364
ERR1124470,134538
SRR10974133,60342
SRR12045004,625126
ERR2723572,158122
SRR10974028,220590
SRR12874658,147512
ERR2723205,8032
SRR18192268,152532
SRR7801962,665503
SRR870750,38925
SRR11869424,194004
SRR15999463,70982
ERR1888935,535788
SRR870975,52914
ERR2723536,40262
ERR1374794,6114
ERR853717,44328
SRR10151990,66088
SRR14428551,136038
ERR525335,58972
SRR9662017,234138
ERR1415231,71510
SRR6890847,38370
SRR8782101,5285
ERR1099389,74138
SRR10126103,45025
ERR659983,85718
SRR19594538,76202
ERR1216532,74424
SRR16299424,12032
ERR2154642,197128
SRR3932191,440306
ERR871313,288196
SRR3231310,2007488
ERR1124837,1001786
ERR960540,6
ERR1204385,41926
ERR4648665,73240
SRR8883697,196896
ERR1251980,19832
ERR1215725,190126
SRR870768,151555
SRR13646771,342006
SRR13931740,748481
SRR13191909,193513
ERR1252198,17830
ERR1108777,97404
SRR5893094,22096
ERR697977,120468
ERR1442727,12362
SRR1872861,8654
SRR9849260,524534
SRR6908692,17210
ERR1408849,87102
SRR10070614,167704
SRR12070795,31932920
SRR5810897,3496
SRR1555532,3010
SRR8632326,129068
ERR2723577,171998
SRR2239174,187992
SRR6250250,2
SRR6144829,36512
SRR11090024,48039
SRR1062365,115187
ERR960753,17002
ERR1124653,606100
SRR2959457,123544
ERR1857822,3864
SRR9325687,206248
SRR6176614,2546836
SRR10550509,92133
SRR6469493,294366
ERR1730609,22676
SRR6655362,5278
ERR960798,64
SRR7662089,16576
ERR1821578,22236
ERR999312,68
ERR667510,39136
SRR6176630,2505292
ERR1373403,38100
ERR659768,95796
SRR17982192,7261550
ERR1858064,31830
SRR1554474,1135194
SRR870973,45331
SRR1872395,27362
SRR11303180,166
ERR1757519,32180
SRR1265764,1847032
ERR4029259,677482
ERR959089,7128
ERR959258,0
ERR780082,153540
SRR15413355,1366034
SRR5805898,57849
SRR392983,213454
ERR697979,54128
SRR15813426,147755
SRR11427358,233280
SRR16299238,19679
SRR3953260,12573
SRR6655204,12120
SRR13181531,280022
SRR17745580,4652
SRR14693491,129024
ERR1821574,22690
SRR12661868,86490
ERR960891,5538
ERR1889807,62652
SRR12892307,1824342
ERR960460,3752
ERR1888386,517324
SRR11033794,40406
SRR17714696,175084
SRR9198668,8931
SRR2735225,481328
SRR3679531,372844
ERR1692623,38208
ERR1888691,214004
SRR10151644,36960
SRR9198865,10587
SRR6020368,418126
SRR3579897,292726
SRR7662040,46989
SRR8135949,216270
ERR871434,208
SRR10070738,261186
SRR6654619,9234
ERR925739,163868
SRR1872732,12420
SRR9198730,11216
SRR10887536,804954
SRR14567468,393562
SRR21119115,298646
SRR16604671,712278
SRR6176672,77913
ERR1889098,107082
SRR11303200,112
ERR716907,182536
SRR11206277,58092
ERR667481,46238
SRR12708441,449144
ERR960958,2508
ERR2723321,324040
ERR1892078,140728
SRR10344674,106912
SRR1048059,67864
ERR1416130,50866
SRR9849270,624094
SRR6374791,635874
SRR10916825,93215
SRR17630967,1936611
SRR22825757,11833606
ERR659893,100584
SRR13979093,1562571
SRR18056678,319824
SRR10126214,17989
SRR10153644,387276
SRR8106622,20882
SRR1062276,120282
ERR1621341,32458
SRR5251442,131487
ERR871319,308294
ERR871311,292176
ERR2723901,22456
ERR716724,62544
SRR13602440,280024
SRR22254569,289860
SRR8928902,55188
SRR3159078,91175
ERR1888257,2139894
SRR5893078,61318
SRR17968071,429682
SRR8784172,7522
SRR5125778,1096742
ERR1216447,86534
SRR10990410,2276952
ERR1857824,6046
ERR2146970,164074
ERR2723094,23780
SRR6469108,120320
ERR1442843,12450
ERR1216596,115322
SRR7892020,46652
SRR1872248,26002
ERR999477,28326
ERR1692491,58786
ERR1442799,16624
SRR6268054,29017
SRR13388639,1183612
SRR6250015,48018
ERR1374418,10690
ERR1108128,320596
SRR10151839,81234
SRR6829422,2045596
ERR1888525,145362
SRR6655299,4576
SRR13979060,110204
SRR6176673,58661
SRR6176655,60487
ERR2723089,336
ERR737780,122288
SRR10151643,26282
SRR3231268,3110760
SRR18049407,13470
SRR10753258,18696
ERR477369,55138
SRR11305414,248708
SRR11263442,796556
SRR10126045,20169
SRR7886635,1153947
SRR1872722,31696
SRR15338437,293484
ERR962981,47200
SRR9674252,122404
ERR1415407,92784
SRR10151658,38504
SRR10989891,330930
ERR959992,1972
ERR1415426,112328
SRR6176728,144831
SRR5810918,534
SRR19364724,1759160
ERR2862353,2107954
ERR4568374,198378
SRR8106359,42610
ERR10180589,806404
SRR13646758,397918
SRR10150443,1764758
SRR6469710,197928
ERR1215762,228280
SRR1872488,158528
SRR6908663,535248
ERR1374164,610
ERR1108197,99798
ERR853480,78180
SRR8632330,867008
ERR962985,4148
SRR21034911,177044
ERR1108110,374496
SRR11926623,136658
ERR716839,44
ERR4172795,426924
ERR1125069,600226
SRR10887545,245774
SRR2834958,124682
SRR10887594,138328
ERR1821953,23508
SRR17630942,80259
SRR10887596,916096
SRR10916838,108795
SRR6818815,351006
SRR14217722,108960
ERR1122794,86254
SRR3231295,9540238
SRR13234660,57746
ERR1414925,54180
SRR6469757,147122
ERR1124667,415406
SRR6469541,10840
SRR11186470,1323736
ERR1821738,21028
ERR1216400,148732
ERR1124840,634026
ERR1415363,101022
ERR959726,6858
SRR1872339,54156
ERR1204357,161018
ERR737693,64666
SRR15236528,257334
SRR7789567,14898
SRR9058960,1258676
SRR7154541,41160
ERR716884,205580
ERR1858100,28672
ERR1374136,3554
ERR667589,44416
ERR1108098,391766
SRR6469346,89150
ERR998287,20374
SRR6289820,79056
ERR1442658,19764
ERR1889572,43866
ERR697871,67226
ERR594445,222294
SRR1062416,25950
ERR999546,768
SRR15910169,128969
ERR999470,244
SRR5921167,313469
ERR1857750,30434
SRR13115067,265218
ERR718644,115106
ERR1757540,18598
SRR9875022,51706
ERR1620484,565806
ERR1407540,116
ERR1204279,130662
SRR12191835,285954
ERR1205351,34
SRR8706258,439734
SRR10151842,97248
ERR998300,252
SRR22420223,203592
ERR1215808,48
ERR1204318,210044
ERR2723972,32338
ERR1215685,94
ERR1216476,17374
SRR10776674,104096
ERR3446765,66922
SRR17745556,4270
SRR5443677,234153
SRR18516705,369730
ERR4902960,1759246
ERR1427356,649858
ERR340704,294022
SRR17723118,329986
SRR11302742,1097
SRR7268981,106798
SRR2136168,5252
ERR594416,211296
ERR959741,996
SRR3923665,58065
ERR998456,32500
SRR6654941,58685
SRR6289686,64548
ERR3489874,60926
ERR1124956,1280870
SRR9974563,124656
ERR2723808,61960
ERR2146965,452348
ERR2723153,29952
SRR11302538,152
ERR1108533,299370
ERR1216170,115306
SRR10151881,31442
ERR1215969,139338
ERR959583,4100
SRR12492987,108469
ERR1955208,1915656
ERR1397087,54466
SRR10126320,7903
ERR1426769,156152
SRR7535420,41519
SRR7268977,184972
ERR698000,53306
ERR1124637,438346
SRR14999371,226826
SRR12899694,250070
SRR10070852,194344
ERR1857961,26134
ERR871489,274
SRR12661716,43049
ERR716725,61132
SRR10321296,3952386
SRR7419877,46027
SRR6469155,71884
ERR1757584,31794
SRR10151872,89576
SRR7789569,10053
SRR7419882,10053
SRR10887515,172298
SRR22124140,158492
SRR6654239,24300
SRR11725209,222436
ERR596656,25662
ERR1215915,171510
SRR12786065,237040
SRR6289762,199686
SRR3086890,156663
SRR1871919,64
ERR958763,26814
ERR697930,66132
ERR959105,15624
ERR1889309,45580
ERR1373426,32230
ERR738216,76878
SRR5683300,210664
ERR1373719,61838
SRR4423745,594483
ERR999362,124
ERR830361,249782
SRR6469302,75804
ERR871558,156
SRR1265760,1937059
SRR10038913,589820
ERR1395864,78
ERR960228,3456
ERR1442707,18546
ERR1426915,825220
SRR16299477,18006
ERR1218367,215248
SRR6652910,191780
SRR9207184,181418
SRR13234638,490248
ERR1252215,17604
SRR6469269,148328
SRR9728725,478254
SRR6655043,7115
SRR1821850,300896
SRR6469398,82522
SRR8106653,41282
ERR1889750,503712
SRR12658669,273573
ERR1124938,1038104
SRR4369372,122307
ERR1107937,147500
SRR5921132,206235
ERR1889596,22720
SRR15564533,278472
SRR10323909,36164
ERR1816542,21550
SRR8735314,398036
SRR17994494,159284
ERR1205281,32
ERR1889771,95884
SRR11577242,47051
SRR15927836,658454
SRR7236656,8756846
SRR18745498,1341424
SRR1062533,32555
SRR13076839,81628
SRR11427432,400956
ERR406893,87610
SRR8788666,453502
DRR162463,44030
SRR6416896,847164
ERR959951,3558
SRR8133153,213392
ERR1816537,23272
ERR2304200,811554
SRR17218119,365278
SRR514029,2399306
ERR1442777,16632
ERR4029251,1426196
ERR4648664,75496
ERR667493,26950
ERR1427384,548252
SRR16905286,1505412
SRR6298092,295092
SRR14376445,311784
ERR1289924,29682
ERR960107,1170
SRR7699143,269019
ERR1396800,98507
SRR6250099,97020
SRR7892021,50398
SRR12283717,421738
ERR2723364,150608
ERR1821949,24634
ERR1692453,45312
ERR999291,74
SRR19897792,338550
ERR1124996,368722
SRR10126038,15511
SRR8106380,28996
SRR1554488,1525049
ERR1289936,29732
ERR959656,1106
SRR13759092,63734
SRR16518316,148422
SRR10312404,198848
SRR8811914,56324
SRR11303203,59
ERR4911023,311228
SRR12661685,46445
SRR10152017,239890
ERR999261,50242
SRR10836795,342898
SRR11114783,422902
ERR1373450,23490
SRR13374855,235818
SRR352485,17446
ERR1891649,64080
SRR11542102,155020
ERR1730680,25368
ERR1204426,304362
SRR6654820,19602
ERR1888665,73238
ERR1373613,54414
SRR19364712,1336178
ERR1108040,165080
ERR2723855,133776
SRR7299171,148478
SRR10550575,71596
ERR1427424,1056740
SRR8787781,33863
ERR1889407,217586
ERR959508,1884
SRR10956571,1110448
SRR6468897,109504
ERR1730635,11044
ERR960106,12802
ERR1124646,290596
SRR8526610,178576
SRR6268070,18012
SRR13979046,105237
SRR1872523,2
ERR667580,44334
ERR1124874,452526
SRR3207411,73098
ERR716774,159618
SRR11302871,82
ERR1415412,78618
ERR2723351,461358
SRR1872405,42232
SRR8106633,13216
ERR1692565,63020
SRR8106600,49000
DRR032754,131040
SRR2042999,78287
SRR11213687,80650
SRR6250291,115062
ERR1216779,32798
ERR1125033,595078
SRR9674326,832856
SRR5443707,88588
SRR1872139,32958
SRR12492978,95481
SRR7299187,166306
SRR11303246,647
SRR11909494,248250
ERR1215876,166
SRR11302293,159
SRR2179996,164760
SRR13972081,144332
ERR755704,126758
ERR738274,101308
SRR6268176,68560
SRR9198921,11631
ERR2723399,44228
SRR1871924,7940
SRR8106590,21496
SRR5810899,156
SRR7637829,276100
ERR963153,32150
DRR162490,78790
SRR10988549,87480
ERR958995,3540
SRR15376939,7430188
ERR232352,31814
ERR1216772,16370
SRR1872940,26114
SRR10887460,365722
SRR11243182,1918820
SRR5921189,349594
SRR6268107,47034
SRR5921145,274601
ERR871498,240
SRR12661913,125023
SRR998904,31168
SRR11427259,501962
SRR14993676,302989
SRR13181550,505896
SRR10863035,200100
SRR6469868,56008
SRR9198897,5160
SRR5893112,169283
SRR6268174,95468
SRR14999367,165602
ERR2723755,14934
ERR1396893,15826
ERR202496,7542
ERR1374528,8376
SRR10862992,146020
SRR1872013,238
ERR1414997,35680
SRR11302508,95
ERR960188,16882
SRR3470785,91667
SRR9198828,12913
DRR032760,284525
SRR5809477,82379
SRR6176742,95517
ERR1373572,33052
ERR1216554,25540
ERR1442863,19020
SRR17191194,186936
SRR6469112,92468
ERR998344,120
SRR7789620,10245
ERR1251977,15676
SRR8383269,8600
ERR2723500,98108
SRR12432923,117898
ERR1888080,252034
ERR1216020,119620
SRR17547529,34316
ERR2724007,147988
ERR716768,189226
ERR1396962,10262
ERR1427363,798840
ERR999367,64
SRR1555589,6677
SRR14217640,90764
SRR6469207,80278
SRR11303353,142
ERR1205082,2068
SRR1062226,60055
SRR6235065,375840
SRR7886637,1322872
ERR2723736,67026
ERR1858025,33182
SRR6469587,87492
SRR5639257,1991200
SRR8106603,20288
SRR10735828,108376
ERR1889100,133334
SRR10070702,150126
SRR2239190,146084
ERR1431998,33658
SRR6250273,123748
SRR10151830,93646
SRR12492971,109927
SRR13115059,399776
ERR1475590,37210
SRR2067884,424208
SRR22428434,34048
ERR1108177,184608
ERR1427376,816884
SRR5443685,147169
ERR2723870,109886
ERR411636,151870
ERR596664,24336
SRR6237744,184575
SRR1062336,98963
SRR5893097,911854
ERR963169,26
ERR871475,155486
SRR10887591,241778
ERR925788,362
SRR15813433,201423
ERR9077198,49972
ERR1475643,37010
SRR3083749,203466
ERR998318,45336
ERR1216618,498
ERR853646,39360
SRR12964275,232702
ERR1373780,39172
SRR6890846,115872
SRR8706249,1536308
SRR13979099,1665773
ERR1442715,16068
SRR12037370,14070
ERR1620518,335040
SRR8106674,15022
SRR11092485,176335
SRR20746126,689295
ERR1205251,216340
SRR10151841,100670
SRR11427316,577208
SRR12661834,67756
ERR1124465,490104
SRR7875953,500864
SRR6654288,22706
ERR1122676,163816
SRR6655608,389054
ERR1757456,11302
SRR11302359,185
ERR1046074,82
SRR1871930,9744
SRR6654474,9037
ERR1216343,140810
ERR1889555,109560
SRR10040081,706556
SRR8435105,449950
SRR8526642,103184
SRR12340453,1541726
SRR5810900,3916
SRR870799,161356
SRR19364714,1519644
SRR8936991,2517328
SRR1872112,16
ERR697985,40232
SRR13076827,77515
ERR1620581,119256
SRR10151606,65726
SRR1871898,62
ERR1889099,187078
ERR657586,80776
SRR6655112,64487
SRR10126076,20209
SRR12661624,49955
SRR16894981,340062
SRR8559981,189762
SRR1049954,207282
ERR1889273,140786
SRR13646764,328838
SRR9622321,111290
ERR1888940,419016
SRR5125783,992772
SRR2239187,180555
SRR5115728,186594
SRR12974160,335060
ERR1888523,540580
SRR6176711,138237
ERR1442699,11712
ERR659948,182628
ERR755670,222034
SRR6654491,16256
SRR3231301,1829596
ERR1107896,95174
SRR6250133,3774
SRR12194843,720744
SRR6655071,25526
SRR16299467,13853
ERR1373707,68296
ERR1374483,1644
ERR1396867,80510
SRR19086699,396730
SRR6654917,21020
ERR1889515,14582
ERR959250,1806
ERR718647,95660
ERR1108781,202638
DRR334960,7206083
ERR853551,44838
SRR11302572,1001
ERR716891,178358
SRR5934163,123120
SRR14923951,139827
ERR1888872,383212
ERR959504,1300
ERR1730572,25262
SRR15710924,165284
SRR8787785,30829
ERR1108550,316670
SRR7947897,3824267
SRR6654702,15601
ERR2723802,127656
SRR7015878,328316
SRR7875955,556790
SRR12661527,22449
SRR6469521,110362
ERR2723054,83848
SRR12436785,94964
ERR958846,18378
ERR406884,112094
SRR10125987,28101
SRR8305644,441554
SRR9674335,2055394
ERR667607,29396
SRR11302401,267
ERR667448,21822
SRR7896794,411020
SRR10126117,20009
SRR3083683,491900
SRR7664344,411844
SRR6469846,101464
SRR10117581,265733
ERR2723882,80138
SRR6469137,103744
ERR999191,43708
SRR10070575,65660
ERR1821485,20016
SRR16973884,159004
ERR2154650,197264
ERR2723625,1243384
SRR5921150,323711
SRR10887571,652874
SRR13729837,525644
SRR15600938,120986
ERR1857851,450
SRR6654832,6747
SRR5164425,162265
SRR19667654,173150
ERR582915,1842
SRR9674265,136446
ERR1124871,665432
SRR19627920,210358
SRR1062513,32312
SRR13998264,3201521
ERR1888927,354264
ERR959607,1828
SRR10126155,5829
ERR271389,148310
SRR13796908,4320932
SRR13234628,197207
ERR2146958,219428
SRR5376367,562286
ERR1216317,217198
ERR830354,189688
ERR1373733,26600
ERR960809,2802
SRR8883811,557024
ERR960895,426
ERR998432,66
ERR9077197,55320
ERR1621512,53544
SRR13724957,1692478
SRR10126303,19247
SRR15048127,60444
SRR8787793,132292
SRR12424276,405408
ERR871495,200
ERR1215807,36
ERR718633,74642
SRR11302636,19
SRR4469350,140878
SRR10887605,236748
SRR6469782,34184
ERR1427407,571130
SRR10070761,36114
ERR1692515,60890
SRR13998183,1513916
SRR6469848,141140
SRR3231307,3955928
SRR6268149,141606
SRR2735231,765290
ERR1108807,118806
ERR1821535,21722
SRR10199506,177062
SRR10126062,19711
ERR1888119,20296
SRR11590429,99046
ERR959122,10280
SRR10126068,12787
ERR960080,10412
ERR582936,1726
ERR1124611,272808
ERR1858141,31514
ERR1426887,846794
ERR1069136,430852
SRR6020428,587816
SRR6249966,55206
ERR1888496,326114
ERR659850,99950
SRR13979061,104852
SRR7789527,16245
SRR10753176,40226
ERR659786,3544
SRR11303202,93
SRR11267498,257756
SRR5342792,440596
SRR16681977,738434
SRR22163686,244126
SRR13015616,492326
SRR11926673,269158
SRR4469008,41800
SRR12492988,133593
SRR3228712,328783
SRR10510894,874220
SRR15600947,489286
SRR10070683,145400
ERR1888355,461504
ERR1204348,133142
SRR9944754,930694
ERR959670,6308
SRR11856746,138628
SRR3381727,439170
ERR960429,1374
SRR13221796,445784
SRR10151698,126558
SRR2168750,3212762
SRR8106346,145620
ERR1857900,32766
SRR12999691,787
SRR7410468,130864
ERR2723623,45236
ERR960751,572
SRR5810853,52
SRR11186413,534312
SRR10868211,415908
SRR7268970,193076
SRR6132688,180314
SRR801555,590596
SRR15691863,49454
SRR10126127,10491
ERR4968947,281218
SRR658533,159150
ERR232283,20832
ERR1857725,31566
ERR1706522,91462
SRR6784678,408456
SRR12194819,485820
ERR1620478,287652
ERR1216484,16072
SRR5952030,1240844
SRR11869099,52219
ERR1442709,16606
ERR1427367,475288
ERR1415123,998
ERR755715,258378
SRR10070698,330982
SRR8135916,173772
SRR11206270,53735
SRR5320520,681064
SRR12045005,789726
SRR13865263,152625
ERR697933,70028
SRR6814875,162466
SRR6495319,403837
SRR2751006,115529
ERR1888089,13228
ERR1204541,199868
ERR1621526,30056
SRR12037373,16587
SRR16298925,23021
SRR9692043,31918
ERR1857626,28018
SRR6908655,374160
SRR5342793,562294
ERR340693,124080
SRR7268801,106562
SRR527842,1269596
ERR1395924,3844
SRR13005706,655406
ERR1108115,371760
SRR16299001,34983
ERR959980,2426
ERR2723183,19378
SRR7008279,21934
ERR738228,102348
ERR1621635,50510
SRR11302951,62
ERR998126,53434
ERR960318,3334
ERR1374328,3200
ERR1888305,97370
SRR8526637,136186
SRR7292736,132070
ERR1215789,56
SRR15626544,253976
ERR1889796,167590
ERR716920,147966
SRR22018606,1193378
ERR1757727,13344
ERR1124684,481996
SRR8485415,22195
SRR5942264,141378
SRR7637834,531462
SRR7947892,5322721
ERR1821712,22988
ERR1395954,94938
ERR960837,762
SRR9674279,110374
SRR9850655,12849
DRR029940,129275
SRR9735173,405088
SRR13074838,23259
ERR1889031,295998
ERR1122664,225040
SRR1188151,98915
ERR998105,48
ERR1621648,1878
SRR3381729,258998
SRR1872982,146616
SRR10887498,192484
SRR13979045,91437
ERR1204503,154220
SRR10863057,1102196
ERR1821795,22416
ERR1108065,256916
SRR6469031,41886
ERR1408831,234
SRR5979252,334919
SRR5810829,1768
SRR11302993,181
SRR6250120,115034
ERR569538,1152
ERR1889502,203632
ERR1216649,120192
SRR5893143,77225
ERR1414994,37466
ERR1216611,114814
ERR1216648,19662
SRR11033824,1603708
SRR1062633,19061
SRR870741,23799
ERR2722988,29254
ERR1124648,386712
SRR8137048,213558
SRR10485761,122034
SRR7268887,100830
SRR6654739,16617
SRR10126314,16797
SRR18533999,217551
ERR1204261,175610
SRR15242030,883074
SRR9674294,108262
ERR1442749,19724
ERR582933,1526
SRR11305415,240350
SRR19086705,463280
SRR11302973,137
SRR959342,26877
SRR1062749,131878
SRR8298670,377656
ERR1888901,402318
ERR1216471,49176
SRR11303228,143
ERR959274,1336
SRR12194912,439373
ERR1069140,610200
SRR21228026,83038
ERR1410192,54070
ERR1621396,17928
ERR1069060,204324
SRR5125764,965778
SRR14930241,394818
ERR517987,93836
ERR1475827,47664
ERR1099416,110280
ERR573440,46086
SRR10151952,42902
ERR697893,41564
SRR11206268,64165
SRR10010354,136914
ERR959287,1208
ERR1374736,8898
ERR1889426,26728
ERR1374223,29774
SRR1871900,38
SRR18192290,155608
SRR7662157,16664
SRR5125202,48806
SRR17604957,72981
SRR10151829,98658
ERR1821638,24892
SRR1524246,601336
SRR18885363,498696
SRR1872458,8
ERR1374569,4594
SRR1648854,1280808
SRR10277631,204028
ERR2146972,230676
SRR6250304,8906
ERR1889458,144464
SRR10550570,69483
ERR1407568,2534
SRR6654924,8101
SRR1872604,91434
SRR9693181,310828
SRR11427298,343970
SRR15813421,301807
SRR9198843,8868
SRR1872886,12256
ERR2723515,127966
SRR1947880,93584
ERR1821842,25122
ERR958865,7524
ERR1857585,28404
SRR1872733,51990
SRR3083746,437100
SRR1872182,12876
SRR11874801,84608
SRR18296195,193234
SRR6469111,116816
SRR6469312,66160
SRR16973871,179256
ERR1426920,570588
SRR6654679,21584
ERR1889362,249982
SRR5485634,154610
ERR1730717,29116
SRR8133156,486042
SRR10827999,605966
ERR1888892,210324
SRR10151782,31012
SRR18837598,309194
SRR12037432,11891
SRR1062622,14768
SRR1265762,529533
SRR6469376,389162
SRR6654428,24818
SRR11267524,253860
SRR6652896,970612
ERR1692540,41372
SRR8787755,44736
SRR12661602,95138
ERR1373456,23578
SRR10070608,57186
ERR1759700,458102
SRR10151946,49862
SRR1062682,19135
ERR1475595,27662
ERR1821944,24118
SRR13160660,212574
ERR1218475,169674
ERR582874,256
ERR1395903,29912
ERR999302,108
SRR7252510,1001716
ERR960220,40992
ERR2154690,31230
SRR13360754,489704
SRR6468747,72936
SRR9198941,29023
SRR16298954,59543
SRR11263441,1608578
SRR11303370,275
ERR1252153,14974
SRR1872826,28630
SRR5320529,546340
ERR959915,3490
ERR2723002,265208
SRR3166951,149338
ERR1203506,171812
SRR3932213,186584
SRR13938360,82668
ERR232299,15528
SRR2735234,860462
ERR1373769,36638
ERR1426943,910052
SRR6469666,144510
ERR926036,206692
SRR11302948,152
ERR1475567,15156
ERR2723043,26736
SRR11267512,3213036
SRR1062574,19545
SRR10151687,100880
ERR959840,344
ERR1374405,15920
SRR8135920,239860
SRR5809485,22951
SRR12874651,155006
ERR959556,2366
ERR1416154,61172
SRR11302957,175
ERR960172,8866
ERR1124605,478422
SRR6289666,413500
ERR1889199,42306
ERR1888419,419330
ERR667392,28838
SRR3923687,107561
ERR6690615,697647
ERR1067184,371086
ERR659985,114942
SRR578905,71126
SRR1785167,278899
SRR6908625,9436
SRR22805213,898290
SRR10151864,95070
ERR999377,44
SRR7699142,271427
SRR1205166,144806
SRR10127641,269652
ERR1373683,60734
ERR716815,151582
ERR1099444,167438
SRR13979036,89294
SRR5809472,84749
SRR3166943,786708
ERR853591,47918
ERR4910712,170824
ERR1374776,5952
SRR10887592,158070
ERR1373749,32616
ERR1205400,102
SRR11293498,1197494
ERR1889509,15108
ERR2723454,173782
SRR17386276,498402
SRR11302442,148
ERR780039,69252
ERR1475783,31050
SRR1872428,50
SRR11926658,717030
SRR15048128,480724
SRR10126164,10487
ERR2723550,42328
ERR1889209,22804
SRR14428594,118057
SRR12429756,407548
ERR3011942,103158
SRR16298941,8895
SRR19764255,436028
SRR9854036,661720
ERR1594694,157306
SRR20002721,175064
SRR12661673,410152
ERR1821990,21384
ERR1252132,18092
SRR11302553,90
SRR5810905,466
ERR1125043,424118
ERR2146881,846174
SRR3231313,2149210
SRR13181579,415462
SRR10070568,198770
ERR1757406,6852
ERR871426,574
ERR1289945,185054
SRR8787621,51110
SRR630465,274012
ERR925699,326
ERR1107940,178560
SRR10106419,135939
SRR12774391,350112
ERR1426941,839234
SRR6250136,8820
ERR999524,86
ERR1888530,632000
ERR1889584,31490
SRR6654692,12509
SRR11302520,162
SRR6654889,6887
ERR1692578,51620
SRR15564532,234362
SRR1010330,6762
SRR2776882,124281
ERR960661,1182
SRR19638123,533218
ERR959268,0
ERR960703,28090
SRR5443697,51994
SRR5382039,93282
ERR871553,194
ERR1858071,27452
SRR3923688,107926
ERR962927,61844
ERR1203515,220044
SRR8945525,136225
ERR1889276,75386
SRR7886611,1329009
SRR527845,505930
SRR13979105,1821445
SRR9198771,3940
SRR6655356,7384
SRR5338227,8472
SRR8591738,2060704
SRR1872075,24152
ERR780135,97336
ERR1730817,25744
ERR659906,101108
SRR8914604,252656
SRR6469807,128748
SRR7746637,47817
SRR5817920,1860099
SRR16768269,284354
SRR7746640,49442
SRR14915991,99090
SRR16647483,465610
ERR1475774,25102
SRR12438040,453890
SRR8981192,212380
SRR10040068,891808
ERR2723959,46452
ERR1252020,17002
ERR963141,126
SRR17499142,94723
ERR1889343,197028
ERR1692584,36448
ERR1857848,29084
SRR6654801,12566
DRR067136,6806322
ERR1373796,29014
ERR1821810,23266
SRR14217592,113876
ERR1373543,22768
ERR959676,21056
SRR1005530,442618
SRR8928767,143756
ERR853728,43836
SRR1609744,378822
ERR1216686,24806
SRR13447012,265890
SRR9662024,453192
SRR12443338,1229496
ERR1125029,499924
SRR6468922,686000
ERR960766,5406
SRR16299379,14041
ERR1889050,183498
SRR20001187,680256
SRR1871934,27010
ERR1216385,141584
ERR1662960,506734
SRR11206272,54098
SRR10550558,72179
ERR1204333,73124
SRR13979074,1541962
ERR1692537,58370
ERR960160,8
SRR6654856,16882
SRR11148652,172124
ERR963177,42
SRR16604664,508052
SRR7419890,46172
SRR3183445,1330890
SRR9728732,576590
SRR11933718,120575
SRR6468882,69624
ERR3266389,26011
SRR10151999,20834
SRR7789579,15692
SRR8787710,4668899
SRR6495321,504111
SRR15964632,164346
ERR960128,628
SRR1872233,54346
SRR9906845,420936
SRR6469170,81154
ERR716899,115742
SRR7119858,22631
SRR10151620,68728
SRR7751607,347162
SRR1708344,103884
ERR1415377,95704
SRR11015120,22018366
SRR10215487,70304
SRR1062499,32979
ERR1410210,109196
ERR9787502,281152
SRR6784687,494352
ERR7131159,474758
SRR1523213,96445
SRR1291420,201858
SRR6250062,50122
ERR1252001,12308
SRR7905382,1307872
SRR10153629,333836
ERR1821625,25206
ERR1046068,153940
SRR12103778,405622
SRR14066768,551868
ERR659818,143028
SRR6250129,9054
ERR3454280,2734385
SRR6494596,698466
SRR7119861,31184
ERR1215940,500
SRR870901,149524
SRR1062386,115283
SRR8383303,4756
SRR6654840,28675
ERR1427001,734318
SRR12554278,1074492
ERR1475767,15894
ERR1108085,341044
SRR15048139,484292
SRR5494313,686252
ERR1415211,19390
ERR659779,79258
ERR999339,106
ERR1218422,195436
SRR6468967,55030
ERR1888502,491056
ERR1204605,88478
SRR10753228,15774
ERR659835,55818
ERR2723032,38616
SRR6933827,44250
ERR582898,290
ERR659788,96304
ERR960108,10476
SRR5127990,267922
ERR1216070,132508
ERR2146897,667756
SRR13724961,1413254
SRR8106671,30976
SRR6469316,65000
SRR7268967,196666
ERR1108029,180056
ERR1374368,15678
SRR12436732,49494
SRR9854025,86288
SRR6469261,76324
ERR1706516,88854
ERR2154716,9182
SRR6268072,34606
ERR1431987,60542
SRR21617355,225582
ERR1415266,53300
SRR836192,157121
ERR1891755,63244
SRR6469778,36660
SRR9707990,117612
SRR10070735,165968
SRR10958340,284161
SRR3086884,131991
SRR6468943,54242
ERR960126,3428
SRR10126312,9854
SRR6469020,123434
SRR3083712,354292
SRR15373448,5871480
ERR1757709,28256
SRR1062205,24675
SRR13075149,136422
ERR1205087,680
SRR1872793,138786
ERR1857890,28894
SRR6268096,64877
ERR1408824,378
ERR1215838,187068
SRR6654625,10880
SRR2835252,95072
ERR960023,2150
SRR17630947,168127
SRR15498152,180989
ERR1215869,52
SRR1531450,16824
SRR5683315,54098
SRR6176652,2904074
SRR9312981,118468
ERR1414933,52190
ERR1821497,24142
SRR1062503,32931
SRR6468955,55890
ERR958918,29034
SRR15626535,285116
SRR11302679,1190
SRR1872014,20564
SRR10070631,28506
SRR9312989,112350
SRR3655799,145157
SRR8106680,27192
ERR1069102,249008
SRR12899702,935614
SRR19671817,128138
ERR202624,644
SRR10988545,74954
SRR11302893,419
ERR1821774,23344
SRR8784491,14568
SRR10010384,145216
ERR1107961,247710
SRR7268807,244658
ERR2723819,29700
ERR492370,65736
SRR5855252,294750
SRR12661682,384884
SRR13426328,148184
SRR5893087,27892
ERR1216173,103956
SRR11303166,134
ERR2402431,736920
SRR5921054,403988
SRR18042677,175400
SRR6654404,17856
ERR1427428,657668
SRR9662029,51576
ERR998311,39866
ERR1216337,167194
SRR10973999,65148
ERR1216106,141972
ERR999245,70920
ERR596578,48400
SRR6655216,1006
SRR870907,152801
ERR1252260,17732
SRR7299189,164015
SRR13075147,88762
SRR6469412,59530
ERR949629,150
ERR1204615,105844
ERR659920,103934
ERR3266374,27860
ERR5961090,223814
SRR6652909,1208854
ERR2723007,10938
ERR1216360,136466
SRR6655328,5241
SRR14217719,98017
SRR7661980,70821
SRR535926,55084
SRR7419863,11203
SRR10151896,18686
SRR11016367,203604
SRR6469675,84712
ERR959104,6008
SRR16195450,85434
ERR3489869,88730
ERR960950,64
ERR1442718,13294
ERR1821697,24976
ERR340709,230890
SRR17219969,7916
ERR999282,80
SRR6654753,18281
SRR16195464,82169
SRR6249992,39592
SRR6211477,205043
ERR1889593,67680
ERR959802,1666
SRR10151939,69304
ERR1205320,180218
ERR689875,63332
SRR13602437,231896
SRR6469097,87114
SRR11302394,66
SRR5921183,375344
SRR5376370,753342
ERR871539,464696
SRR3953261,14984
ERR737744,86196
SRR10321292,2621034
SRR11537837,3137705
SRR6020451,4616900
SRR8383282,3959
ERR2723797,2666
SRR8868537,147995
ERR1757528,25268
ERR525422,42550
ERR4648672,99810
ERR596714,28868
SRR14924002,166095
SRR1872098,28860
ERR10368639,373712
ERR960522,3182
ERR1757378,24960
ERR1289926,159504
ERR340727,479118
SRR22825766,10157570
ERR2723858,81158
ERR1889546,133422
SRR10126192,23418
SRR5378565,223600
SRR8959884,173158
SRR11303242,215
SRR9906836,124636
ERR998108,45706
ERR984489,44658
SRR17714699,370584
SRR18267561,223104
SRR12182181,251506
SRR6469703,130564
ERR1821552,24090
SRR8293703,330864
SRR15600913,168686
ERR1108099,324328
ERR1620409,739640
ERR757854,186844
SRR13998094,365022
ERR1205113,3786
ERR1442739,11924
SRR9674317,133738
SRR16327300,172100
SRR10151882,64082
ERR1204363,177260
SRR6655021,8851
ERR1757742,13184
SRR1872104,25864
SRR9849862,2033684
SRR12614066,474102
SRR10887558,375304
SRR17630957,107174
ERR1203507,167708
SRR9199008,5984
ERR1216560,21464
ERR1757710,19968
SRR592703,219168
ERR1204642,111172
ERR1108208,127972
ERR1730532,50288
ERR2723178,9698
ERR1107974,215342
SRR5809468,92153
ERR1410205,85048
SRR5879406,86690
ERR1889520,62568
ERR1858079,32230
ERR1620549,253944
ERR1892029,103096
ERR1373756,38210
SRR6469196,91732
SRR9312975,118488
SRR1062438,27868
SRR6654781,9135
ERR2723793,146860
ERR1475769,30174
ERR959294,100672
ERR1374458,3358
SRR16299537,8096
ERR1203496,117868
ERR1205090,118464
SRR546818,291544
SRR2245257,131491
SRR6468739,53400
ERR1373553,55848
ERR216328,2828
ERR1891705,62640
ERR517956,55824
ERR1374691,23226
ERR1373731,78452
ERR780316,123750
SRR13012314,859068
SRR15321084,1434144
SRR15927829,244290
ERR1821529,23306
SRR8928863,13962
ERR1757627,10462
SRR10151886,90984
SRR9596461,343694
SRR21966827,217014
SRR6261577,158868
SRR12967077,71925
SRR10393507,21717
SRR12194905,467241
ERR1374597,2192
SRR870857,127795
SRR11427470,289580
ERR1216395,124110
SRR21526550,638546
SRR11302547,97
SRR7612979,315944
SRR15691864,116140
SRR6654736,11840
ERR697888,79428
SRR6825150,407734
SRR13972080,140595
SRR13998189,563142
ERR1216325,89814
SRR3666784,1380906
ERR2154746,53220
ERR959660,22
ERR959658,9834
SRR14915987,100642
ERR1475655,44180
SRR9674303,149264
SRR8788694,2065632
SRR7444121,573372
SRR5342775,275700
SRR6469275,85734
SRR13181569,301986
SRR9198936,12215
SRR7904989,197270
ERR667551,47988
ERR1099385,62842
SRR10126036,14728
SRR11563225,53939
SRR17720321,522453
SRR3179605,304874
ERR1426908,798982
SRR7746639,47973
ERR999260,34928
ERR9787505,319340
SRR11801332,207904
SRR11080799,425026
SRR10312402,196548
ERR1821593,22566
SRR14233930,348852
SRR13998079,814735
SRR11302820,1186
SRR5820066,287645
ERR1757380,22750
ERR2154700,192
SRR15483583,201097
SRR11427379,298182
ERR1621544,43176
SRR10070649,15066
ERR1857835,488
SRR1062552,32668
SRR7905384,835846
ERR1692614,69274
ERR1397009,18192
SRR6469151,90050
ERR960442,2584
SRR10182216,146280506
SRR1062367,111319
SRR14362885,20815
SRR1062430,27284
ERR1107906,127886
ERR2723763,364266
ERR1442870,14416
ERR1442706,15254
ERR1373659,32368
ERR596713,31060
SRR17604959,698803
ERR1252247,17410
SRR14867548,301788
SRR17219951,5045
SRR3381817,315954
ERR1889245,195168
SRR870762,136141
SRR10153634,337854
SRR10735837,109144
ERR1204584,134444
SRR3381803,319826
ERR1374558,6860
ERR232310,73774
SRR5045894,243119
SRR1555549,11955
SRR17547489,60385
SRR1797745,102628
SRR7789531,9570
ERR1888776,54918
SRR11214396,118805
SRR6654416,8517
ERR959300,806
SRR1062712,19721
SRR12661610,106291
SRR3018755,329762
ERR716924,162684
SRR6877471,494114
SRR11302321,88
SRR5817914,2938504
SRR12492985,91803
SRR10070551,93734
ERR998290,102
ERR1397086,51868
ERR1396950,5874
SRR8788702,1750396
SRR9875052,89042
ERR1373688,52030
ERR517932,43422
ERR1204631,126276
SRR22968685,171874
SRR11040628,364222
ERR2154816,46526
SRR16299008,20163
ERR999539,67286
SRR953522,2016459
SRR10887485,194370
SRR11523568,287880
ERR1415409,132806
ERR1252176,15752
SRR11164690,40490022
SRR12764349,65842
ERR998188,1412
ERR854805,248046
SRR1821788,337510
ERR1889483,256156
SRR13938350,68588
SRR11303226,105
SRR8106276,265928
SRR8788700,2153378
SRR16299302,13374
ERR1730750,6410
ERR1124999,507822
ERR1888572,704696
SRR11214450,467576
ERR1888598,1704722
ERR1889204,48974
SRR5127982,94328
ERR659936,179918
ERR2723149,30466
ERR1374499,4
SRR19364732,1588848
ERR984491,6414
ERR1415081,83542
SRR12654015,991982
SRR8485427,57487
SRR4026147,685920
SRR10974094,63132
ERR958818,14732
SRR10125980,32778
ERR968102,47274
ERR1730585,24756
SRR10916845,97015
SRR11178123,923642
ERR1888383,215958
ERR2723112,20430
SRR10863025,694878
SRR11302362,77
SRR10425373,181018
ERR1374239,12494
ERR1889565,90150
SRR17900896,193413
SRR3923223,184398
ERR960811,514
SRR14703468,27756
SRR15910164,131780
ERR2723910,51986
ERR1373392,27930
SRR16299350,35284
SRR8135957,189956
ERR657558,131612
ERR1888714,86506
SRR6020328,1951928
ERR1415194,52910
SRR6250209,123270
SRR5022641,22934
ERR411477,140364
ERR1407692,22242
SRR14066771,119844
ERR1427360,1031202
SRR10151560,99290
SRR3183440,617244
SRR4241543,1039841
ERR1215898,38
ERR667437,26700
ERR1427087,797606
ERR659888,97102
ERR2723192,18760
SRR11302615,24
ERR1858046,30538
ERR1373552,37708
SRR9198922,12036
SRR748489,315420
SRR7905363,1243180
SRR11700451,33023
ERR1124546,234830
ERR1892089,87708
SRR5483547,341372
SRR8106279,140602
ERR1888763,403278
ERR1857681,28632
ERR1821641,22808
SRR12623502,839779
ERR1821847,20202
SRR15831131,430236
SRR11302795,127
ERR582944,1608
SRR1872011,25932
ERR1757417,23832
ERR1427211,936350
ERR1475621,63686
SRR9903401,2309425
SRR21120207,24292
ERR1107919,142970
SRR835168,80466
ERR667544,41104
SRR9854037,634328
ERR1416194,68662
SRR17299048,401748
SRR5855244,278912
ERR1216358,131204
SRR11684033,5542132
SRR11777185,198801
SRR12356849,283204
SRR6267983,545974
ERR871533,162
SRR12661836,85635
SRR11303003,74
ERR959213,11814
SRR11033791,2369498
SRR1872795,31714
ERR853518,40360
SRR6469795,525424
SRR9198741,5402
SRR5381357,1776318
ERR1218473,169652
SRR15036062,1103279
ERR3301000,283390
ERR1427136,959742
ERR1218379,169804
SRR6655335,6513
SRR10070574,157794
SRR10070841,116088
SRR2567881,62308
SRR17210883,211103
ERR1124910,58498
SRR5921039,333841
SRR16298948,14118
ERR959597,1228
SRR8441458,427822
ERR1427070,998072
ERR959757,1930
ERR6690605,577247
SRR8305651,523808
ERR780100,132076
SRR1872584,60
SRR6324386,351696
SRR8244088,128263
ERR1415148,25948
SRR13979028,87747
SRR12628231,520062
SRR1872354,50452
SRR8377229,58012
SRR7264578,3776647
SRR11302733,84
SRR8928819,11040
SRR2968435,530030
ERR1888798,70266
ERR517969,107408
SRR9849226,280338
ERR340708,268500
ERR7179891,143822
ERR1621409,43644
ERR1205231,26
SRR6176665,68643
ERR960780,5346
ERR960418,18800
ERR2723599,395492
DRR162540,35578
SRR17259776,1396658
ERR1620507,244888
SRR6655208,322
ERR1888414,264642
ERR596669,30960
SRR13646751,424434
ERR1692612,40820
ERR1730757,36174
SRR10974121,64958
SRR7902422,43326
ERR854792,132244
SRR5113039,135040
ERR1475784,17250
SRR7535429,184907
SRR5113020,155220
SRR13796917,4034992
SRR7410432,248838
SRR13417607,520976
ERR1215605,243430
SRR19978692,370264
SRR11773523,101545
SRR5381999,118875
SRR2239175,186932
ERR959337,6060
ERR1122734,172754
SRR12037383,22235
SRR11303379,97
ERR667509,26286
SRR11869422,237860
ERR659957,101330
SRR22018594,3970452
SRR8784145,59838
SRR17400061,205632
SRR11427455,481864
ERR959867,40740
ERR960112,3646
ERR1594697,260016
SRR14713041,246868
ERR1888755,202514
SRR17642806,320022
SRR10010343,83700
SRR12661641,51947
ERR573450,36570
ERR525341,20476
ERR1410185,13536
SRR6469590,120556
ERR959483,50586
SRR8255919,503399
SRR10070652,29438
ERR1891658,67576
ERR1216459,27934
SRR9849861,2935348
SRR12874645,128488
ERR1621657,50540
ERR1205249,229454
ERR716732,62630
SRR11302748,992
SRR6468998,48416
SRR7299190,162097
SRR18052577,35830
ERR2154815,12352
SRR13339155,247582
SRR10769144,575598
ERR573418,40726
SRR6654703,10859
SRR17248527,286358
SRR6654448,8864
SRR398323,93796
SRR12443335,1039670
SRR6655227,8419
SRR8441449,390492
SRR1872941,18490
SRR12194932,391054
ERR1427395,870430
SRR14713040,213412
ERR1216342,155272
ERR1218388,198274
SRR749513,148165
SRR10418684,58
SRR16195501,121012
SRR10070591,113828
SRR5341523,71637
ERR1215977,123850
ERR1888775,34188
SRR6814869,204284
ERR9077165,53432
SRR16183158,582164
ERR999557,28
ERR2154715,82744
SRR7280652,2632246
SRR12338625,122916
ERR1216681,33916
SRR5931553,135495
ERR273885,146986
SRR7633494,1929
ERR1407594,64
ERR1620413,427370
SRR12194814,863996
ERR1415235,64964
SRR19641892,208324
SRR4026143,743034
ERR2723048,23470
ERR1099568,162174
ERR1124596,1028752
ERR1757482,24424
ERR1069108,207090
SRR12708447,556144
SRR6655178,25828
ERR1215865,208100
ERR1125037,764612
ERR1205293,24
SRR6072786,159369
ERR1215963,117396
ERR1891684,67734
SRR5113024,177288
SRR519740,3412666
SRR9182351,426864
ERR1215974,175494
ERR596687,26992
ERR1888599,154224
ERR2723896,24586
SRR16299276,12572
SRR1872603,12
SRR12037408,19369
SRR8485424,64683
SRR6268073,50708
SRR14233932,299674
ERR1216612,109432
SRR8106423,12900
ERR1730835,21594
SRR6655342,7519
ERR1204332,127714
SRR6211474,3352374
ERR1374609,4706
ERR1620456,480606
SRR870825,271831
SRR042431,450
SRR10070781,179322
ERR1442826,12232
SRR13646780,330666
ERR2723277,41798
SRR10887541,284024
SRR7801948,380646
ERR853740,39740
SRR6289752,100600
SRR21092433,22540
SRR3231362,191604
SRR6468908,87606
SRR9850648,11792
ERR1215743,204728
SRR16195460,47739
ERR1889761,131056
SRR5163818,141721
SRR8552572,105535
SRR11542118,167803
ERR1620458,339004
SRR9198910,13160
SRR10070814,98558
SRR1062733,20390
SRR1062723,9798
SRR15626548,483044
SRR11427452,326214
SRR11851889,436607
SRR7444123,667548
ERR411513,60266
SRR11214434,357334
ERR1857978,26926
SRR14373546,6470
SRR15831125,466752
ERR1410181,43890
SRR2835259,139164
SRR19661775,1391100
ERR925759,68278
ERR2154691,32288
SRR11186464,1586032
SRR1871859,15746
SRR7419850,10863
ERR1889125,172808
ERR1108097,346364
ERR960298,6424
ERR1204522,130174
SRR12125377,26365
SRR6760981,647870
SRR5893121,72331
SRR6908666,307846
SRR9906827,319752
ERR2154668,12138
ERR2723470,23938
SRR6468775,71336
SRR392979,226258
SRR1872199,34992
SRR870937,165130
SRR6654612,16661
SRR10126064,18010
ERR1373774,32790
SRR2168740,3166538
SRR6468836,49868
ERR1215526,42
ERR718651,89842
SRR11303167,105
SRR19641885,206658
SRR18192319,960664
SRR7612976,552158
SRR9198794,4628
SRR11039805,130923
SRR11874794,82360
SRR8787588,47173
SRR6232243,269092
SRR6469731,106602
ERR1621576,51036
ERR1427079,907622
SRR11427253,482804
SRR1555567,217
ERR1621421,58384
SRR6469091,40972
SRR10532692,162841
SRR12340474,550560
ERR2146899,921562
ERR959749,93946
SRR13074806,16086
SRR22124139,181338
SRR1062248,158408
ERR1216159,96160
SRR10887540,329144
SRR8244102,145322
SRR6249998,55158
SRR11302344,79
SRR11302686,91
ERR1216076,94560
ERR1218393,166302
SRR12103768,348642
ERR1252019,12790
SRR12774394,427296
SRR9182352,614780
ERR1442609,11690
SRR15999461,77265
ERR1475499,17684
SRR7613110,379624
SRR5341538,74932
ERR1888954,105822
ERR2154749,49488
SRR3381721,152912
ERR1442768,17438
SRR8106385,16284
SRR12661774,88747
ERR1888484,290424
SRR15048134,575634
ERR1889175,49852
SRR1062714,19720
ERR1888128,44148
SRR17239192,310748
ERR1821843,22704
ERR1692514,59216
ERR1204330,248880
SRR20869096,56626
ERR1888107,84188
SRR6469244,69908
ERR1374848,4160
ERR1218328,179662
SRR3159073,99418
SRR1872079,32196
ERR1216078,88280
ERR959573,2044
SRR22420229,290164
SRR1035981,268874
SRR17714701,272842
SRR1872803,15598
ERR2723775,349112
ERR999531,244
SRR12194834,416378
ERR960718,10188
ERR999342,50
SRR6654765,14604
SRR6987273,148494
ERR273887,3592
ERR4321731,77224
SRR9596466,308670
ERR958762,32876
SRR17630940,169621
SRR2835257,72060
SRR6655246,10578
ERR1889852,31670
SRR22428445,162386
ERR960869,748
SRR18927187,61706
ERR1821877,23916
SRR6661146,150955
ERR467065,58486
ERR4648676,94408
SRR8106351,208948
ERR1395905,31414
SRR1872406,40508
ERR1888370,471492
SRR527832,64186
SRR9159936,781870
ERR1374723,12370
SRR3159085,178981
ERR232314,102646
SRR12492974,132525
ERR853644,40726
ERR1692620,46164
ERR517905,66868
ERR738229,99698
SRR11523571,340508
SRR11302974,160
SRR12070727,28867460
SRR7883101,19745
SRR8787790,51702
ERR1888303,97576
SRR3113946,2509646
ERR1443964,441258
SRR6289671,68022
ERR1407578,23648
ERR1414802,26558
SRR9198964,12994
SRR8106446,38872
SRR1062339,99689
SRR11302502,338
SRR10117580,241627
SRR13242470,39174
SRR5934157,85453
ERR2722981,145910
ERR1204611,155598
SRR6469257,75194
ERR1888925,735484
SRR6298093,355428
ERR960372,13190
ERR1730734,19018
SRR9312983,109492
ERR960679,10
ERR960167,1914
SRR6469483,3848
SRR7268816,122762
SRR11040642,182471
SRR870735,31410
SRR15048111,171880
SRR7268827,108264
SRR17720611,131494
ERR3446746,72312
ERR2723326,174524
ERR1889664,181564
ERR1475483,25658
ERR7132856,379748
SRR2027911,51556
ERR959998,710
SRR5681432,339208
ERR1620482,405530
ERR232307,68402
SRR17714712,320556
SRR10070765,195472
SRR11519037,122737
SRR5810854,392
ERR977397,945764
SRR20283713,54660
SRR13849963,988556
SRR776513,79692
ERR968064,38632
DRR314108,466316
SRR3655797,128325
ERR1396946,36526
SRR6261598,931534
ERR1124951,12680
SRR7757833,113070
ERR1416110,42012
ERR1857632,27490
SRR7892004,31932
ERR1888765,163572
SRR6890888,192370
SRR3166932,197200
SRR1914394,2872526
SRR12194852,766958
SRR14369958,642654
ERR1857717,5622
SRR11427232,375302
SRR14428589,187772
SRR6468790,90508
ERR968109,32922
ERR1857952,34966
ERR667549,40718
SRR2138288,88816
ERR998374,15016
SRR870970,120638
ERR718564,67284
ERR1204637,126302
ERR1122764,118466
ERR1888861,1228
ERR340666,47582
SRR870899,94288
SRR22420216,292810
SRR13912633,1902624
ERR1594692,197356
ERR2154680,139282
ERR1204573,109326
SRR5507578,281580
SRR870837,164385
SRR14456967,151531
ERR1821650,20730
SRR10126301,29472
ERR1621547,55690
ERR1889346,268276
SRR5893101,108713
ERR1426976,634440
SRR535890,31696
ERR960834,18304
ERR1888333,325958
SRR6654826,13368
ERR960775,918
SRR9320539,168212
SRR10204644,665458
SRR1872483,68964
SRR23064371,180060
ERR1373631,55072
SRR10038919,666248
ERR1889246,94506
SRR15483592,1156374
SRR2835261,108296
ERR517947,59542
SRR10836802,228730
SRR9875041,46542
SRR10887575,241426
SRR5113018,149592
SRR12037401,21848
ERR960539,8
ERR1888879,146210
ERR1858073,28870
SRR4369386,262111
SRR5810855,600
ERR1475579,31670
DRR032757,149665
ERR1204407,148548
ERR1415100,93438
SRR10070617,44874
ERR2723096,47836
ERR1415033,156
ERR1414897,61738
ERR1891644,71290
SRR6469113,155590
SRR1872491,90094
SRR7749231,12303
ERR1205089,624
SRR5810815,2646
SRR10070549,63782
SRR1062529,32669
SRR6250096,78760
SRR6654614,21565
SRR14923950,126956
ERR959949,1968
SRR10126228,18879
SRR11039795,130150
SRR6654691,13234
SRR8948495,223298
SRR1555529,2341
SRR7419824,601888
SRR8788711,57478
ERR1888596,101100
ERR1595108,211296
SRR3996129,4466
SRR10126206,19596
ERR1108765,99414
SRR3420405,1132482
SRR1555548,4888
SRR11178129,882354
SRR7947901,3419187
SRR13565186,3019748
ERR1108762,46072
SRR1872237,77048
SRR9674233,116944
SRR14703436,268506
SRR5921021,251213
SRR13789074,749268
SRR11303036,65
ERR1889523,13578
ERR1218447,150686
SRR6784677,290628
ERR1069057,220130
ERR1889640,80190
SRR12083051,2317090
ERR959930,18
ERR1108764,92472
ERR1889363,226206
DRR162506,38558
SRR16299367,5583
ERR1396845,81500
SRR6921823,198470
ERR960495,0
ERR1374472,2316
SRR11302805,167
SRR17547543,56232
SRR11590420,146804
SRR13297050,521806
SRR527835,54540
SRR18885366,547670
ERR960513,25728
SRR19364728,784830
SRR13339159,260494
ERR1205244,251072
ERR1888886,436314
SRR5921093,226364
SRR393006,75309
SRR3083688,834208
SRR22129110,523280
SRR9198829,119068
SRR1062256,415104
SRR1062316,36197
ERR998224,846
SRR15927805,102874
ERR1821903,20730
ERR1124615,310154
ERR959519,2842
ERR1821938,24870
ERR1442804,18476
ERR340716,149776
ERR1108728,242894
ERR2723402,23036
SRR1872067,53326
ERR1215528,30
SRR17745565,2406
ERR1416081,22172
SRR11858752,280348
ERR596692,18730
ERR959589,3008
SRR1062709,19497
ERR1215886,185674
SRR6469834,627648
SRR7909910,2320982
ERR2723873,20076
ERR1396879,38802
SRR16681984,217984
SRR12774406,344523
SRR8106682,25680
ERR202605,6008
SRR6654258,25857
SRR19897795,342258
ERR2146942,703586
SRR6469256,58880
SRR11302312,188
ERR1205261,62
ERR1373771,34416
ERR1857944,29370
ERR780081,189454
ERR2723868,221802
ERR1373686,76142
SRR11869100,52364
ERR590800,26844
ERR1889230,62668
ERR1621568,50566
SRR9849248,227170
ERR1442667,15342
SRR8106612,16314
SRR17630964,1967372
DRR075400,121987
ERR962922,326
ERR1889541,66230
SRR1062400,26593
SRR3381741,603000
ERR1888149,21006
ERR1757688,22008
SRR372801,274676
SRR998914,34133
ERR1251903,14202
SRR6654492,33014
SRR8377242,2596
SRR1555558,264
SRR11814647,832912
DRR162486,117762
SRR12443355,269520
SRR5805901,71773
SRR11178125,710880
DRR162484,111988
DRR189377,62276
SRR5398200,124144
SRR10151582,64522
ERR716772,165950
ERR1889079,96184
ERR1888607,105058
SRR2976526,361740
SRR7662012,25052
ERR3838746,109612
SRR18927007,513746
ERR1216495,39012
ERR960360,3288
ERR1205263,36
SRR12661702,59952
ERR1124678,357544
ERR1374179,2728
SRR12134628,1909496
ERR1442610,10436
SRR17731337,158470
SRR10070800,107258
SRR13528196,766470
ERR1414983,86690
ERR1475663,22862
ERR1107996,112058
SRR3679523,334296
SRR6469194,72594
ERR1203497,208002
SRR6289662,414828
ERR2723992,48472
SRR6469370,46240
SRR4423743,702173
ERR999440,122
SRR12436835,92456
SRR12037393,19659
ERR1442585,14030
SRR6468978,318874
ERR780314,108760
SRR10974049,63494
ERR998321,336
SRR6654784,8893
SRR10126296,29315
ERR1888357,557902
SRR8441461,358468
SRR6654722,3512
SRR10988547,68060
SRR1062645,18926
ERR1889300,13868
ERR1442808,13196
SRR6469475,22378
SRR10902601,65883
ERR517865,83896
SRR3923221,207973
ERR1821777,24088
ERR871364,5616
ERR1099473,86590
ERR2723170,10286
SRR11785630,76420
ERR1374167,2824
ERR871543,437038
SRR6163072,8443734
ERR1203495,56962
ERR1857837,908
SRR12661910,360190
SRR11080801,373044
SRR19627921,194892
ERR998353,34128
SRR10151601,70950
SRR12493014,111957
ERR960392,1406
ERR999357,432
SRR870935,108890
ERR1414924,64514
ERR1442708,18410
ERR1416099,26206
ERR1215961,154894
ERR411645,68188
ERR960434,4096
ERR2154806,33100
ERR1821707,20620
SRR10151880,8224
SRR11302821,1091
SRR3018750,322217
SRR7119836,7209
SRR16299418,24011
SRR14923986,283169
SRR8922969,262414
ERR7384909,1415498
ERR525363,40488
ERR1099539,151732
SRR870849,60480
ERR1252241,17946
ERR960138,0
ERR960248,29112
ERR959781,4
SRR4375101,1988418
ERR1122680,199568
ERR1475748,42986
SRR6468820,3620
ERR1374565,6768
ERR1889629,37530
SRR7535415,53104
ERR959775,6
ERR2154644,719282
SRR7633478,259494
SRR17191195,197508
SRR1593716,5518084
SRR1872796,33600
SRR23036878,172620
SRR5810773,3782
ERR780295,104540
ERR2723820,44380
SRR13724955,1708586
ERR998221,152
SRR6654724,7315
ERR1122811,119254
SRR2751034,246867
ERR998128,140
SRR1872382,30320
ERR1730713,23198
SRR13181560,262726
ERR2723377,109540
SRR18296200,216800
SRR23060055,467790
SRR3679517,333066
ERR1108518,245276
ERR1857607,34590
SRR7410395,194416
ERR1857753,38426
SRR13393448,73428
SRR13015620,856308
ERR1889487,291538
SRR12037499,15626
SRR12083045,3959178
ERR517957,67808
SRR12194906,477443
SRR11303134,165
ERR959280,94
ERR1374640,15250
SRR17313509,151570
SRR942769,20608
ERR697995,41112
ERR1215932,178390
SRR12037466,13354
SRR1062303,18990
SRR8106340,135264
SRR7757834,1262556
SRR10126056,19378
SRR9198776,11902
SRR2232685,122077
SRR12877272,145808
ERR2723497,91900
ERR1216441,99398
ERR1757534,31556
SRR1872162,33968
SRR12786077,255424
ERR1415222,28558
SRR13979065,120441
ERR492366,75042
SRR998912,34376
ERR1251981,26244
SRR1872920,6488
SRR6249964,43644
SRR6825153,464802
SRR16299519,21990
SRR1871852,50
SRR6468861,737786
ERR1046088,113916
ERR1216583,28774
ERR1442900,13620
ERR1889379,166282
ERR998191,38636
ERR1889149,42240
SRR998900,32085
SRR8883796,1644
SRR17400068,173460
SRR16681982,150802
ERR1692498,65948
ERR1204567,63342
SRR14710791,232992
ERR697881,83574
ERR1216725,1010
SRR6654606,19630
ERR1415012,45388
ERR1251958,12874
ERR273846,3730558
SRR18220759,64760
ERR960537,1258
ERR1888515,507972
ERR1730663,36622
SRR17745585,5296
SRR12876838,653982
SRR6469671,103340
SRR7008282,23018
ERR1204468,118682
ERR1407563,64
ERR1373550,35022
ERR871478,100
ERR1426936,1127952
ERR1442672,11470
SRR12287396,80913
SRR8787702,15268338
SRR11519039,129524
ERR525343,61366
SRR7268823,112394
SRR8883691,134864
ERR1122753,154312
ERR871493,166
ERR1730730,22532
SRR14272169,376655
SRR5341532,121579
ERR1414863,71272
ERR1216926,749570
SRR9707993,120458
SRR1871902,12992
SRR18352686,30090
ERR1888230,28016
SRR6250190,66762
ERR600682,118780
SRR12774398,192672
ERR1216408,79720
ERR999498,100
ERR1621407,55548
SRR1062603,19091
SRR8244080,119077
SRR14139666,285684
SRR6654459,13212
SRR11303343,162
SRR13594972,7026
SRR11303101,32
SRR8106631,37744
SRR10127676,197906
SRR13724938,2098140
SRR8735315,278202
SRR12070732,27746198
SRR6469742,73428
SRR6250097,79460
SRR6250247,140446
SRR5883634,144581
ERR1757631,13524
SRR15048132,547606
ERR959275,6638
ERR202498,25478
SRR11785643,144436
SRR1872353,30986
ERR1218340,149624
SRR15036072,638997
SRR11303086,74
SRR18820772,441030
SRR10070676,32752
SRR11303118,70
ERR1396868,189812
ERR1431992,61540
SRR8305647,483470
SRR13381329,1293662
ERR1475513,38684
ERR998119,2060
SRR6469329,693472
SRR18516708,461857
SRR12661917,97264
ERR659911,93220
SRR11427237,377374
SRR7266721,763489
ERR381750,153456
ERR1427335,1244860
ERR1122815,131068
SRR5883635,391478
SRR9610845,681880
SRR10974058,72008
ERR1124980,522066
SRR20002705,154364
SRR1188154,87526
SRR10040077,1087644
ERR1124798,434534
ERR716739,76162
SRR6176695,72662
ERR1821744,24960
SRR12070740,25598750
SRR20651077,408132
SRR2835262,113212
ERR1427175,598238
ERR3446759,67592
ERR854845,159422
SRR10010358,401832
ERR1125070,804094
ERR7132859,417426
ERR1108204,115992
ERR1122822,177198
SRR9198959,57154
SRR11725210,426931
SRR3083687,730284
SRR18192314,173854
SRR3381797,295426
ERR963134,98
SRR18296199,211180
ERR1374333,2656
SRR7789611,472
ERR202513,2282
SRR6144827,33664
ERR1415189,804
SRR15048142,495980
SRR10125974,17050
SRR8928946,88748
ERR1857766,25950
ERR3011943,99537
SRR10151717,108532
ERR999255,132
ERR871432,1070
ERR1216475,29158
SRR7801945,185940
ERR1108175,143420
ERR1594713,122792
SRR6289784,86608
SRR13181567,295158
ERR1889732,5730
SRR8383265,9492
SRR9610840,207657
SRR1872225,16004
SRR8883833,361404
SRR5810842,996
SRR1871988,258
SRR6469842,201540
ERR1858092,30646
SRR8787580,11266
SRR3465556,237686
ERR1203509,201596
SRR6654920,13579
ERR1757426,13652
SRR1797771,96142
SRR3086894,170281
ERR1427310,1285772
SRR16299063,11530
SRR6655316,3709
SRR6268094,29244
SRR1062595,18526
SRR9735184,373898
SRR20002726,131330
SRR22744755,208678
SRR14217648,124277
SRR14217622,89329
SRR8787756,355218
ERR1888459,224416
SRR870961,218849
SRR22428449,5614
ERR1540894,270588
ERR959008,6838
ERR670996,73476
SRR10126096,18511
ERR968107,27990
SRR10070745,156700
ERR1889453,88772
SRR13388648,1113984
ERR853568,42798
ERR960691,18190
SRR13450058,88442
SRR7886618,107715
ERR1216592,19416
SRR5398453,1057666
SRR13149760,719948
ERR1891635,62966
ERR517977,109842
SRR12037484,10473
SRR6020398,1186272
SRR8883752,77726
ERR1821788,19206
SRR13979100,1632874
ERR2723505,220264
SRR11303239,213
ERR1757415,23556
SRR8883762,90446
ERR7384916,696424
ERR1216044,134304
SRR7909919,590578
ERR1888574,499848
ERR1821936,24786
ERR959686,7372
ERR1124909,445450
SRR11302936,178
SRR6654382,27672
SRR14428576,251211
ERR1205285,36
SRR6250139,102536
SRR3381822,470056
SRR17299066,297882
SRR8599812,858364
SRR10916844,92174
SRR14703441,446764
ERR960170,402
ERR2723605,128404
ERR525364,29882
ERR1125002,347614
ERR1374578,11320
SRR11427402,372202
ERR573417,28684
SRR11302295,76
SRR11917466,1234215
DRR084197,104270
ERR2723678,1634
SRR6654819,25134
SRR6468992,14646
SRR3231329,8696396
ERR1857946,27826
SRR7299173,162865
ERR1888058,16486
SRR5893067,2820976
ERR1046069,104742
SRR16299114,10079
ERR960328,12188
ERR968135,186
ERR4648697,92952
SRR10436025,103855
ERR1124698,151044
SRR17879857,368391
SRR14703426,41592
ERR1204322,135236
SRR11519058,133984
ERR1408820,85524
ERR1397067,1900
SRR10151789,31966
ERR1415453,105660
ERR1888315,37256
SRR5320514,817000
SRR1872002,43992
SRR1821785,299076
SRR8106637,42298
SRR15048114,890772
ERR1216744,20788
SRR10550567,97030
ERR1889117,192690
ERR1415024,96
ERR2723139,59562
SRR17723119,390520
SRR9707995,126622
ERR1108835,216532
ERR7132864,330510
ERR1621391,63502
SRR8106517,26198
SRR9849277,452590
SRR12464066,233466
DRR315795,271768
SRR22968687,176734
SRR6289824,78362
SRR16299301,24209
ERR1730509,19492
ERR1415134,1046
SRR15036058,403900
ERR1374189,3020
SRR12287398,83286
ERR1124424,154256
ERR1888440,407346
ERR4091979,273384
ERR659795,105974
ERR1857817,31090
SRR6469734,92034
ERR1216755,24926
ERR853549,39802
SRR12083054,2082102
SRR14077613,248084
SRR7612984,276073
SRR5251433,59329
ERR959774,4
SRR1062815,18853
ERR4140034,215343
ERR962961,300
SRR7801972,398721
SRR11926634,93745
ERR1408857,2684
SRR17745574,8508
ERR960995,952
ERR960233,8180
SRR9198797,8314
ERR1216451,29318
SRR10117585,275146
ERR1216023,117130
ERR1888825,81280
SRR5921101,187796
ERR1816575,24254
SRR5817921,2149698
SRR6908713,39470
SRR17745581,3992
ERR960602,22916
ERR780053,65958
SRR13388653,1147532
SRR7154550,40136
ERR959826,3474
SRR1872333,40168
SRR2239183,138891
SRR6908726,51336
SRR8788647,713620
ERR1730809,28256
ERR1416128,60354
SRR13242457,37476
SRR5382040,137421
SRR2146353,18370
SRR11420477,104298
ERR1889805,115574
SRR13374847,274800
ERR1426965,664948
ERR1108802,152830
ERR959704,3184
SRR14376449,271968
ERR926042,127398
SRR5805900,35193
SRR13979041,93017
ERR1621548,55108
SRR6655346,5338
ERR303226,2318458
SRR9211485,146597
SRR16530664,240702
ERR959574,5256
ERR1889259,32052
SRR8787792,71826
ERR999444,618
SRR14993665,310563
ERR1888724,244334
ERR1107976,224450
SRR8106704,23646
SRR7662108,15681
SRR14213370,56954
ERR1475720,28868
SRR14217672,124314
ERR2723357,220218
ERR1858068,28076
ERR960595,19788
ERR830275,297110
ERR1108743,175610
SRR8377248,102400
SRR10151902,24982
SRR10753193,20854
SRR6908638,1546
SRR3113938,2413272
ERR1888698,116284
SRR6469781,292166
SRR9198840,20298
ERR738214,65050
SRR8883865,281602
SRR11033814,30766
SRR6289774,61908
SRR11610427,208568
SRR5163102,234644
SRR6654553,5214
ERR1427338,876738
SRR16299068,8288
ERR1757407,27664
ERR1415179,92950
SRR5893157,108351
ERR998411,33410
ERR1692517,65830
SRR14713044,211937
SRR3381871,83812
SRR5805892,494309
SRR1062253,33284
ERR1692487,95192
ERR1888531,543748
ERR960374,2082
ERR2723844,259360
ERR2724006,96534
ERR1216472,20434
SRR14217586,103860
ERR1730595,26558
ERR4648701,94324
SRR8802100,201203
SRR7119827,1679
ERR960440,1924
SRR17299047,367376
SRR20283705,42887
ERR959948,2440
SRR8928885,42508
SRR8632328,954608
SRR17630954,108337
SRR8305617,978611
SRR18390905,1572466
SRR8883849,52222
SRR14217715,83725
ERR232346,1275394
SRR14308849,257256
SRR14679153,150796
SRR18305965,2139992
ERR1252038,12808
SRR6908731,226082
ERR667403,14338
SRR16490789,11172
ERR863500,27376
SRR12037454,10838
SRR5004953,661530
SRR12661734,32798
SRR1551799,382834
SRR18063380,384619
SRR12125408,46078
SRR19897791,317646
SRR9906799,441828
ERR1414851,65098
ERR1889553,47896
SRR9674271,141400
ERR1252128,17428
SRR17604946,127657
SRR9198782,13510
ERR960491,2700
ERR1251940,15812
ERR1414914,70086
DRR032732,162341
SRR592709,285630
ERR1889155,84780
SRR5921172,64
SRR2968457,969508
ERR10034052,370174
ERR1426984,981606
ERR1215888,342
SRR14217661,209098
SRR11926678,320952
SRR1609736,179338
ERR3300995,336632
SRR8182162,196632
SRR6345655,1424573
SRR6469860,68504
ERR1108030,230028
SRR959329,69775
ERR1475775,18330
SRR9119505,1281708
SRR16973867,247820
ERR1124473,239474
SRR12661839,85203
ERR1216157,103356
SRR7613105,720392
SRR8787737,8977
SRR14217709,105242
ERR1888388,653386
SRR10312409,180554
SRR1565809,322622
SRR1872805,16538
SRR13221966,731554
ERR949670,200872
SRR10887477,324572
SRR16299530,14476
SRR10836773,178116
SRR9198815,10130
SRR1793799,51488
ERR1621478,42856
SRR1872929,19730
ERR492332,65586
SRR13789070,594234
SRR6661156,152920
ERR1621685,85308
SRR11302346,130
SRR8106490,17610
SRR16298983,2205
ERR959067,3022
SRR8312799,86476
SRR8591752,1043142
SRR10153636,321630
SRR12055985,57369
ERR2154679,92690
SRR8106390,21578
SRR12628233,369724
SRR16299281,7675
ERR1857846,516
SRR12661629,44521
ERR871601,107374
ERR998349,39242
SRR12142002,107104
SRR12170583,295600
SRR11302516,165
SRR14217703,94250
SRR11886673,167063
ERR1888944,407180
SRR17282607,506045
SRR9881612,355647
ERR1216656,20578
ERR1730767,26576
SRR8106619,21844
ERR1108766,149912
ERR1396825,607055
ERR853506,45338
SRR1708345,286540
ERR202578,480
SRR13234656,48923
ERR697970,119370
SRR6249958,41950
SRR12436824,79174
ERR1408782,98888
ERR1252151,17038
SRR5961760,256166
SRR1871864,8410
SRR13181539,402912
SRR12070784,18049700
SRR14163084,89084
ERR1888815,23560
ERR1099471,149984
ERR1620571,313534
ERR1757721,12676
SRR8106410,24938
ERR1204277,101458
ERR2723683,133696
ERR3454281,1206005
ERR594443,225964
ERR1427128,585728
SRR10974108,58802
SRR19077308,747666
ERR202568,183932
SRR5893055,5472
ERR1427361,1168806
ERR1442644,15130
SRR10741397,355686
SRR9141306,69545
ERR958862,19548
ERR1124486,349272
SRR6469048,92558
SRR12005391,1053920
SRR1872460,29404
SRR6655367,5134
ERR968105,35448
SRR22124138,248324
ERR1216000,87428
ERR2723603,184282
SRR2751000,166731
SRR18124376,152590
ERR1889444,198504
ERR525357,141104
SRR11577243,48545
ERR1889534,214294
SRR870722,36766
ERR9787514,337398
SRR3095294,1545186
SRR21228025,177390
SRR6268141,282371
ERR1124950,901874
ERR968068,65882
SRR9879914,2560452
SRR12890229,437250
SRR12774359,318431
ERR738232,87498
SRR11856751,180128
ERR1621621,45542
SRR12974161,350320
SRR9610838,428360
SRR11302979,25
ERR1857782,460
SRR6654290,23649
SRR4026146,1126706
ERR1204329,165368
SRR392106,13110
SRR12194850,301777
ERR1475647,20938
SRR5810806,1258
SRR7612993,246024
ERR1215889,235670
SRR20651076,402418
SRR6654659,16201
ERR1821670,23522
ERR1427382,859222
ERR1374693,12354
ERR2723789,446
SRR8788695,1458792
ERR958767,19218
SRR8883734,48242
ERR1889307,153910
SRR15036085,423320
SRR6020336,4423628
SRR17689307,192340
SRR12744939,268938
SRR10070802,154542
SRR9849262,585022
ERR1294279,72283
ERR1215997,146478
ERR1215823,36
SRR1872412,96
SRR2751011,192740
SRR11542100,164571
SRR6020448,6320408
SRR7942620,339764
ERR1692440,53978
SRR9058950,1012922
SRR22252689,1037580
SRR10753173,23360
SRR6469786,120330
ERR1204423,633182
SRR16299429,15856
ERR4648670,109364
SRR12354657,140124
ERR1108796,39480
ERR1218403,230038
ERR1821868,22746
SRR592702,570392
SRR6654923,7965
SRR11590410,114283
ERR1374849,2776
SRR15813416,437659
ERR1730667,35456
SRR1593717,2879090
SRR6231894,1773010
SRR11040638,298689
SRR1554483,680644
SRR19571663,131011
ERR1888433,165238
ERR959763,5658
ERR1407631,21370
SRR6469866,125114
ERR1252167,15798
SRR12194873,264829
SRR8787786,11509
SRR998884,31047
ERR1415390,84166
SRR11427329,227004
SRR17077502,540093
SRR5893159,46493
ERR1730735,10560
SRR5921062,521397
SRR9198753,9204
ERR1888451,406088
SRR6289825,65454
ERR1374470,11428
SRR10887447,501390
ERR590719,34722
ERR1374264,13602
ERR1821864,23850
SRR8784494,17483
SRR15242033,1045614
SRR5810675,12523150
ERR1475805,44308
SRR15964628,72270
SRR11303344,106
ERR1124586,323324
SRR12708443,484032
SRR6250179,153046
ERR1475814,31026
ERR2723862,42348
SRR8244092,159478
SRR1871974,16
ERR1374729,10878
SRR10126175,14706
SRR7989638,1716883
ERR4132490,205214
ERR999387,1236
ERR1475497,31690
SRR12661735,33345
ERR1407536,116
SRR5599691,280902
SRR9207173,160254
SRR10151766,34604
ERR959706,67088
SRR12661531,36836
ERR871323,285544
SRR13693858,407018
SRR9198938,15122
SRR16298978,10691
ERR1621631,31424
ERR871465,84024
SRR12610268,177018
SRR8883700,338988
ERR4091982,230000
SRR14935606,6639274
SRR1872490,76382
SRR6654906,6487
ERR1099500,103548
ERR1373517,22562
SRR6654637,12823
SRR11302997,51
ERR998214,608
ERR960271,2
SRR6039674,297453
ERR1620572,132350
SRR17259777,1697080
SRR17604951,75171
SRR5893092,28651
SRR17745578,5184
SRR11773522,123987
ERR1427264,961212
SRR11427438,178646
SRR21420707,200690
ERR1888227,126708
SRR15048118,506840
ERR1099407,82384
ERR1374706,8824
SRR9312973,122502
ERR1891687,55316
SRR6654828,15569
SRR7905398,102834
SRR21177743,180668
SRR13705396,186908
ERR1427120,863592
SRR8928877,57266
ERR1427208,705044
SRR8928867,6730
ERR2154790,11408
ERR755711,264194
SRR10151683,88442
SRR21782742,269372
SRR5119936,67417
SRR1872975,8382
SRR959332,60303
SRR6268150,141725
SRR16299372,8438
ERR659886,62258
SRR392967,52842
SRR15204078,192877
ERR1888972,168786
ERR1730812,18042
ERR1475591,21024
SRR6494603,754506
ERR949643,158
ERR1374546,9332
ERR1662951,460116
ERR1442665,13562
ERR1426759,182560
SRR15857970,597455
SRR1872234,72
SRR12774378,194381
SRR5125792,824924
ERR1124643,471004
SRR7268919,115024
ERR1215791,189876
ERR1373668,55906
ERR1889116,173208
ERR2722987,50810
SRR6654508,23795
ERR1396985,156752
SRR16183162,624942
ERR1124452,518272
SRR11214422,436608
ERR596594,48640
SRR13376248,380250
SRR10070772,204708
ERR1215976,124678
ERR1757458,8374
ERR1204593,136072
SRR13979094,3131077
ERR1252040,16698
ERR1124670,362608
SRR11090043,45404
SRR12037321,12587
SRR16299531,31746
ERR1289932,186342
ERR1218463,216500
ERR2723935,26358
SRR8173225,9746632
SRR6654868,20754
ERR1888297,111144
ERR2723303,203072
SRR10887509,200050
ERR1396826,6694
ERR1889552,205626
ERR1108120,343918
ERR1251922,14488
SRR15390210,2194426
SRR1714472,1676546
ERR1108038,108174
SRR13011479,449386
SRR13848221,149661
ERR959563,614
SRR8922971,236380
ERR1374553,20572
SRR11303193,46
SRR1872587,36
ERR1415367,90712
SRR6297667,974258
SRR12125396,34740
SRR6250297,40474
SRR7905373,4594462
ERR2723134,41118
ERR1816539,29984
ERR1108727,212166
SRR8787671,2992796
SRR19364721,1404324
SRR13297045,618870
SRR6249959,44678
SRR11303065,74
SRR6654236,10214
ERR569558,1360
SRR3679524,349846
ERR999378,428
ERR1889806,60108
ERR2723304,236372
SRR1872035,17236
SRR8926594,190374
SRR7662010,25004
SRR16604667,706202
SRR13234646,25753
ERR738291,65428
ERR1108094,241776
SRR6469436,52714
ERR022482,218556
SRR12103777,479078
SRR1146617,1684138
SRR11851895,546349
SRR10126115,28703
SRR10887475,281676
ERR998307,35016
SRR12070742,26808594
SRR19571667,100908
SRR8377216,391658
SRR11302363,369
ERR1594693,266574
SRR5810717,744
SRR8106596,19472
ERR949645,96
ERR667587,38464
SRR3381763,374828
SRR7419834,61377
ERR1374507,18410
SRR11427292,527368
ERR960786,1802
SRR18220768,57966
SRR22404865,190460
ERR1204324,198790
ERR1427385,1020128
ERR998228,69978
ERR958804,16038
ERR1427343,1072984
SRR12661693,261473
ERR958967,982
ERR853725,47674
ERR667530,48724
SRR21518685,3737224
SRR13729827,172854
ERR1108791,175158
SRR17547527,30221
SRR6655176,24608
SRR1872362,24230
SRR1785165,646755
ERR1252120,17746
ERR1122738,206140
SRR870832,146599
SRR6469051,57768
ERR1395877,35174
SRR8552542,37036
SRR9674282,124344
SRR17642810,446847
SRR3381752,215512
ERR863494,28922
SRR7268960,178540
ERR1410184,54528
SRR10151699,33726
ERR1124994,109336
SRR7119793,720188
SRR1872817,18902
SRR11302788,557
SRR6250237,88702
SRR9674300,154844
ERR961003,518
SRR19641887,410952
ERR1426953,738978
SRR13528188,1005908
ERR999299,164
ERR2723508,170738
ERR716881,104642
ERR959714,828
ERR1215981,151872
ERR1730551,21724
ERR959735,98378
SRR12661690,43207
ERR958782,5848
ERR697963,88650
ERR1373588,48484
SRR9974562,119714
ERR1757735,15530
ERR1757484,21770
ERR2146912,358796
SRR7789530,9087
ERR960944,1080
ERR1888259,23058
ERR492358,51828
SRR7089629,1178202
ERR1757436,18374
ERR1252025,14532
SRR1039876,649229
ERR1857989,31500
ERR780282,119562
ERR1408805,696
ERR780032,67264
SRR12037398,22017
ERR853511,42062
ERR1099518,172936
ERR1099563,113334
ERR1124826,702630
SRR6469821,52720
ERR1374435,1910
SRR2145844,106430
SRR1062493,37722
ERR1414909,79514
SRR4017374,1240882
ERR517896,50098
SRR5837492,235568
SRR8787672,15989930
SRR8784161,413863
ERR1621637,1484
SRR7419883,48597
ERR718636,131274
ERR1816567,17742
SRR1872078,32158
SRR6249965,55656
SRR7410390,123312
ERR1821910,24078
SRR12340470,1064992
SRR10863058,296152
SRR18927207,49112
ERR1427119,719098
SRR22260536,4757470
ERR517962,64178
ERR998107,138
SRR9198748,7719
SRR1205157,201426
ERR411481,268254
ERR1821989,25320
ERR960638,24316
ERR1889002,456658
SRR17714684,214946
ERR1373633,47514
ERR1891720,70504
ERR1373689,74896
ERR1889034,77766
SRR9608473,1122950
ERR1889077,163250
SRR10836778,266976
ERR1475515,32982
ERR1692573,46480
SRR5810903,1350
SRR7410404,145732
SRR1871975,38156
SRR5006026,1458020
SRR1427468,27476
SRR516121,347815
SRR15600922,58220
SRR535978,12369
SRR6469841,82768
SRR2567895,87268
SRR7535425,45943
ERR1888295,103212
ERR962986,484
ERR854864,146664
SRR7699141,236676
SRR8706251,2283498
SRR6890893,251827
ERR1889054,323850
SRR15204060,183680
ERR1122759,101432
SRR1872617,50
ERR1204482,147440
SRR2067887,332244
ERR1124542,561210
ERR1099494,154760
SRR5810940,7184
ERR1857866,31174
ERR960520,3746
SRR038624,147153
SRR11302627,117
SRR3923681,91659
ERR1216937,775090
ERR998306,158
SRR17547525,30948
SRR3207418,282920
SRR13181546,409286
SRR8305627,972711
ERR525355,65162
SRR10017648,738200
ERR1730738,22026
ERR4648710,99214
SRR10151883,37470
SRR6468762,84522
SRR13594979,5064
ERR10368635,367710
SRR23085090,299126
ERR1397002,8306
SRR6289735,89494
SRR11862874,607742
SRR9674320,145454
ERR1415193,53702
SRR12194880,453810
ERR1821732,36858
ERR960309,1444706
SRR1062547,32291
SRR6250195,111090
SRR5125628,215988
SRR18042676,171330
SRR11114779,380030
SRR2751041,310729
ERR517859,70014
SRR15831085,344284
ERR1124510,381020
SRR12436806,24586
ERR960625,8516
SRR23060057,455516
ERR1888980,103860
ERR959036,6848
SRR7162663,72299
ERR1416178,62908
ERR1107998,187372
ERR1216162,120840
SRR7641841,1266042
ERR2723627,317650
SRR7268949,167268
SRR16299534,9330
SRR2834977,75682
ERR1215699,274
SRR6814886,223456
ERR1395942,2948
SRR12037457,16663
SRR10151987,72554
SRR12125416,23576
ERR1396910,2198
ERR1216938,759306
SRR17219917,6775
SRR5818006,165262
SRR14993670,258432
ERR1069128,439950
ERR1730710,31460
SRR8244072,122774
SRR9728747,556890
ERR1108055,144294
SRR10126238,12736
ERR3909550,146635
SRR6469613,126218
SRR12194857,390592
ERR3446769,71556
ERR2723893,30384
ERR1373505,28198
SRR17349050,184198
ERR2723324,234730
SRR8106375,23584
SRR6469041,70816
SRR6655140,18231
SRR8182170,403198
SRR5482144,803630
SRR7613128,300321
ERR1620543,452040
SRR17714689,429692
SRR11856748,229986
SRR6176649,2278430
SRR1554480,2489532
ERR1099398,153694
SRR5810753,144
SRR11303213,25
SRR15348415,2077552
ERR926027,170
ERR1442619,16038
SRR10126202,9898
SRR9207182,96270
ERR1408842,93788
ERR1889186,65844
ERR1426810,119922
ERR697894,38202
SRR7801946,415198
SRR15036086,383565
SRR6289814,88762
SRR7268937,133416
SRR7410348,260272
SRR8106522,36370
SRR5810700,2304
ERR1108515,348568
ERR667525,43664
ERR1204459,375406
SRR11302546,45
SRR7264596,10322340
SRR1872576,42
ERR1215563,34
ERR1889615,175834
SRR7789598,10810
SRR13697044,433294
SRR11267511,319832
SRR12356846,242264
SRR6654350,106469
SRR12661579,90687
ERR1442861,16820
ERR1396944,962
SRR2136169,119608
ERR1821818,21818
SRR18220782,43140
SRR15498153,105819
ERR1415020,60838
SRR11855601,397232
ERR853756,43606
ERR1415014,94
ERR1203489,89298
ERR667452,29092
SRR12436786,49937
SRR10070844,58722
ERR960937,72
ERR960450,16788
ERR1475836,33504
SRR16905279,1232682
SRR17219965,8730
SRR6072796,297058
ERR998182,1118
ERR1216427,104826
SRR11303278,141
SRR22968683,177608
ERR1442661,13076
ERR1407612,21356
SRR12070787,20835178
SRR11427269,728244
SRR9604615,26812
ERR959113,3158
ERR202602,5532
SRR12037363,72140
SRR870775,116513
ERR492350,72298
ERR1442842,12926
SRR9674298,116124
SRR6268158,138682
ERR1821565,23398
SRR12628234,715838
SRR6654517,20445
SRR6469858,132238
SRR6268201,347384
ERR667514,26716
ERR1099464,371694
ERR854831,81386
ERR998234,40
ERR960981,736
SRR14924000,45001
SRR5639260,1636806
ERR960417,38
ERR1442684,15798
SRR5115718,209905
ERR1374645,2492
SRR6132694,54326
SRR6654284,26842
SRR7905377,2612482
SRR8106324,135080
ERR1475837,20122
SRR19762954,147380
SRR11186469,1426598
ERR1416020,27008
ERR1821884,19654
SRR5127978,127068
SRR8377232,52
ERR1888341,718996
ERR1475692,30608
ERR999293,142
SRR22129108,744608
SRR6469103,58322
SRR15831089,260282
ERR998185,48274
SRR5952027,4871166
ERR1374515,13926
SRR8936998,1314486
SRR16299181,8763
ERR1427160,1039002
ERR1889404,155762
ERR1888732,543616
SRR870894,143021
SRR6132699,52104
SRR18267571,36118
SRR8106715,192686
SRR1872459,24944
SRR12890228,457168
ERR1416187,72432
SRR10151805,11592
ERR2723115,34772
ERR1857999,31974
ERR738286,85968
SRR11420472,1156678
SRR20002719,144434
ERR1374695,13722
SRR11214387,166077
SRR15048112,79942
ERR697849,49678
SRR3098582,888536
SRR18534001,217340
ERR1415262,57746
SRR9198991,10821
ERR1373473,19168
SRR6908697,1146884
SRR22437983,223962
SRR11302386,41
ERR999571,37304
SRR12194835,647454
SRR1062695,20221
SRR10151719,32164
SRR14326890,34522
SRR6468893,172
SRR8591740,1574842
SRR20002725,118681
SRR9050629,393397
ERR477370,67822
SRR8354695,36565
SRR22018589,243640
SRR16964681,432068
ERR999232,63092
ERR960423,4266
SRR6025580,9021514
SRR6469189,83610
SRR11016376,163770
SRR6494599,559164
ERR1204255,110690
SRR17400079,180944
SRR9198638,11121
ERR1821495,23100
SRR6469348,97564
SRR6654261,16187
SRR1872700,20918
ERR1124800,254262
SRR8106562,45990
ERR1857675,27798
SRR18056677,373520
ERR1374456,5412
ERR1108803,156116
ERR1124527,335184
ERR1122792,110264
SRR11039806,180135
ERR1692469,67496
SRR10126112,52212
SRR6268100,39806
SRR11303352,78
ERR1757622,23700
ERR4691985,125905
SRR7905369,2268844
SRR11540942,390310
SRR11186409,544812
ERR1395859,84
SRR10070820,226152
SRR2750986,397757
ERR1475599,23026
SRR8787691,10840019
SRR9849853,3750198
SRR1872053,56
SRR13376246,307934
ERR1216741,22828
ERR1821913,22898
SRR10532693,252380
SRR10117563,217316
ERR1888613,230232
SRR5822000,132641
ERR273888,126024
ERR1889849,116510
SRR519735,3656992
SRR18220774,23256
SRR12474631,269636
ERR2723271,112628
ERR1857594,27796
ERR1415247,76386
ERR1415198,53362
ERR1203511,184544
SRR11303272,102
SRR9182361,420112
ERR999188,48050
SRR6289732,88940
SRR5893133,64490
ERR1821785,22900
ERR232349,849038
ERR1889410,57294
SRR1062659,19619
SRR658540,472562
SRR11302780,85
ERR1373657,16014
ERR1427047,852292
ERR2723527,118350
SRR18042686,158000
ERR1205278,562
ERR960664,4386
ERR689865,83812
ERR232298,109450
SRR10127664,197114
ERR998174,108
ERR755689,226598
SRR1062679,19369
SRR10974117,64482
SRR11140710,185838
SRR11427250,439570
ERR1891638,69918
SRR580562,88577
SRR16530663,259190
ERR1252186,17054
SRR6250226,73202
SRR9875024,26214
SRR1872606,71554
ERR925764,160
ERR1252046,15296
ERR659961,97314
ERR1415261,64582
SRR3231359,109931
ERR1108223,135184
SRR6250192,85666
SRR18097959,948508
ERR1426898,598672
SRR6468745,57290
ERR998235,100810
SRR21966422,164630
SRR11302874,77
ERR1475731,41818
ERR1427306,1138260
SRR8787633,50530
ERR1757496,23296
ERR1374268,4202
SRR1872696,13926
ERR1373582,58632
ERR1427278,1155994
SRR6289741,94052
SRR748490,458050
ERR2723475,91096
ERR1757569,21016
SRR6829417,1719154
ERR667595,34206
ERR959764,3738
ERR1821637,21942
SRR22404862,172278
ERR949666,210906
SRR13724921,895734
ERR1888133,27580
SRR13979106,1824965
SRR1872859,3308
ERR959718,3844
ERR411516,73376
SRR1062687,20563
SRR9879917,11376940
SRR7947902,7933546
ERR1124468,348844
ERR960526,648
SRR9198662,13852
ERR1215771,204994
ERR582868,362
SRR6654684,21455
ERR3446744,58272
SRR3228699,46971
ERR1374139,3480
ERR963173,46
SRR10511887,121084
ERR4968949,254224
SRR10436028,101705
SRR6250040,69672
ERR960245,7216
ERR1730664,32348
ERR1218483,174534
ERR1821855,23210
SRR3932207,198246
SRR10070590,168982
ERR4973562,49217
ERR871299,319292
SRR1062285,26907
ERR1205391,84
ERR1757598,7206
SRR8106395,27718
ERR582887,150
ERR1416141,44946
SRR1797770,161944
SRR10887508,378664
SRR1609739,252302
SRR11302375,138
SRR8928907,39484
SRR8883696,60624
SRR1062456,6736
SRR12134625,334178
ERR871490,126
ERR1218397,180720
ERR1216069,130260
ERR1426859,751550
SRR13729829,248286
ERR4648673,98926
ERR1475681,12738
ERR1204302,168944
SRR13011481,440802
SRR19671832,273962
SRR1872489,51482
SRR10126234,17907
SRR17547486,31865
ERR960562,5922
ERR1620587,281164
ERR959528,1880
SRR9198816,7962
ERR1216688,18692
ERR716911,117108
ERR279659,2023818
ERR1821653,23128
ERR960784,2226
ERR1706513,28764
SRR7410394,177904
SRR11039794,109630
DRR067140,284736
SRR1062759,96842
ERR1373499,26734
ERR2723521,145332
SRR1062701,20853
SRR1872349,21192
ERR1757512,23938
SRR6250241,95152
ERR1889671,139934
ERR1373431,22172
SRR8106506,720560
SRR14213377,706475
SRR12661634,43474
SRR10010375,105282
ERR853562,25460
ERR1889703,317866
SRR13076838,101766
SRR1872646,19028
ERR1124600,230856
SRR10151622,60958
SRR16299539,4311
SRR8106313,879040
SRR870811,133933
SRR6469409,71532
SRR12424275,290226
SRR11926641,118061
SRR12436778,51840
SRR6469853,864634
ERR1415250,85844
ERR1204571,116660
SRR11684016,10766
SRR3166962,37570
SRR23064377,248442
SRR870867,127649
SRR13998086,443480
ERR1475772,14092
SRR3932197,565966
ERR960289,2620
SRR14902686,258103
ERR1857764,6842
SRR16148348,246272
SRR12023702,861612
ERR1426921,898876
SRR11801333,159945
SRR1555515,2939
SRR6654538,17771
ERR1216352,172048
ERR7131138,569484
ERR1888855,122806
ERR1205369,52
ERR1125000,435706
ERR999214,42662
SRR7904993,280618
ERR1888314,204854
ERR1397085,1788
SRR10070782,96096
SRR10126160,18288
ERR1124531,679206
SRR4423753,106892
ERR1888589,31264
ERR1692567,57096
SRR9198786,15341
ERR959223,8260
SRR7244607,167612
SRR2089833,132836
SRR10070861,235688
ERR1108517,266154
SRR7410383,97035
SRR6829424,375152
SRR12661802,59551
SRR20869104,64421
ERR697889,39982
SRR14722564,572412
ERR1396955,51826
ERR1757641,10520
SRR8106586,19430
ERR689879,71450
SRR19846950,3178252
SRR18508140,535744
SRR7764538,852536
SRR6469591,4
SRR13646798,451332
ERR959822,2
ERR2146917,474732
ERR1889791,50948
ERR659833,63240
ERR1888392,355950
ERR1892056,94620
SRR11577260,44140
SRR5883565,378355
ERR525410,44670
ERR411639,78260
SRR1872549,98
SRR6814870,214610
SRR7299198,226644
SRR10550533,111358
SRR1555584,4283
ERR1416070,42838
SRR7699165,305823
ERR958916,24248
SRR6888831,478870
SRR18927201,50021
ERR1216581,29652
ERR271396,2604
SRR11302800,97
SRR18181444,778464
ERR2146898,776516
SRR13012319,865677
ERR958881,28414
ERR2723105,19676
ERR1407551,142
SRR5810741,224
ERR1888690,374546
SRR11585441,2337782
ERR738234,78396
SRR10070638,80708
SRR8784500,17503
SRR6250276,101994
ERR1407573,22304
SRR11114800,206106
ERR1289931,200090
SRR8298711,600576
SRR6654967,9597
SRR6798780,426596
ERR1442590,14106
SRR8526631,125304
SRR11862828,100562
ERR1205338,86
SRR3111314,207270
ERR1431997,37962
ERR780038,70142
SRR10753220,19060
SRR9875032,71018
SRR10070664,339334
SRR7749253,15505
ERR145639,206464
SRR11302992,56
SRR8787761,3651
ERR657535,61598
ERR1124971,603036
SRR5893082,652160
ERR1475629,26204
SRR11362971,266068
SRR10550560,86871
SRR6250059,117618
SRR16327296,175448
SRR7268933,140764
ERR1891671,63754
ERR960999,744
ERR853616,52126
SRR6469203,85874
ERR2154663,256040
SRR6466455,182660
ERR1426879,874560
ERR659892,98356
SRR8883746,218192
ERR1216429,125526
SRR6654263,21197
SRR11874797,87912
ERR1407641,27638
ERR1107916,117332
SRR10151932,31062
SRR1555504,1585
SRR12443353,271224
SRR5006030,2673238
ERR4140033,224837
ERR960711,312
SRR9849257,586116
SRR10126198,26623
SRR10151743,46530
SRR1062576,18072
ERR1122723,143082
SRR6020372,691748
ERR716813,158200
SRR10153641,359032
SRR10151792,74600
ERR999468,76132
ERR1821583,22500
SRR17218100,152260
SRR4241540,854648
ERR1204639,161136
ERR1374674,14620
SRR5482148,1208942
ERR1427227,689606
SRR7749225,16373
SRR13972066,60747
SRR8928757,167520
SRR13417608,476794
SRR6176710,128040
SRR13796902,1625314
ERR1108731,195252
SRR8106452,35408
ERR2722980,322354
SRR12356847,259998
SRR1062258,526256
ERR1620469,311778
ERR1204471,73880
ERR1216420,111230
SRR5270236,219461
SRR2968466,1451476
SRR13234620,309814
SRR8784150,335492
ERR1216717,124766
ERR2723428,198688
ERR959285,7462
SRR519752,1492268
ERR1252002,13708
ERR1889637,136978
ERR1374783,10548
SRR13339161,379774
SRR8883703,37548
SRR6654699,35689
SRR1062646,19356
ERR960698,4496
SRR8883738,117006
SRR13234611,902087
SRR13074860,20236
SRR8526647,138260
SRR870890,140014
SRR7297838,424994
SRR15910159,178162
SRR3381868,53020
SRR8106717,16180
SRR10753212,12678
ERR1427141,656842
SRR3470783,139893
ERR1888504,648256
ERR1216652,28596
SRR7662013,27539
SRR1872502,36
ERR697997,28632
SRR13319611,325734
SRR12060522,144796
SRR1035979,137426
ERR999349,103448
ERR667634,51968
SRR11302488,88
SRR16299547,7511
ERR1108050,167486
SRR6250164,76900
ERR960421,6110
SRR9875027,63980
ERR411469,210798
ERR960876,2920
ERR4844841,146818
SRR7909921,685752
ERR697858,32670
SRR6654651,12968
ERR1397071,12616
SRR13242476,25023
SRR1062323,107941
SRR835177,8368
SRR5163039,3338994
SRR14217683,77192
SRR13865265,125062
SRR13998080,1432996
SRR16299365,18650
ERR925747,250
SRR18063811,1001318
ERR596648,24726
ERR853629,47406
ERR1374345,6200
ERR1857708,31366
SRR10126048,18015
SRR13979069,703256
SRR17282600,258659
SRR19520283,2600882
ERR1621559,54532
ERR1888937,544328
SRR8135927,82442
SRR8784485,20212
ERR1215868,472
ERR1374622,1954
ERR1067175,219358
ERR1416163,70136
ERR949648,234
ERR1215950,197062
SRR1871997,23660
SRR12661585,82565
SRR6250001,122426
ERR411519,88186
SRR1049948,212862
SRR1565813,231306
SRR9622319,186758
SRR1039866,1099342
SRR870816,127999
ERR998317,38706
ERR1475716,58170
ERR1888850,31268
SRR5810921,1172
ERR959293,12130
SRR12492963,101069
SRR20651073,444654
SRR11700452,35964
SRR10151671,52210
SRR10126051,19183
ERR1757728,4240
SRR8787690,20297
SRR11777189,231905
SRR3381835,268768
ERR2723795,120160
SRR13011468,675346
ERR718635,110070
ERR959748,13748
SRR13938369,125626
SRR7268884,82132
SRR6250081,107766
ERR960994,266
SRR8106299,96930
SRR12661803,58852
SRR5810878,778
SRR3231355,12314138
SRR11213699,54948
SRR1872136,29598
ERR960152,12986
SRR6469750,118712
SRR19641859,660858
ERR959277,8230
SRR9058952,875738
SRR13074849,50903
ERR1124685,332394
ERR1215705,540
ERR1888797,38016
SRR17982190,13081726
SRR5820054,435006
SRR3923220,219049
SRR14923962,90249
SRR6468849,105458
SRR13115066,250184
ERR1757600,34304
ERR959082,1740
ERR999322,55152
SRR6170100,1499930
SRR2735239,568390
ERR716833,175370
DRR224541,595936
SRR12661846,74972
ERR573454,28334
ERR698007,85898
SRR6289773,61182
SRR12070808,24356750
SRR8293714,243506
ERR569543,1738
ERR1540915,178396
SRR6469153,115078
ERR1122735,181298
ERR2723846,48152
SRR10753265,14650
ERR1124544,416628
ERR1442604,13758
SRR6469413,64634
SRR8106425,46702
SRR11213694,75893
SRR11302617,207
ERR963156,106
SRR10151742,62710
ERR1442647,11392
ERR959557,1690
ERR960281,314
ERR1215602,352
SRR18305961,358566
SRR13238440,3170230
SRR8928816,25048
SRR6268048,6800
SRR18731941,154384
ERR3266378,27726
SRR11699724,274555
SRR6655294,4974
SRR17818762,883370
SRR9198770,11778
SRR9849198,291602
SRR5879411,118282
ERR4029242,691196
SRR5810874,510
ERR1124559,405302
SRR9050622,381250
SRR2835260,151374
SRR13181551,424214
SRR9962813,4374716
ERR1891708,60878
ERR1252091,17858
SRR12436768,124398
ERR1124897,524098
SRR4330939,393740
SRR1555506,1627
ERR667478,37020
SRR10125977,27767
SRR5381355,2139378
ERR780136,73832
SRR13998093,539326
ERR1124547,487932
ERR998450,32164
ERR1251993,20226
ERR871560,398
SRR6468835,97816
SRR6250308,106592
ERR1816530,22888
ERR1888840,76756
SRR6176718,123548
ERR202586,320
SRR9199023,15614
SRR4375175,2198636
ERR1397044,1044
SRR6237746,212279
ERR1857897,28290
ERR5858456,942263
SRR10040118,1208526
SRR3923670,103656
SRR1872791,23182
SRR6469136,95108
SRR13979101,817805
SRR6468838,75964
SRR8135935,1142664
ERR1888987,231192
SRR8914610,485384
ERR1415169,67668
ERR1216136,94770
SRR6250307,94444
SRR11080817,584070
SRR9674262,137992
ERR340756,150348
SRR6654800,32217
SRR870946,229176
SRR6811830,232791
SRR22018576,242840
ERR1427104,902348
SRR5235638,486108
SRR11777250,666136
SRR11540949,171193
ERR960127,1698
SRR11302796,77
SRR2125735,59494
ERR1099479,102610
ERR1426889,823454
ERR1397023,42318
SRR10151801,105794
SRR5163038,3025672
ERR780299,106642
SRR9850651,14596
SRR1872291,23784
SRR7419859,53268
ERR689795,82434
ERR1216367,120664
ERR759383,187240
ERR960215,686
SRR10868208,713704
ERR716714,59408
ERR1374122,1886
SRR14993664,218025
SRR12661662,55708
ERR667563,44996
SRR16299561,66471
SRR9198855,9780
SRR9198658,15551
SRR18192307,94352
ERR1416149,58586
SRR13015614,457242
ERR1888949,26318
SRR11185415,314288
SRR12661575,91676
SRR17267991,248174
SRR9849205,330880
ERR1442919,11616
ERR999364,76
SRR6268136,249022
SRR10126148,12663
ERR716752,154064
ERR1374725,15282
SRR12749598,378320
SRR6250176,67964
SRR393000,71480
SRR17731345,155714
ERR1821509,21028
SRR11186427,478286
SRR10151903,72608
SRR11302434,188
SRR7154545,35886
SRR15813435,134444
SRR8298671,475354
SRR6760977,654668
ERR3838754,147006
SRR11951233,145748
SRR11699721,228504
SRR13693862,618348
ERR3957802,334848
ERR1757387,31700
ERR1218435,136140
ERR1218309,185438
SRR10974070,63174
ERR1124922,106044
ERR1373509,32772
SRR12493015,147446
ERR2723249,31076
SRR16299482,15803
ERR999535,118416
SRR11302669,83
ERR1888863,1036
ERR667475,21860
ERR1427027,676516
SRR17642811,512217
SRR2087781,156058
SRR6250047,56030
SRR12070802,13334702
SRR17219953,7336
SRR11448257,214176
ERR1374824,2882
ERR582939,1540
SRR7749244,20169
ERR959051,508
SRR10136106,637942
SRR8293716,210252
SRR8106294,313598
SRR11303179,47
SRR12194805,610218
SRR10117572,245560
ERR2723971,35944
ERR1216307,150942
SRR18305957,915912
SRR6477203,838496
SRR1167763,604830
ERR1415113,60040
SRR15910172,166716
SRR1872674,18836
SRR22129124,1104534
SRR6654260,22680
ERR1099457,136434
SRR6654986,10959
ERR968116,808
ERR4968946,273608
SRR8106398,21520
SRR15964630,181190
ERR1204627,125858
SRR21831671,577840
ERR2146908,657524
ERR1888985,78248
ERR232321,2638670
ERR1858055,25100
ERR1216922,627354
SRR1555581,6083
SRR3381820,468366
ERR2146906,222708
SRR6469870,38300
ERR1108170,126526
SRR1062198,18877
ERR1857586,29314
SRR15691866,47930
SRR6268078,5205
ERR4902959,373318
ERR667431,38434
SRR12436816,48882
SRR7886638,1075566
SRR11427309,200226
SRR6469555,90540
ERR1427366,870440
ERR3489873,69521
SRR10344671,102519
SRR8784492,10460
SRR13724912,925150
SRR13697048,1074302
ERR1757652,20812
SRR10126084,9278
SRR6654761,16004
SRR13724959,1397328
SRR1039869,2703616
ERR1373768,37046
ERR2723643,7128
SRR11303010,61
SRR17689311,155752
ERR1215822,197016
SRR4017372,146092
SRR3679536,344876
SRR8784496,10316
ERR1426973,669386
SRR14217720,116409
SRR6289657,240951
SRR6469873,121252
ERR525356,51204
SRR6289809,66738
SRR8888291,578522
ERR1889549,64334
ERR1858010,26870
SRR6176686,71739
SRR2834957,124972
SRR10321286,13528
SRR7789523,11130
SRR5398203,226168
SRR5626508,216336
SRR11303364,164
ERR1215561,56
SRR8377237,28676
SRR6469662,166294
ERR1205390,40
SRR5921157,383121
SRR997329,1132546
SRR14924006,25992
ERR1416176,73008
ERR1426831,130242
ERR667388,43424
SRR7444114,470338
SRR12194795,460664
ERR1218374,122814
SRR7789543,10463
ERR1416192,60688
ERR1216366,133272
SRR6039681,1024619
ERR2154763,25436
ERR1374359,2726
SRR959362,29914
ERR1821624,21764
SRR9674258,133748
SRR12201914,296144
ERR960241,8130
SRR11926621,138496
SRR8591736,787898
ERR1858072,25422
ERR999351,91318
SRR13839919,346928
SRR13796920,1965276
ERR1374522,16814
ERR1475797,23248
SRR12037406,20338
SRR10151713,50524
SRR8169176,178230
SRR11302458,147
ERR1397005,6720
SRR7892000,52886
ERR960258,2148
SRR8305634,553813
SRR6469313,64392
ERR2862350,1842802
ERR202580,480
ERR1122801,153770
SRR8928825,10972
SRR13912630,389586
ERR1204307,228142
ERR738284,71634
SRR12194897,297790
ERR1410179,44326
ERR853540,50980
ERR1427370,472988
SRR2750994,340367
SRR16676623,289306
SRR9211504,180940
SRR11140715,210885
SRR12464090,280506
SRR9974570,104899
SRR10753259,16332
SRR6468851,88534
SRR8135946,527346
SRR6268202,961210
ERR1427389,429204
SRR957180,513752
SRR8788697,1696116
SRR21228034,324992
SRR7268844,97932
SRR6215418,396844
SRR10230303,357717
ERR1888743,330564
SRR11214377,530874
SRR15427703,664458
SRR6921820,231124
ERR10368637,704942
ERR1620526,264584
SRR6313721,1345174
SRR1524242,2229412
SRR15100864,5887486
SRR2735245,487624
SRR12194806,611218
SRR3420369,1528442
ERR1205364,74
SRR5125779,1039854
ERR1216920,1227516
ERR1888543,639294
SRR13238432,15434754
SRR21518665,7188526
SRR11293497,1288686
SRR19661770,818124
SRR12831467,1585616
ERR1427169,1209184
SRR6410932,940884
ERR1889812,177486
SRR5017071,3438529
SRR19846953,2908920
SRR3111316,16097084
SRR8914611,1625922
SRR9849857,2638824
SRR11601820,3729822
SRR11684038,16435556
SRR2422942,3383608
SRR11185423,2371266
SRR7947911,9327295
SRR12070754,23060654
SRR7942629,43226112
SRR12070726,29029424
SRR8937006,38381322
SRR15900247,7678122
SRR15376943,4721342
SRR12070730,29168322
SRR8787693,23172326
SRR11806491,11080954
SRR6020338,49755434
SRR6039227,9973796
SRR7264591,47106271
SRR12070736,23149860
SRR8787697,12941998
SRR7264569,77116813
SRR6020435,21328108
SRR9609654,160687112
SRR6163071,26197912
SRR5810673,25708014
SRR22825759,15061230
SRR7905408,17468704
SRR7942633,57675054
SRR10182213,187740780
SRR7264570,67072016
SRR8663323,36756866
SRR8663322,44468166
SRR8663325,77085286
SRR8663332,75403732
SRR7942627,77705088
SRR7942632,51221632
SRR6020316,75476454
SRR10182209,177690940
SRR7942628,104517482
SRR7942626,184516990
